▲ Next.js 16.2.6 (Turbopack)
- Local:         http://localhost:3000
- Network:       http://0.0.0.0:3000
- Environments: .env
✓ Ready in 428ms
⚠ The "middleware" file convention is deprecated. Please use "proxy" instead. Learn more: https://nextjs.org/docs/messages/middleware-to-proxy

(node:96786) [DEP0205] DeprecationWarning: `module.register()` is deprecated. Use `module.registerHooks()` instead.
(Use `node --trace-deprecation ...` to show where the warning was created)
 GET /login 200 in 551ms (next.js: 189ms, proxy.ts: 120ms, application-code: 242ms)
 GET / 307 in 327ms (next.js: 68ms, proxy.ts: 10ms, application-code: 250ms)
 GET /login 200 in 68ms (next.js: 6ms, proxy.ts: 9ms, application-code: 53ms)
 GET / 307 in 76ms (next.js: 4ms, proxy.ts: 6ms, application-code: 66ms)
 GET /login 200 in 59ms (next.js: 4ms, proxy.ts: 5ms, application-code: 50ms)
 GET /login 200 in 480ms (next.js: 33ms, proxy.ts: 47ms, application-code: 400ms)
 GET /register 200 in 381ms (next.js: 49ms, proxy.ts: 26ms, application-code: 306ms)
 GET /register 200 in 381ms (next.js: 94ms, proxy.ts: 22ms, application-code: 266ms)
 GET /login?callbackUrl=%2Fdashboard 200 in 386ms (next.js: 152ms, proxy.ts: 16ms, application-code: 218ms)
 GET /api/auth/session 200 in 579ms (proxy.ts: 10ms)
 GET /api/auth/session 200 in 567ms (proxy.ts: 217ms)
 GET /api/auth/session 200 in 1213ms (next.js: 1146ms, proxy.ts: 9ms, application-code: 57ms)
 GET /api/auth/session 200 in 1214ms (next.js: 1145ms, proxy.ts: 9ms, application-code: 60ms)
 GET /api/auth/session 200 in 545ms (next.js: 510ms, proxy.ts: 19ms, application-code: 16ms)
prisma:query SELECT "public"."User"."id", "public"."User"."name", "public"."User"."email", "public"."User"."emailVerified", "public"."User"."passwordHash", "public"."User"."image", "public"."User"."createdAt", "public"."User"."updatedAt" FROM "public"."User" WHERE ("public"."User"."email" = $1 AND 1=1) LIMIT $2 OFFSET $3
 GET /dashboard 200 in 1721ms (next.js: 85ms, proxy.ts: 47ms, application-code: 1588ms)
prisma:query INSERT INTO "public"."User" ("id","name","email","passwordHash","createdAt","updatedAt") VALUES ($1,$2,$3,$4,$5,$6) RETURNING "public"."User"."id", "public"."User"."email", "public"."User"."name", "public"."User"."createdAt"
 GET /dashboard 200 in 1904ms (next.js: 11ms, proxy.ts: 238ms, application-code: 1655ms)
prisma:query SELECT "public"."Category"."id", "public"."Category"."name", "public"."Category"."nameFa", "public"."Category"."icon", "public"."Category"."color", "public"."Category"."type"::text, "public"."Category"."isDefault", "public"."Category"."userId", "public"."Category"."createdAt", "public"."Category"."updatedAt" FROM "public"."Category" WHERE ("public"."Category"."name" = $1 AND "public"."Category"."userId" = $2) LIMIT $3 OFFSET $4
prisma:query INSERT INTO "public"."Category" ("id","name","nameFa","icon","color","type","isDefault","userId","createdAt","updatedAt") VALUES ($1,$2,$3,$4,$5,CAST($6::text AS "public"."TransactionType"),$7,$8,$9,$10) RETURNING "public"."Category"."id", "public"."Category"."name", "public"."Category"."nameFa", "public"."Category"."icon", "public"."Category"."color", "public"."Category"."type"::text, "public"."Category"."isDefault", "public"."Category"."userId", "public"."Category"."createdAt", "public"."Category"."updatedAt"
prisma:query SELECT "public"."Category"."id", "public"."Category"."name", "public"."Category"."nameFa", "public"."Category"."icon", "public"."Category"."color", "public"."Category"."type"::text, "public"."Category"."isDefault", "public"."Category"."userId", "public"."Category"."createdAt", "public"."Category"."updatedAt" FROM "public"."Category" WHERE ("public"."Category"."name" = $1 AND "public"."Category"."userId" = $2) LIMIT $3 OFFSET $4
prisma:query INSERT INTO "public"."Category" ("id","name","nameFa","icon","color","type","isDefault","userId","createdAt","updatedAt") VALUES ($1,$2,$3,$4,$5,CAST($6::text AS "public"."TransactionType"),$7,$8,$9,$10) RETURNING "public"."Category"."id", "public"."Category"."name", "public"."Category"."nameFa", "public"."Category"."icon", "public"."Category"."color", "public"."Category"."type"::text, "public"."Category"."isDefault", "public"."Category"."userId", "public"."Category"."createdAt", "public"."Category"."updatedAt"
prisma:query SELECT "public"."Category"."id", "public"."Category"."name", "public"."Category"."nameFa", "public"."Category"."icon", "public"."Category"."color", "public"."Category"."type"::text, "public"."Category"."isDefault", "public"."Category"."userId", "public"."Category"."createdAt", "public"."Category"."updatedAt" FROM "public"."Category" WHERE ("public"."Category"."name" = $1 AND "public"."Category"."userId" = $2) LIMIT $3 OFFSET $4
prisma:query INSERT INTO "public"."Category" ("id","name","nameFa","icon","color","type","isDefault","userId","createdAt","updatedAt") VALUES ($1,$2,$3,$4,$5,CAST($6::text AS "public"."TransactionType"),$7,$8,$9,$10) RETURNING "public"."Category"."id", "public"."Category"."name", "public"."Category"."nameFa", "public"."Category"."icon", "public"."Category"."color", "public"."Category"."type"::text, "public"."Category"."isDefault", "public"."Category"."userId", "public"."Category"."createdAt", "public"."Category"."updatedAt"
prisma:query SELECT "public"."Category"."id", "public"."Category"."name", "public"."Category"."nameFa", "public"."Category"."icon", "public"."Category"."color", "public"."Category"."type"::text, "public"."Category"."isDefault", "public"."Category"."userId", "public"."Category"."createdAt", "public"."Category"."updatedAt" FROM "public"."Category" WHERE ("public"."Category"."name" = $1 AND "public"."Category"."userId" = $2) LIMIT $3 OFFSET $4
prisma:query INSERT INTO "public"."Category" ("id","name","nameFa","icon","color","type","isDefault","userId","createdAt","updatedAt") VALUES ($1,$2,$3,$4,$5,CAST($6::text AS "public"."TransactionType"),$7,$8,$9,$10) RETURNING "public"."Category"."id", "public"."Category"."name", "public"."Category"."nameFa", "public"."Category"."icon", "public"."Category"."color", "public"."Category"."type"::text, "public"."Category"."isDefault", "public"."Category"."userId", "public"."Category"."createdAt", "public"."Category"."updatedAt"
prisma:query SELECT "public"."Category"."id", "public"."Category"."name", "public"."Category"."nameFa", "public"."Category"."icon", "public"."Category"."color", "public"."Category"."type"::text, "public"."Category"."isDefault", "public"."Category"."userId", "public"."Category"."createdAt", "public"."Category"."updatedAt" FROM "public"."Category" WHERE ("public"."Category"."name" = $1 AND "public"."Category"."userId" = $2) LIMIT $3 OFFSET $4
prisma:query INSERT INTO "public"."Category" ("id","name","nameFa","icon","color","type","isDefault","userId","createdAt","updatedAt") VALUES ($1,$2,$3,$4,$5,CAST($6::text AS "public"."TransactionType"),$7,$8,$9,$10) RETURNING "public"."Category"."id", "public"."Category"."name", "public"."Category"."nameFa", "public"."Category"."icon", "public"."Category"."color", "public"."Category"."type"::text, "public"."Category"."isDefault", "public"."Category"."userId", "public"."Category"."createdAt", "public"."Category"."updatedAt"
prisma:query SELECT "public"."Category"."id", "public"."Category"."name", "public"."Category"."nameFa", "public"."Category"."icon", "public"."Category"."color", "public"."Category"."type"::text, "public"."Category"."isDefault", "public"."Category"."userId", "public"."Category"."createdAt", "public"."Category"."updatedAt" FROM "public"."Category" WHERE ("public"."Category"."name" = $1 AND "public"."Category"."userId" = $2) LIMIT $3 OFFSET $4
prisma:query INSERT INTO "public"."Category" ("id","name","nameFa","icon","color","type","isDefault","userId","createdAt","updatedAt") VALUES ($1,$2,$3,$4,$5,CAST($6::text AS "public"."TransactionType"),$7,$8,$9,$10) RETURNING "public"."Category"."id", "public"."Category"."name", "public"."Category"."nameFa", "public"."Category"."icon", "public"."Category"."color", "public"."Category"."type"::text, "public"."Category"."isDefault", "public"."Category"."userId", "public"."Category"."createdAt", "public"."Category"."updatedAt"
prisma:query SELECT "public"."Category"."id", "public"."Category"."name", "public"."Category"."nameFa", "public"."Category"."icon", "public"."Category"."color", "public"."Category"."type"::text, "public"."Category"."isDefault", "public"."Category"."userId", "public"."Category"."createdAt", "public"."Category"."updatedAt" FROM "public"."Category" WHERE ("public"."Category"."name" = $1 AND "public"."Category"."userId" = $2) LIMIT $3 OFFSET $4
prisma:query INSERT INTO "public"."Category" ("id","name","nameFa","icon","color","type","isDefault","userId","createdAt","updatedAt") VALUES ($1,$2,$3,$4,$5,CAST($6::text AS "public"."TransactionType"),$7,$8,$9,$10) RETURNING "public"."Category"."id", "public"."Category"."name", "public"."Category"."nameFa", "public"."Category"."icon", "public"."Category"."color", "public"."Category"."type"::text, "public"."Category"."isDefault", "public"."Category"."userId", "public"."Category"."createdAt", "public"."Category"."updatedAt"
prisma:query SELECT "public"."Category"."id", "public"."Category"."name", "public"."Category"."nameFa", "public"."Category"."icon", "public"."Category"."color", "public"."Category"."type"::text, "public"."Category"."isDefault", "public"."Category"."userId", "public"."Category"."createdAt", "public"."Category"."updatedAt" FROM "public"."Category" WHERE ("public"."Category"."name" = $1 AND "public"."Category"."userId" = $2) LIMIT $3 OFFSET $4
prisma:query INSERT INTO "public"."Category" ("id","name","nameFa","icon","color","type","isDefault","userId","createdAt","updatedAt") VALUES ($1,$2,$3,$4,$5,CAST($6::text AS "public"."TransactionType"),$7,$8,$9,$10) RETURNING "public"."Category"."id", "public"."Category"."name", "public"."Category"."nameFa", "public"."Category"."icon", "public"."Category"."color", "public"."Category"."type"::text, "public"."Category"."isDefault", "public"."Category"."userId", "public"."Category"."createdAt", "public"."Category"."updatedAt"
prisma:query SELECT "public"."Category"."id", "public"."Category"."name", "public"."Category"."nameFa", "public"."Category"."icon", "public"."Category"."color", "public"."Category"."type"::text, "public"."Category"."isDefault", "public"."Category"."userId", "public"."Category"."createdAt", "public"."Category"."updatedAt" FROM "public"."Category" WHERE ("public"."Category"."name" = $1 AND "public"."Category"."userId" = $2) LIMIT $3 OFFSET $4
prisma:query INSERT INTO "public"."Category" ("id","name","nameFa","icon","color","type","isDefault","userId","createdAt","updatedAt") VALUES ($1,$2,$3,$4,$5,CAST($6::text AS "public"."TransactionType"),$7,$8,$9,$10) RETURNING "public"."Category"."id", "public"."Category"."name", "public"."Category"."nameFa", "public"."Category"."icon", "public"."Category"."color", "public"."Category"."type"::text, "public"."Category"."isDefault", "public"."Category"."userId", "public"."Category"."createdAt", "public"."Category"."updatedAt"
prisma:query SELECT "public"."Category"."id", "public"."Category"."name", "public"."Category"."nameFa", "public"."Category"."icon", "public"."Category"."color", "public"."Category"."type"::text, "public"."Category"."isDefault", "public"."Category"."userId", "public"."Category"."createdAt", "public"."Category"."updatedAt" FROM "public"."Category" WHERE ("public"."Category"."name" = $1 AND "public"."Category"."userId" = $2) LIMIT $3 OFFSET $4
prisma:query INSERT INTO "public"."Category" ("id","name","nameFa","icon","color","type","isDefault","userId","createdAt","updatedAt") VALUES ($1,$2,$3,$4,$5,CAST($6::text AS "public"."TransactionType"),$7,$8,$9,$10) RETURNING "public"."Category"."id", "public"."Category"."name", "public"."Category"."nameFa", "public"."Category"."icon", "public"."Category"."color", "public"."Category"."type"::text, "public"."Category"."isDefault", "public"."Category"."userId", "public"."Category"."createdAt", "public"."Category"."updatedAt"
prisma:query SELECT "public"."Category"."id", "public"."Category"."name", "public"."Category"."nameFa", "public"."Category"."icon", "public"."Category"."color", "public"."Category"."type"::text, "public"."Category"."isDefault", "public"."Category"."userId", "public"."Category"."createdAt", "public"."Category"."updatedAt" FROM "public"."Category" WHERE ("public"."Category"."name" = $1 AND "public"."Category"."userId" = $2) LIMIT $3 OFFSET $4
prisma:query INSERT INTO "public"."Category" ("id","name","nameFa","icon","color","type","isDefault","userId","createdAt","updatedAt") VALUES ($1,$2,$3,$4,$5,CAST($6::text AS "public"."TransactionType"),$7,$8,$9,$10) RETURNING "public"."Category"."id", "public"."Category"."name", "public"."Category"."nameFa", "public"."Category"."icon", "public"."Category"."color", "public"."Category"."type"::text, "public"."Category"."isDefault", "public"."Category"."userId", "public"."Category"."createdAt", "public"."Category"."updatedAt"
 POST /api/auth/register 201 in 1681ms (next.js: 208ms, proxy.ts: 83ms, application-code: 1391ms)
 GET /dashboard 200 in 1057ms (next.js: 20ms, proxy.ts: 586ms, application-code: 451ms)
[10:57:49 UTC] [32mINFO[39m: [36mUser registered[39m
    [35mservice[39m: "finance-app"
    [35muserId[39m: "cmspz6p3j0000nuvsdkf32i25"
    [35memail[39m: "test1786532264868@example.com"
 GET /login?registered=true 200 in 107ms (next.js: 12ms, proxy.ts: 15ms, application-code: 80ms)
 GET /api/auth/session 200 in 393ms (next.js: 190ms, proxy.ts: 39ms, application-code: 164ms)
prisma:query SELECT SUM("amount") AS "_sum$amount", COUNT(*) AS "_count$_all" FROM (SELECT "public"."Transaction"."amount", "public"."Transaction"."id" FROM "public"."Transaction" WHERE ("public"."Transaction"."userId" = $1 AND "public"."Transaction"."type" = CAST($2::text AS "public"."TransactionType")) OFFSET $3) AS "sub"
 GET /dashboard/transactions 200 in 501ms (next.js: 59ms, proxy.ts: 227ms, application-code: 215ms)
prisma:query SELECT "public"."Transaction"."id", "public"."Transaction"."amount", "public"."Transaction"."type"::text, "public"."Transaction"."description", "public"."Transaction"."date", "public"."Transaction"."receiptUrl", "public"."Transaction"."userId", "public"."Transaction"."categoryId", "public"."Transaction"."createdAt", "public"."Transaction"."updatedAt" FROM "public"."Transaction" WHERE "public"."Transaction"."userId" = $1 ORDER BY "public"."Transaction"."date" DESC LIMIT $2 OFFSET $3
prisma:query SELECT SUM("amount") AS "_sum$amount", COUNT(*) AS "_count$_all" FROM (SELECT "public"."Transaction"."amount", "public"."Transaction"."id" FROM "public"."Transaction" WHERE ("public"."Transaction"."userId" = $1 AND "public"."Transaction"."type" = CAST($2::text AS "public"."TransactionType")) OFFSET $3) AS "sub"
prisma:query SELECT "public"."Category"."id", "public"."Category"."name", "public"."Category"."nameFa", "public"."Category"."icon", "public"."Category"."color" FROM "public"."Category" WHERE "public"."Category"."id" IN (NULL) OFFSET $1
prisma:query SELECT SUM("public"."Transaction"."amount") AS "_sum$amount", COUNT(*) AS "_count$_all", "public"."Transaction"."categoryId", "public"."Transaction"."type"::text FROM "public"."Transaction" WHERE "public"."Transaction"."userId" = $1 GROUP BY "public"."Transaction"."categoryId", "public"."Transaction"."type" ORDER BY SUM("public"."Transaction"."amount") DESC OFFSET $2
prisma:query SELECT SUM("amount") AS "_sum$amount", COUNT(*) AS "_count$_all" FROM (SELECT "public"."Transaction"."amount", "public"."Transaction"."id" FROM "public"."Transaction" WHERE ("public"."Transaction"."userId" = $1 AND "public"."Transaction"."type" = CAST($2::text AS "public"."TransactionType")) OFFSET $3) AS "sub"
prisma:query SELECT SUM("amount") AS "_sum$amount", COUNT(*) AS "_count$_all" FROM (SELECT "public"."Transaction"."amount", "public"."Transaction"."id" FROM "public"."Transaction" WHERE ("public"."Transaction"."userId" = $1 AND "public"."Transaction"."type" = CAST($2::text AS "public"."TransactionType")) OFFSET $3) AS "sub"
prisma:query SELECT "public"."Category"."id", "public"."Category"."name", "public"."Category"."nameFa", "public"."Category"."icon", "public"."Category"."color", "public"."Category"."type"::text FROM "public"."Category" WHERE ("public"."Category"."userId" = $1 OR "public"."Category"."userId" IS NULL) OFFSET $2
 GET /api/dashboard 200 in 732ms (next.js: 102ms, proxy.ts: 38ms, application-code: 593ms)
 GET /api/auth/session 200 in 632ms (next.js: 234ms, proxy.ts: 227ms, application-code: 171ms)
prisma:query SELECT "public"."Transaction"."id", "public"."Transaction"."amount", "public"."Transaction"."type"::text, "public"."Transaction"."description", "public"."Transaction"."date", "public"."Transaction"."receiptUrl", "public"."Transaction"."userId", "public"."Transaction"."categoryId", "public"."Transaction"."createdAt", "public"."Transaction"."updatedAt" FROM "public"."Transaction" WHERE "public"."Transaction"."userId" = $1 ORDER BY "public"."Transaction"."date" DESC LIMIT $2 OFFSET $3
prisma:query SELECT SUM("amount") AS "_sum$amount", COUNT(*) AS "_count$_all" FROM (SELECT "public"."Transaction"."amount", "public"."Transaction"."id" FROM "public"."Transaction" WHERE ("public"."Transaction"."userId" = $1 AND "public"."Transaction"."type" = CAST($2::text AS "public"."TransactionType")) OFFSET $3) AS "sub"
prisma:query SELECT SUM("amount") AS "_sum$amount", COUNT(*) AS "_count$_all" FROM (SELECT "public"."Transaction"."amount", "public"."Transaction"."id" FROM "public"."Transaction" WHERE ("public"."Transaction"."userId" = $1 AND "public"."Transaction"."type" = CAST($2::text AS "public"."TransactionType")) OFFSET $3) AS "sub"
prisma:query SELECT SUM("public"."Transaction"."amount") AS "_sum$amount", COUNT(*) AS "_count$_all", "public"."Transaction"."categoryId", "public"."Transaction"."type"::text FROM "public"."Transaction" WHERE "public"."Transaction"."userId" = $1 GROUP BY "public"."Transaction"."categoryId", "public"."Transaction"."type" ORDER BY SUM("public"."Transaction"."amount") DESC OFFSET $2
prisma:query SELECT "public"."Category"."id", "public"."Category"."name", "public"."Category"."nameFa", "public"."Category"."icon", "public"."Category"."color" FROM "public"."Category" WHERE "public"."Category"."id" IN (NULL) OFFSET $1
 GET /api/auth/session 200 in 575ms (next.js: 166ms, proxy.ts: 185ms, application-code: 224ms)
prisma:query SELECT "public"."Category"."id", "public"."Category"."name", "public"."Category"."nameFa", "public"."Category"."icon", "public"."Category"."color", "public"."Category"."type"::text FROM "public"."Category" WHERE ("public"."Category"."userId" = $1 OR "public"."Category"."userId" IS NULL) OFFSET $2
 GET /api/dashboard 200 in 597ms (next.js: 126ms, proxy.ts: 185ms, application-code: 285ms)
prisma:query SELECT "public"."Transaction"."id", "public"."Transaction"."amount", "public"."Transaction"."type"::text, "public"."Transaction"."description", "public"."Transaction"."date", "public"."Transaction"."receiptUrl", "public"."Transaction"."userId", "public"."Transaction"."categoryId", "public"."Transaction"."createdAt", "public"."Transaction"."updatedAt" FROM "public"."Transaction" WHERE "public"."Transaction"."userId" = $1 ORDER BY "public"."Transaction"."date" DESC LIMIT $2 OFFSET $3
prisma:query SELECT SUM("public"."Transaction"."amount") AS "_sum$amount", COUNT(*) AS "_count$_all", "public"."Transaction"."categoryId", "public"."Transaction"."type"::text FROM "public"."Transaction" WHERE "public"."Transaction"."userId" = $1 GROUP BY "public"."Transaction"."categoryId", "public"."Transaction"."type" ORDER BY SUM("public"."Transaction"."amount") DESC OFFSET $2
prisma:query SELECT "public"."Category"."id", "public"."Category"."name", "public"."Category"."nameFa", "public"."Category"."icon", "public"."Category"."color" FROM "public"."Category" WHERE "public"."Category"."id" IN (NULL) OFFSET $1
 GET /api/auth/session 200 in 644ms (next.js: 168ms, proxy.ts: 284ms, application-code: 193ms)
prisma:query SELECT "public"."Category"."id", "public"."Category"."name", "public"."Category"."nameFa", "public"."Category"."icon", "public"."Category"."color", "public"."Category"."type"::text FROM "public"."Category" WHERE ("public"."Category"."userId" = $1 OR "public"."Category"."userId" IS NULL) OFFSET $2
 GET /api/dashboard 200 in 917ms (next.js: 30ms, proxy.ts: 227ms, application-code: 660ms)
 GET /dashboard/transactions/new 200 in 890ms (next.js: 122ms, proxy.ts: 158ms, application-code: 610ms)
 GET /dashboard/categories 200 in 354ms (next.js: 76ms, proxy.ts: 195ms, application-code: 83ms)
 GET /api/auth/session 200 in 348ms (next.js: 18ms, proxy.ts: 195ms, application-code: 136ms)
 GET /login 200 in 192ms (next.js: 23ms, proxy.ts: 10ms, application-code: 159ms)
prisma:query SELECT "public"."Category"."id", "public"."Category"."name", "public"."Category"."nameFa", "public"."Category"."icon", "public"."Category"."color", "public"."Category"."type"::text, "public"."Category"."isDefault", "public"."Category"."userId", "public"."Category"."createdAt", "public"."Category"."updatedAt" FROM "public"."Category" WHERE ("public"."Category"."userId" = $1 OR "public"."Category"."userId" IS NULL) ORDER BY "public"."Category"."type" ASC, "public"."Category"."nameFa" ASC OFFSET $2
 GET /api/categories 200 in 304ms (next.js: 110ms, proxy.ts: 102ms, application-code: 92ms)
 GET /dashboard/transactions 200 in 543ms (next.js: 12ms, proxy.ts: 80ms, application-code: 452ms)
 GET /api/categories 200 in 207ms (next.js: 21ms, proxy.ts: 147ms, application-code: 38ms)
prisma:query SELECT "public"."Category"."id", "public"."Category"."name", "public"."Category"."nameFa", "public"."Category"."icon", "public"."Category"."color", "public"."Category"."type"::text, "public"."Category"."isDefault", "public"."Category"."userId", "public"."Category"."createdAt", "public"."Category"."updatedAt" FROM "public"."Category" WHERE ("public"."Category"."userId" = $1 OR "public"."Category"."userId" IS NULL) ORDER BY "public"."Category"."type" ASC, "public"."Category"."nameFa" ASC OFFSET $2
prisma:query SELECT "public"."Category"."id", "public"."Category"."name", "public"."Category"."nameFa", "public"."Category"."icon", "public"."Category"."color", "public"."Category"."type"::text, "public"."Category"."isDefault", "public"."Category"."userId", "public"."Category"."createdAt", "public"."Category"."updatedAt" FROM "public"."Category" WHERE ("public"."Category"."userId" = $1 OR "public"."Category"."userId" IS NULL) ORDER BY "public"."Category"."type" ASC, "public"."Category"."nameFa" ASC OFFSET $2
 GET /api/categories 200 in 278ms (next.js: 17ms, proxy.ts: 56ms, application-code: 205ms)
 GET /api/auth/session 200 in 285ms (next.js: 101ms, proxy.ts: 56ms, application-code: 129ms)
 GET /login 200 in 160ms (next.js: 20ms, proxy.ts: 10ms, application-code: 131ms)
 GET /api/auth/session 200 in 78ms (next.js: 45ms, proxy.ts: 19ms, application-code: 14ms)
prisma:query SELECT "public"."Category"."id", "public"."Category"."name", "public"."Category"."nameFa", "public"."Category"."icon", "public"."Category"."type"::text FROM "public"."Category" WHERE (("public"."Category"."userId" = $1 OR "public"."Category"."userId" IS NULL) AND "public"."Category"."type" = CAST($2::text AS "public"."TransactionType")) OFFSET $3
[31m[auth][error][0m MissingCSRF: CSRF token was missing during an action signout. Read more at https://errors.authjs.dev#missingcsrf
    at validateCSRF (/home/ashimashi/ai-financial-analyst/.next/dev/server/chunks/node_modules_@auth_core_09h2y9.._.js:1233:11)
    at AuthInternal (/home/ashimashi/ai-financial-analyst/.next/dev/server/chunks/node_modules_@auth_core_09h2y9.._.js:5189:222)
    at async Auth (/home/ashimashi/ai-financial-analyst/.next/dev/server/chunks/node_modules_@auth_core_09h2y9.._.js:5403:34)
    at async POST (/home/ashimashi/ai-financial-analyst/.next/dev/server/chunks/[root-of-the-server]__0n3zvqb._.js:525:5)
    at async AppRouteRouteModule.do (/home/ashimashi/ai-financial-analyst/node_modules/next/dist/compiled/next-server/app-route-turbo.runtime.dev.js:5:40115)
    at async AppRouteRouteModule.handle (/home/ashimashi/ai-financial-analyst/node_modules/next/dist/compiled/next-server/app-route-turbo.runtime.dev.js:5:47395)
    at async responseGenerator (/home/ashimashi/ai-financial-analyst/.next/dev/server/chunks/node_modules_next_0hfvzvr._.js:18340:38)
    at async AppRouteRouteModule.handleResponse (/home/ashimashi/ai-financial-analyst/node_modules/next/dist/compiled/next-server/app-route-turbo.runtime.dev.js:1:228552)
    at async handleResponse (/home/ashimashi/ai-financial-analyst/.next/dev/server/chunks/node_modules_next_0hfvzvr._.js:18403:32)
    at async Module.handler (/home/ashimashi/ai-financial-analyst/.next/dev/server/chunks/node_modules_next_0hfvzvr._.js:18457:13)
    at async DevServer.renderToResponseWithComponentsImpl (/home/ashimashi/ai-financial-analyst/node_modules/next/dist/server/base-server.js:1462:9)
    at async DevServer.renderPageComponent (/home/ashimashi/ai-financial-analyst/node_modules/next/dist/server/base-server.js:1514:24)
    at async DevServer.renderToResponseImpl (/home/ashimashi/ai-financial-analyst/node_modules/next/dist/server/base-server.js:1564:32)
    at async DevServer.pipeImpl (/home/ashimashi/ai-financial-analyst/node_modules/next/dist/server/base-server.js:1044:25)
    at async NextNodeServer.handleCatchallRenderRequest (/home/ashimashi/ai-financial-analyst/node_modules/next/dist/server/next-server.js:338:17)
    at async DevServer.handleRequestImpl (/home/ashimashi/ai-financial-analyst/node_modules/next/dist/server/base-server.js:935:17)
    at async /home/ashimashi/ai-financial-analyst/node_modules/next/dist/server/dev/next-dev-server.js:394:20
    at async Span.traceAsyncFn (/home/ashimashi/ai-financial-analyst/node_modules/next/dist/trace/trace.js:164:20)
    at async DevServer.handleRequest (/home/ashimashi/ai-financial-analyst/node_modules/next/dist/server/dev/next-dev-server.js:390:24)
    at async invokeRender (/home/ashimashi/ai-financial-analyst/node_modules/next/dist/server/lib/router-server.js:266:21)
    at async handleRequest (/home/ashimashi/ai-financial-analyst/node_modules/next/dist/server/lib/router-server.js:465:24)
    at async requestHandlerImpl (/home/ashimashi/ai-financial-analyst/node_modules/next/dist/server/lib/router-server.js:514:13)
    at async Server.requestListener (/home/ashimashi/ai-financial-analyst/node_modules/next/dist/server/lib/start-server.js:225:13)
 POST /api/auth/signout 200 in 344ms (next.js: 109ms, proxy.ts: 215ms, application-code: 21ms)
 GET /api/auth/session 200 in 282ms (next.js: 137ms, proxy.ts: 131ms, application-code: 13ms)
 GET /api/auth/session 200 in 592ms (next.js: 197ms, proxy.ts: 261ms, application-code: 134ms)
 POST /api/transactions/categorize 200 in 634ms (next.js: 147ms, proxy.ts: 49ms, application-code: 438ms)
 GET /api/auth/session 200 in 82ms (next.js: 61ms, proxy.ts: 8ms, application-code: 12ms)
 GET /api/auth/session 200 in 28ms (next.js: 9ms, proxy.ts: 9ms, application-code: 10ms)
 GET /login?callbackUrl=%2Fdashboard 200 in 116ms (next.js: 3ms, proxy.ts: 11ms, application-code: 101ms)
 GET /login 200 in 163ms (next.js: 16ms, proxy.ts: 15ms, application-code: 133ms)
 GET /register 200 in 95ms (next.js: 7ms, proxy.ts: 9ms, application-code: 79ms)
 GET /api/auth/session 200 in 86ms (next.js: 58ms, proxy.ts: 13ms, application-code: 15ms)
 GET /api/auth/session 200 in 79ms (next.js: 40ms, proxy.ts: 30ms, application-code: 10ms)
 GET /api/auth/session 200 in 53ms (next.js: 29ms, proxy.ts: 13ms, application-code: 10ms)
 GET /api/auth/session 200 in 56ms (next.js: 33ms, proxy.ts: 11ms, application-code: 12ms)
[10:57:56 UTC] [33mWARN[39m: [36mZhipu categorization failed, using fallback[39m
    [35mservice[39m: "finance-app"
    [35muserId[39m: "cmspyvf2w0000u4vsyj6pjwgw"
    [35mdescription[39m: "تست تراکنش"
    error: {
      "status": 401,
      "headers": {},
      "requestID": null,
      "error": {
        "code": "401",
        "message": "令牌已过期或验证不正确"
      },
      "code": "401"
    }
 GET /register 200 in 97ms (next.js: 3ms, proxy.ts: 4ms, application-code: 90ms)
 GET /api/auth/session 200 in 54ms (next.js: 23ms, proxy.ts: 17ms, application-code: 15ms)
 GET /api/auth/session 200 in 65ms (next.js: 40ms, proxy.ts: 17ms, application-code: 8ms)
 GET /api/auth/session 200 in 145ms (next.js: 123ms, proxy.ts: 13ms, application-code: 9ms)
 GET /api/auth/session 200 in 139ms (next.js: 112ms, proxy.ts: 13ms, application-code: 14ms)
 GET /dashboard 200 in 434ms (next.js: 7ms, proxy.ts: 21ms, application-code: 407ms)
 GET /dashboard 200 in 422ms (next.js: 13ms, proxy.ts: 56ms, application-code: 352ms)
prisma:query SELECT "public"."User"."id", "public"."User"."name", "public"."User"."email", "public"."User"."emailVerified", "public"."User"."passwordHash", "public"."User"."image", "public"."User"."createdAt", "public"."User"."updatedAt" FROM "public"."User" WHERE ("public"."User"."email" = $1 AND 1=1) LIMIT $2 OFFSET $3
prisma:query INSERT INTO "public"."User" ("id","name","email","passwordHash","createdAt","updatedAt") VALUES ($1,$2,$3,$4,$5,$6) RETURNING "public"."User"."id", "public"."User"."email", "public"."User"."name", "public"."User"."createdAt"
prisma:query SELECT "public"."Category"."id", "public"."Category"."name", "public"."Category"."nameFa", "public"."Category"."icon", "public"."Category"."color", "public"."Category"."type"::text, "public"."Category"."isDefault", "public"."Category"."userId", "public"."Category"."createdAt", "public"."Category"."updatedAt" FROM "public"."Category" WHERE ("public"."Category"."name" = $1 AND "public"."Category"."userId" = $2) LIMIT $3 OFFSET $4
prisma:query INSERT INTO "public"."Category" ("id","name","nameFa","icon","color","type","isDefault","userId","createdAt","updatedAt") VALUES ($1,$2,$3,$4,$5,CAST($6::text AS "public"."TransactionType"),$7,$8,$9,$10) RETURNING "public"."Category"."id", "public"."Category"."name", "public"."Category"."nameFa", "public"."Category"."icon", "public"."Category"."color", "public"."Category"."type"::text, "public"."Category"."isDefault", "public"."Category"."userId", "public"."Category"."createdAt", "public"."Category"."updatedAt"
prisma:query SELECT "public"."Category"."id", "public"."Category"."name", "public"."Category"."nameFa", "public"."Category"."icon", "public"."Category"."color", "public"."Category"."type"::text, "public"."Category"."isDefault", "public"."Category"."userId", "public"."Category"."createdAt", "public"."Category"."updatedAt" FROM "public"."Category" WHERE ("public"."Category"."name" = $1 AND "public"."Category"."userId" = $2) LIMIT $3 OFFSET $4
prisma:query INSERT INTO "public"."Category" ("id","name","nameFa","icon","color","type","isDefault","userId","createdAt","updatedAt") VALUES ($1,$2,$3,$4,$5,CAST($6::text AS "public"."TransactionType"),$7,$8,$9,$10) RETURNING "public"."Category"."id", "public"."Category"."name", "public"."Category"."nameFa", "public"."Category"."icon", "public"."Category"."color", "public"."Category"."type"::text, "public"."Category"."isDefault", "public"."Category"."userId", "public"."Category"."createdAt", "public"."Category"."updatedAt"
prisma:query SELECT "public"."Category"."id", "public"."Category"."name", "public"."Category"."nameFa", "public"."Category"."icon", "public"."Category"."color", "public"."Category"."type"::text, "public"."Category"."isDefault", "public"."Category"."userId", "public"."Category"."createdAt", "public"."Category"."updatedAt" FROM "public"."Category" WHERE ("public"."Category"."name" = $1 AND "public"."Category"."userId" = $2) LIMIT $3 OFFSET $4
prisma:query INSERT INTO "public"."Category" ("id","name","nameFa","icon","color","type","isDefault","userId","createdAt","updatedAt") VALUES ($1,$2,$3,$4,$5,CAST($6::text AS "public"."TransactionType"),$7,$8,$9,$10) RETURNING "public"."Category"."id", "public"."Category"."name", "public"."Category"."nameFa", "public"."Category"."icon", "public"."Category"."color", "public"."Category"."type"::text, "public"."Category"."isDefault", "public"."Category"."userId", "public"."Category"."createdAt", "public"."Category"."updatedAt"
prisma:query SELECT "public"."Category"."id", "public"."Category"."name", "public"."Category"."nameFa", "public"."Category"."icon", "public"."Category"."color", "public"."Category"."type"::text, "public"."Category"."isDefault", "public"."Category"."userId", "public"."Category"."createdAt", "public"."Category"."updatedAt" FROM "public"."Category" WHERE ("public"."Category"."name" = $1 AND "public"."Category"."userId" = $2) LIMIT $3 OFFSET $4
prisma:query INSERT INTO "public"."Category" ("id","name","nameFa","icon","color","type","isDefault","userId","createdAt","updatedAt") VALUES ($1,$2,$3,$4,$5,CAST($6::text AS "public"."TransactionType"),$7,$8,$9,$10) RETURNING "public"."Category"."id", "public"."Category"."name", "public"."Category"."nameFa", "public"."Category"."icon", "public"."Category"."color", "public"."Category"."type"::text, "public"."Category"."isDefault", "public"."Category"."userId", "public"."Category"."createdAt", "public"."Category"."updatedAt"
prisma:query SELECT SUM("public"."Transaction"."amount") AS "_sum$amount", COUNT(*) AS "_count$_all", "public"."Transaction"."categoryId", "public"."Transaction"."type"::text FROM "public"."Transaction" WHERE "public"."Transaction"."userId" = $1 GROUP BY "public"."Transaction"."categoryId", "public"."Transaction"."type" ORDER BY SUM("public"."Transaction"."amount") DESC OFFSET $2
prisma:query SELECT "public"."Transaction"."id", "public"."Transaction"."amount", "public"."Transaction"."type"::text, "public"."Transaction"."description", "public"."Transaction"."date", "public"."Transaction"."receiptUrl", "public"."Transaction"."userId", "public"."Transaction"."categoryId", "public"."Transaction"."createdAt", "public"."Transaction"."updatedAt" FROM "public"."Transaction" WHERE "public"."Transaction"."userId" = $1 ORDER BY "public"."Transaction"."date" DESC LIMIT $2 OFFSET $3
prisma:query SELECT SUM("amount") AS "_sum$amount", COUNT(*) AS "_count$_all" FROM (SELECT "public"."Transaction"."amount", "public"."Transaction"."id" FROM "public"."Transaction" WHERE ("public"."Transaction"."userId" = $1 AND "public"."Transaction"."type" = CAST($2::text AS "public"."TransactionType")) OFFSET $3) AS "sub"
prisma:query SELECT SUM("amount") AS "_sum$amount", COUNT(*) AS "_count$_all" FROM (SELECT "public"."Transaction"."amount", "public"."Transaction"."id" FROM "public"."Transaction" WHERE ("public"."Transaction"."userId" = $1 AND "public"."Transaction"."type" = CAST($2::text AS "public"."TransactionType")) OFFSET $3) AS "sub"
prisma:query SELECT "public"."Category"."id", "public"."Category"."name", "public"."Category"."nameFa", "public"."Category"."icon", "public"."Category"."color" FROM "public"."Category" WHERE "public"."Category"."id" IN (NULL) OFFSET $1
prisma:query SELECT "public"."Category"."id", "public"."Category"."name", "public"."Category"."nameFa", "public"."Category"."icon", "public"."Category"."color", "public"."Category"."type"::text, "public"."Category"."isDefault", "public"."Category"."userId", "public"."Category"."createdAt", "public"."Category"."updatedAt" FROM "public"."Category" WHERE ("public"."Category"."name" = $1 AND "public"."Category"."userId" = $2) LIMIT $3 OFFSET $4
prisma:query SELECT "public"."Category"."id", "public"."Category"."name", "public"."Category"."nameFa", "public"."Category"."icon", "public"."Category"."color", "public"."Category"."type"::text FROM "public"."Category" WHERE ("public"."Category"."userId" = $1 OR "public"."Category"."userId" IS NULL) OFFSET $2
 GET /api/dashboard 200 in 277ms (next.js: 17ms, proxy.ts: 67ms, application-code: 193ms)
 GET /api/auth/session 200 in 282ms (next.js: 142ms, proxy.ts: 67ms, application-code: 74ms)
prisma:query INSERT INTO "public"."Category" ("id","name","nameFa","icon","color","type","isDefault","userId","createdAt","updatedAt") VALUES ($1,$2,$3,$4,$5,CAST($6::text AS "public"."TransactionType"),$7,$8,$9,$10) RETURNING "public"."Category"."id", "public"."Category"."name", "public"."Category"."nameFa", "public"."Category"."icon", "public"."Category"."color", "public"."Category"."type"::text, "public"."Category"."isDefault", "public"."Category"."userId", "public"."Category"."createdAt", "public"."Category"."updatedAt"
prisma:query SELECT "public"."Category"."id", "public"."Category"."name", "public"."Category"."nameFa", "public"."Category"."icon", "public"."Category"."color", "public"."Category"."type"::text, "public"."Category"."isDefault", "public"."Category"."userId", "public"."Category"."createdAt", "public"."Category"."updatedAt" FROM "public"."Category" WHERE ("public"."Category"."name" = $1 AND "public"."Category"."userId" = $2) LIMIT $3 OFFSET $4
prisma:query INSERT INTO "public"."Category" ("id","name","nameFa","icon","color","type","isDefault","userId","createdAt","updatedAt") VALUES ($1,$2,$3,$4,$5,CAST($6::text AS "public"."TransactionType"),$7,$8,$9,$10) RETURNING "public"."Category"."id", "public"."Category"."name", "public"."Category"."nameFa", "public"."Category"."icon", "public"."Category"."color", "public"."Category"."type"::text, "public"."Category"."isDefault", "public"."Category"."userId", "public"."Category"."createdAt", "public"."Category"."updatedAt"
prisma:query SELECT "public"."Category"."id", "public"."Category"."name", "public"."Category"."nameFa", "public"."Category"."icon", "public"."Category"."color", "public"."Category"."type"::text, "public"."Category"."isDefault", "public"."Category"."userId", "public"."Category"."createdAt", "public"."Category"."updatedAt" FROM "public"."Category" WHERE ("public"."Category"."name" = $1 AND "public"."Category"."userId" = $2) LIMIT $3 OFFSET $4
prisma:query INSERT INTO "public"."Category" ("id","name","nameFa","icon","color","type","isDefault","userId","createdAt","updatedAt") VALUES ($1,$2,$3,$4,$5,CAST($6::text AS "public"."TransactionType"),$7,$8,$9,$10) RETURNING "public"."Category"."id", "public"."Category"."name", "public"."Category"."nameFa", "public"."Category"."icon", "public"."Category"."color", "public"."Category"."type"::text, "public"."Category"."isDefault", "public"."Category"."userId", "public"."Category"."createdAt", "public"."Category"."updatedAt"
prisma:query SELECT "public"."Category"."id", "public"."Category"."name", "public"."Category"."nameFa", "public"."Category"."icon", "public"."Category"."color", "public"."Category"."type"::text, "public"."Category"."isDefault", "public"."Category"."userId", "public"."Category"."createdAt", "public"."Category"."updatedAt" FROM "public"."Category" WHERE ("public"."Category"."name" = $1 AND "public"."Category"."userId" = $2) LIMIT $3 OFFSET $4
prisma:query INSERT INTO "public"."Category" ("id","name","nameFa","icon","color","type","isDefault","userId","createdAt","updatedAt") VALUES ($1,$2,$3,$4,$5,CAST($6::text AS "public"."TransactionType"),$7,$8,$9,$10) RETURNING "public"."Category"."id", "public"."Category"."name", "public"."Category"."nameFa", "public"."Category"."icon", "public"."Category"."color", "public"."Category"."type"::text, "public"."Category"."isDefault", "public"."Category"."userId", "public"."Category"."createdAt", "public"."Category"."updatedAt"
prisma:query SELECT "public"."Category"."id", "public"."Category"."name", "public"."Category"."nameFa", "public"."Category"."icon", "public"."Category"."color", "public"."Category"."type"::text, "public"."Category"."isDefault", "public"."Category"."userId", "public"."Category"."createdAt", "public"."Category"."updatedAt" FROM "public"."Category" WHERE ("public"."Category"."name" = $1 AND "public"."Category"."userId" = $2) LIMIT $3 OFFSET $4
prisma:query INSERT INTO "public"."Category" ("id","name","nameFa","icon","color","type","isDefault","userId","createdAt","updatedAt") VALUES ($1,$2,$3,$4,$5,CAST($6::text AS "public"."TransactionType"),$7,$8,$9,$10) RETURNING "public"."Category"."id", "public"."Category"."name", "public"."Category"."nameFa", "public"."Category"."icon", "public"."Category"."color", "public"."Category"."type"::text, "public"."Category"."isDefault", "public"."Category"."userId", "public"."Category"."createdAt", "public"."Category"."updatedAt"
prisma:query SELECT SUM("amount") AS "_sum$amount", COUNT(*) AS "_count$_all" FROM (SELECT "public"."Transaction"."amount", "public"."Transaction"."id" FROM "public"."Transaction" WHERE ("public"."Transaction"."userId" = $1 AND "public"."Transaction"."type" = CAST($2::text AS "public"."TransactionType")) OFFSET $3) AS "sub"
prisma:query SELECT SUM("amount") AS "_sum$amount", COUNT(*) AS "_count$_all" FROM (SELECT "public"."Transaction"."amount", "public"."Transaction"."id" FROM "public"."Transaction" WHERE ("public"."Transaction"."userId" = $1 AND "public"."Transaction"."type" = CAST($2::text AS "public"."TransactionType")) OFFSET $3) AS "sub"
prisma:query SELECT SUM("public"."Transaction"."amount") AS "_sum$amount", COUNT(*) AS "_count$_all", "public"."Transaction"."categoryId", "public"."Transaction"."type"::text FROM "public"."Transaction" WHERE "public"."Transaction"."userId" = $1 GROUP BY "public"."Transaction"."categoryId", "public"."Transaction"."type" ORDER BY SUM("public"."Transaction"."amount") DESC OFFSET $2
prisma:query SELECT "public"."Transaction"."id", "public"."Transaction"."amount", "public"."Transaction"."type"::text, "public"."Transaction"."description", "public"."Transaction"."date", "public"."Transaction"."receiptUrl", "public"."Transaction"."userId", "public"."Transaction"."categoryId", "public"."Transaction"."createdAt", "public"."Transaction"."updatedAt" FROM "public"."Transaction" WHERE "public"."Transaction"."userId" = $1 ORDER BY "public"."Transaction"."date" DESC LIMIT $2 OFFSET $3
prisma:query SELECT "public"."Category"."id", "public"."Category"."name", "public"."Category"."nameFa", "public"."Category"."icon", "public"."Category"."color", "public"."Category"."type"::text, "public"."Category"."isDefault", "public"."Category"."userId", "public"."Category"."createdAt", "public"."Category"."updatedAt" FROM "public"."Category" WHERE ("public"."Category"."name" = $1 AND "public"."Category"."userId" = $2) LIMIT $3 OFFSET $4
prisma:query SELECT "public"."Category"."id", "public"."Category"."name", "public"."Category"."nameFa", "public"."Category"."icon", "public"."Category"."color" FROM "public"."Category" WHERE "public"."Category"."id" IN (NULL) OFFSET $1
 GET /api/auth/session 200 in 247ms (next.js: 42ms, proxy.ts: 131ms, application-code: 73ms)
prisma:query SELECT "public"."Category"."id", "public"."Category"."name", "public"."Category"."nameFa", "public"."Category"."icon", "public"."Category"."color", "public"."Category"."type"::text FROM "public"."Category" WHERE ("public"."Category"."userId" = $1 OR "public"."Category"."userId" IS NULL) OFFSET $2
 GET /api/dashboard 200 in 278ms (next.js: 28ms, proxy.ts: 144ms, application-code: 106ms)
prisma:query INSERT INTO "public"."Category" ("id","name","nameFa","icon","color","type","isDefault","userId","createdAt","updatedAt") VALUES ($1,$2,$3,$4,$5,CAST($6::text AS "public"."TransactionType"),$7,$8,$9,$10) RETURNING "public"."Category"."id", "public"."Category"."name", "public"."Category"."nameFa", "public"."Category"."icon", "public"."Category"."color", "public"."Category"."type"::text, "public"."Category"."isDefault", "public"."Category"."userId", "public"."Category"."createdAt", "public"."Category"."updatedAt"
prisma:query SELECT "public"."Category"."id", "public"."Category"."name", "public"."Category"."nameFa", "public"."Category"."icon", "public"."Category"."color", "public"."Category"."type"::text, "public"."Category"."isDefault", "public"."Category"."userId", "public"."Category"."createdAt", "public"."Category"."updatedAt" FROM "public"."Category" WHERE ("public"."Category"."name" = $1 AND "public"."Category"."userId" = $2) LIMIT $3 OFFSET $4
prisma:query INSERT INTO "public"."Category" ("id","name","nameFa","icon","color","type","isDefault","userId","createdAt","updatedAt") VALUES ($1,$2,$3,$4,$5,CAST($6::text AS "public"."TransactionType"),$7,$8,$9,$10) RETURNING "public"."Category"."id", "public"."Category"."name", "public"."Category"."nameFa", "public"."Category"."icon", "public"."Category"."color", "public"."Category"."type"::text, "public"."Category"."isDefault", "public"."Category"."userId", "public"."Category"."createdAt", "public"."Category"."updatedAt"
 POST /api/auth/register 201 in 972ms (next.js: 6ms, proxy.ts: 9ms, application-code: 956ms)
[10:57:59 UTC] [32mINFO[39m: [36mUser registered[39m
    [35mservice[39m: "finance-app"
    [35muserId[39m: "cmspz6wqo000cnuvsfmyrx8vb"
    [35memail[39m: "test1786532276629@example.com"
 GET /api/auth/session 200 in 142ms (next.js: 21ms, proxy.ts: 75ms, application-code: 45ms)
 GET /api/auth/session 200 in 179ms (next.js: 18ms, proxy.ts: 56ms, application-code: 105ms)
 GET /login?registered=true 200 in 153ms (next.js: 76ms, proxy.ts: 23ms, application-code: 54ms)
 GET /dashboard/transactions/new 200 in 169ms (next.js: 4ms, proxy.ts: 17ms, application-code: 148ms)
 GET /dashboard/transactions 200 in 163ms (next.js: 5ms, proxy.ts: 17ms, application-code: 141ms)
 GET /dashboard 200 in 150ms (next.js: 6ms, proxy.ts: 14ms, application-code: 130ms)
prisma:query SELECT "public"."Category"."id", "public"."Category"."name", "public"."Category"."nameFa", "public"."Category"."icon", "public"."Category"."color", "public"."Category"."type"::text, "public"."Category"."isDefault", "public"."Category"."userId", "public"."Category"."createdAt", "public"."Category"."updatedAt" FROM "public"."Category" WHERE ("public"."Category"."userId" = $1 OR "public"."Category"."userId" IS NULL) ORDER BY "public"."Category"."type" ASC, "public"."Category"."nameFa" ASC OFFSET $2
 GET /api/categories 200 in 282ms (next.js: 22ms, proxy.ts: 109ms, application-code: 151ms)
 GET /api/auth/session 200 in 280ms (next.js: 106ms, proxy.ts: 108ms, application-code: 66ms)
 GET /api/auth/session 200 in 88ms (next.js: 19ms, proxy.ts: 37ms, application-code: 33ms)
 GET /api/transactions?sortBy=date&sortOrder=desc&page=1&limit=20 400 in 260ms (next.js: 86ms, proxy.ts: 62ms, application-code: 113ms)
prisma:query SELECT "public"."Category"."id", "public"."Category"."name", "public"."Category"."nameFa", "public"."Category"."icon", "public"."Category"."color", "public"."Category"."type"::text, "public"."Category"."isDefault", "public"."Category"."userId", "public"."Category"."createdAt", "public"."Category"."updatedAt" FROM "public"."Category" WHERE ("public"."Category"."userId" = $1 OR "public"."Category"."userId" IS NULL) ORDER BY "public"."Category"."type" ASC, "public"."Category"."nameFa" ASC OFFSET $2
 GET /api/categories 200 in 275ms (next.js: 14ms, proxy.ts: 61ms, application-code: 201ms)
prisma:query SELECT "public"."Category"."id", "public"."Category"."name", "public"."Category"."nameFa", "public"."Category"."icon", "public"."Category"."type"::text FROM "public"."Category" WHERE (("public"."Category"."userId" = $1 OR "public"."Category"."userId" IS NULL) AND "public"."Category"."type" = CAST($2::text AS "public"."TransactionType")) OFFSET $3
 GET /api/auth/session 200 in 280ms (next.js: 59ms, proxy.ts: 143ms, application-code: 78ms)
 GET /api/auth/session 200 in 43ms (next.js: 5ms, proxy.ts: 21ms, application-code: 17ms)
prisma:query SELECT SUM("amount") AS "_sum$amount", COUNT(*) AS "_count$_all" FROM (SELECT "public"."Transaction"."amount", "public"."Transaction"."id" FROM "public"."Transaction" WHERE ("public"."Transaction"."userId" = $1 AND "public"."Transaction"."type" = CAST($2::text AS "public"."TransactionType")) OFFSET $3) AS "sub"
prisma:query SELECT SUM("public"."Transaction"."amount") AS "_sum$amount", COUNT(*) AS "_count$_all", "public"."Transaction"."categoryId", "public"."Transaction"."type"::text FROM "public"."Transaction" WHERE "public"."Transaction"."userId" = $1 GROUP BY "public"."Transaction"."categoryId", "public"."Transaction"."type" ORDER BY SUM("public"."Transaction"."amount") DESC OFFSET $2
prisma:query SELECT "public"."Transaction"."id", "public"."Transaction"."amount", "public"."Transaction"."type"::text, "public"."Transaction"."description", "public"."Transaction"."date", "public"."Transaction"."receiptUrl", "public"."Transaction"."userId", "public"."Transaction"."categoryId", "public"."Transaction"."createdAt", "public"."Transaction"."updatedAt" FROM "public"."Transaction" WHERE "public"."Transaction"."userId" = $1 ORDER BY "public"."Transaction"."date" DESC LIMIT $2 OFFSET $3
prisma:query SELECT SUM("amount") AS "_sum$amount", COUNT(*) AS "_count$_all" FROM (SELECT "public"."Transaction"."amount", "public"."Transaction"."id" FROM "public"."Transaction" WHERE ("public"."Transaction"."userId" = $1 AND "public"."Transaction"."type" = CAST($2::text AS "public"."TransactionType")) OFFSET $3) AS "sub"
prisma:query SELECT "public"."Category"."id", "public"."Category"."name", "public"."Category"."nameFa", "public"."Category"."icon", "public"."Category"."color" FROM "public"."Category" WHERE "public"."Category"."id" IN (NULL) OFFSET $1
 GET /api/auth/session 200 in 90ms (next.js: 23ms, proxy.ts: 25ms, application-code: 43ms)
prisma:query SELECT "public"."Category"."id", "public"."Category"."name", "public"."Category"."nameFa", "public"."Category"."icon", "public"."Category"."color", "public"."Category"."type"::text FROM "public"."Category" WHERE ("public"."Category"."userId" = $1 OR "public"."Category"."userId" IS NULL) OFFSET $2
 GET /api/dashboard 200 in 101ms (next.js: 8ms, proxy.ts: 26ms, application-code: 68ms)
 GET /api/auth/session 200 in 56ms (next.js: 12ms, proxy.ts: 28ms, application-code: 16ms)
 GET /login 200 in 108ms (next.js: 26ms, proxy.ts: 11ms, application-code: 70ms)
 GET /api/auth/session 200 in 59ms (next.js: 45ms, proxy.ts: 4ms, application-code: 10ms)
 GET /api/auth/session 200 in 20ms (next.js: 9ms, proxy.ts: 4ms, application-code: 6ms)
 GET /login 200 in 79ms (next.js: 3ms, proxy.ts: 4ms, application-code: 71ms)
 POST /api/transactions/categorize 200 in 2.9s (next.js: 38ms, proxy.ts: 141ms, application-code: 2.8s)
[10:58:04 UTC] [33mWARN[39m: [36mZhipu categorization failed, using fallback[39m
    [35mservice[39m: "finance-app"
    [35muserId[39m: "cmspyvf2w0000u4vsyj6pjwgw"
    [35mdescription[39m: "تست تراکنش"
    error: {
      "status": 401,
      "headers": {},
      "requestID": null,
      "error": {
        "code": "401",
        "message": "令牌已过期或验证不正确"
      },
      "code": "401"
    }
 GET /api/auth/session 200 in 53ms (next.js: 42ms, proxy.ts: 4ms, application-code: 7ms)
 GET /api/auth/session 200 in 19ms (next.js: 8ms, proxy.ts: 5ms, application-code: 7ms)
 GET / 307 in 97ms (next.js: 7ms, proxy.ts: 10ms, application-code: 79ms)
 GET /login 200 in 57ms (next.js: 3ms, proxy.ts: 4ms, application-code: 50ms)
 GET / 307 in 77ms (next.js: 3ms, proxy.ts: 4ms, application-code: 70ms)
 GET /login 200 in 67ms (next.js: 3ms, proxy.ts: 4ms, application-code: 60ms)
 GET /login 200 in 328ms (next.js: 11ms, proxy.ts: 13ms, application-code: 305ms)
 GET /register 200 in 262ms (next.js: 16ms, proxy.ts: 15ms, application-code: 232ms)
 GET /login?callbackUrl=%2Fdashboard 200 in 375ms (next.js: 72ms, proxy.ts: 11ms, application-code: 292ms)
 GET /register 200 in 413ms (next.js: 74ms, proxy.ts: 28ms, application-code: 311ms)
 GET /api/auth/session 200 in 88ms (next.js: 62ms, proxy.ts: 12ms, application-code: 14ms)
 GET /api/auth/session 200 in 105ms (next.js: 84ms, proxy.ts: 9ms, application-code: 12ms)
 GET /api/auth/session 200 in 91ms (next.js: 69ms, proxy.ts: 15ms, application-code: 8ms)
 GET /api/auth/session 200 in 80ms (next.js: 56ms, proxy.ts: 17ms, application-code: 7ms)
 GET /api/auth/session 200 in 62ms (next.js: 36ms, proxy.ts: 17ms, application-code: 9ms)
 GET /api/auth/session 200 in 64ms (next.js: 45ms, proxy.ts: 12ms, application-code: 8ms)
 GET /api/auth/session 200 in 56ms (next.js: 32ms, proxy.ts: 16ms, application-code: 8ms)
 GET /api/auth/session 200 in 26ms (next.js: 6ms, proxy.ts: 15ms, application-code: 6ms)
 GET /dashboard 200 in 238ms (next.js: 7ms, proxy.ts: 43ms, application-code: 188ms)
 GET /dashboard 200 in 478ms (next.js: 10ms, proxy.ts: 38ms, application-code: 430ms)
prisma:query SELECT "public"."User"."id", "public"."User"."name", "public"."User"."email", "public"."User"."emailVerified", "public"."User"."passwordHash", "public"."User"."image", "public"."User"."createdAt", "public"."User"."updatedAt" FROM "public"."User" WHERE ("public"."User"."email" = $1 AND 1=1) LIMIT $2 OFFSET $3
 GET /dashboard 200 in 867ms (next.js: 24ms, proxy.ts: 77ms, application-code: 766ms)
prisma:query INSERT INTO "public"."User" ("id","name","email","passwordHash","createdAt","updatedAt") VALUES ($1,$2,$3,$4,$5,$6) RETURNING "public"."User"."id", "public"."User"."email", "public"."User"."name", "public"."User"."createdAt"
prisma:query SELECT "public"."Category"."id", "public"."Category"."name", "public"."Category"."nameFa", "public"."Category"."icon", "public"."Category"."color", "public"."Category"."type"::text, "public"."Category"."isDefault", "public"."Category"."userId", "public"."Category"."createdAt", "public"."Category"."updatedAt" FROM "public"."Category" WHERE ("public"."Category"."name" = $1 AND "public"."Category"."userId" = $2) LIMIT $3 OFFSET $4
prisma:query INSERT INTO "public"."Category" ("id","name","nameFa","icon","color","type","isDefault","userId","createdAt","updatedAt") VALUES ($1,$2,$3,$4,$5,CAST($6::text AS "public"."TransactionType"),$7,$8,$9,$10) RETURNING "public"."Category"."id", "public"."Category"."name", "public"."Category"."nameFa", "public"."Category"."icon", "public"."Category"."color", "public"."Category"."type"::text, "public"."Category"."isDefault", "public"."Category"."userId", "public"."Category"."createdAt", "public"."Category"."updatedAt"
prisma:query SELECT "public"."Category"."id", "public"."Category"."name", "public"."Category"."nameFa", "public"."Category"."icon", "public"."Category"."color", "public"."Category"."type"::text, "public"."Category"."isDefault", "public"."Category"."userId", "public"."Category"."createdAt", "public"."Category"."updatedAt" FROM "public"."Category" WHERE ("public"."Category"."name" = $1 AND "public"."Category"."userId" = $2) LIMIT $3 OFFSET $4
prisma:query INSERT INTO "public"."Category" ("id","name","nameFa","icon","color","type","isDefault","userId","createdAt","updatedAt") VALUES ($1,$2,$3,$4,$5,CAST($6::text AS "public"."TransactionType"),$7,$8,$9,$10) RETURNING "public"."Category"."id", "public"."Category"."name", "public"."Category"."nameFa", "public"."Category"."icon", "public"."Category"."color", "public"."Category"."type"::text, "public"."Category"."isDefault", "public"."Category"."userId", "public"."Category"."createdAt", "public"."Category"."updatedAt"
prisma:query SELECT "public"."Category"."id", "public"."Category"."name", "public"."Category"."nameFa", "public"."Category"."icon", "public"."Category"."color", "public"."Category"."type"::text, "public"."Category"."isDefault", "public"."Category"."userId", "public"."Category"."createdAt", "public"."Category"."updatedAt" FROM "public"."Category" WHERE ("public"."Category"."name" = $1 AND "public"."Category"."userId" = $2) LIMIT $3 OFFSET $4
prisma:query INSERT INTO "public"."Category" ("id","name","nameFa","icon","color","type","isDefault","userId","createdAt","updatedAt") VALUES ($1,$2,$3,$4,$5,CAST($6::text AS "public"."TransactionType"),$7,$8,$9,$10) RETURNING "public"."Category"."id", "public"."Category"."name", "public"."Category"."nameFa", "public"."Category"."icon", "public"."Category"."color", "public"."Category"."type"::text, "public"."Category"."isDefault", "public"."Category"."userId", "public"."Category"."createdAt", "public"."Category"."updatedAt"
prisma:query SELECT "public"."Category"."id", "public"."Category"."name", "public"."Category"."nameFa", "public"."Category"."icon", "public"."Category"."color", "public"."Category"."type"::text, "public"."Category"."isDefault", "public"."Category"."userId", "public"."Category"."createdAt", "public"."Category"."updatedAt" FROM "public"."Category" WHERE ("public"."Category"."name" = $1 AND "public"."Category"."userId" = $2) LIMIT $3 OFFSET $4
prisma:query INSERT INTO "public"."Category" ("id","name","nameFa","icon","color","type","isDefault","userId","createdAt","updatedAt") VALUES ($1,$2,$3,$4,$5,CAST($6::text AS "public"."TransactionType"),$7,$8,$9,$10) RETURNING "public"."Category"."id", "public"."Category"."name", "public"."Category"."nameFa", "public"."Category"."icon", "public"."Category"."color", "public"."Category"."type"::text, "public"."Category"."isDefault", "public"."Category"."userId", "public"."Category"."createdAt", "public"."Category"."updatedAt"
prisma:query SELECT "public"."Category"."id", "public"."Category"."name", "public"."Category"."nameFa", "public"."Category"."icon", "public"."Category"."color", "public"."Category"."type"::text, "public"."Category"."isDefault", "public"."Category"."userId", "public"."Category"."createdAt", "public"."Category"."updatedAt" FROM "public"."Category" WHERE ("public"."Category"."name" = $1 AND "public"."Category"."userId" = $2) LIMIT $3 OFFSET $4
prisma:query INSERT INTO "public"."Category" ("id","name","nameFa","icon","color","type","isDefault","userId","createdAt","updatedAt") VALUES ($1,$2,$3,$4,$5,CAST($6::text AS "public"."TransactionType"),$7,$8,$9,$10) RETURNING "public"."Category"."id", "public"."Category"."name", "public"."Category"."nameFa", "public"."Category"."icon", "public"."Category"."color", "public"."Category"."type"::text, "public"."Category"."isDefault", "public"."Category"."userId", "public"."Category"."createdAt", "public"."Category"."updatedAt"
prisma:query SELECT "public"."Category"."id", "public"."Category"."name", "public"."Category"."nameFa", "public"."Category"."icon", "public"."Category"."color", "public"."Category"."type"::text, "public"."Category"."isDefault", "public"."Category"."userId", "public"."Category"."createdAt", "public"."Category"."updatedAt" FROM "public"."Category" WHERE ("public"."Category"."name" = $1 AND "public"."Category"."userId" = $2) LIMIT $3 OFFSET $4
prisma:query INSERT INTO "public"."Category" ("id","name","nameFa","icon","color","type","isDefault","userId","createdAt","updatedAt") VALUES ($1,$2,$3,$4,$5,CAST($6::text AS "public"."TransactionType"),$7,$8,$9,$10) RETURNING "public"."Category"."id", "public"."Category"."name", "public"."Category"."nameFa", "public"."Category"."icon", "public"."Category"."color", "public"."Category"."type"::text, "public"."Category"."isDefault", "public"."Category"."userId", "public"."Category"."createdAt", "public"."Category"."updatedAt"
prisma:query SELECT "public"."Category"."id", "public"."Category"."name", "public"."Category"."nameFa", "public"."Category"."icon", "public"."Category"."color", "public"."Category"."type"::text, "public"."Category"."isDefault", "public"."Category"."userId", "public"."Category"."createdAt", "public"."Category"."updatedAt" FROM "public"."Category" WHERE ("public"."Category"."name" = $1 AND "public"."Category"."userId" = $2) LIMIT $3 OFFSET $4
prisma:query INSERT INTO "public"."Category" ("id","name","nameFa","icon","color","type","isDefault","userId","createdAt","updatedAt") VALUES ($1,$2,$3,$4,$5,CAST($6::text AS "public"."TransactionType"),$7,$8,$9,$10) RETURNING "public"."Category"."id", "public"."Category"."name", "public"."Category"."nameFa", "public"."Category"."icon", "public"."Category"."color", "public"."Category"."type"::text, "public"."Category"."isDefault", "public"."Category"."userId", "public"."Category"."createdAt", "public"."Category"."updatedAt"
prisma:query SELECT "public"."Category"."id", "public"."Category"."name", "public"."Category"."nameFa", "public"."Category"."icon", "public"."Category"."color", "public"."Category"."type"::text, "public"."Category"."isDefault", "public"."Category"."userId", "public"."Category"."createdAt", "public"."Category"."updatedAt" FROM "public"."Category" WHERE ("public"."Category"."name" = $1 AND "public"."Category"."userId" = $2) LIMIT $3 OFFSET $4
prisma:query INSERT INTO "public"."Category" ("id","name","nameFa","icon","color","type","isDefault","userId","createdAt","updatedAt") VALUES ($1,$2,$3,$4,$5,CAST($6::text AS "public"."TransactionType"),$7,$8,$9,$10) RETURNING "public"."Category"."id", "public"."Category"."name", "public"."Category"."nameFa", "public"."Category"."icon", "public"."Category"."color", "public"."Category"."type"::text, "public"."Category"."isDefault", "public"."Category"."userId", "public"."Category"."createdAt", "public"."Category"."updatedAt"
prisma:query SELECT "public"."Category"."id", "public"."Category"."name", "public"."Category"."nameFa", "public"."Category"."icon", "public"."Category"."color", "public"."Category"."type"::text, "public"."Category"."isDefault", "public"."Category"."userId", "public"."Category"."createdAt", "public"."Category"."updatedAt" FROM "public"."Category" WHERE ("public"."Category"."name" = $1 AND "public"."Category"."userId" = $2) LIMIT $3 OFFSET $4
prisma:query INSERT INTO "public"."Category" ("id","name","nameFa","icon","color","type","isDefault","userId","createdAt","updatedAt") VALUES ($1,$2,$3,$4,$5,CAST($6::text AS "public"."TransactionType"),$7,$8,$9,$10) RETURNING "public"."Category"."id", "public"."Category"."name", "public"."Category"."nameFa", "public"."Category"."icon", "public"."Category"."color", "public"."Category"."type"::text, "public"."Category"."isDefault", "public"."Category"."userId", "public"."Category"."createdAt", "public"."Category"."updatedAt"
prisma:query SELECT "public"."Category"."id", "public"."Category"."name", "public"."Category"."nameFa", "public"."Category"."icon", "public"."Category"."color", "public"."Category"."type"::text, "public"."Category"."isDefault", "public"."Category"."userId", "public"."Category"."createdAt", "public"."Category"."updatedAt" FROM "public"."Category" WHERE ("public"."Category"."name" = $1 AND "public"."Category"."userId" = $2) LIMIT $3 OFFSET $4
prisma:query INSERT INTO "public"."Category" ("id","name","nameFa","icon","color","type","isDefault","userId","createdAt","updatedAt") VALUES ($1,$2,$3,$4,$5,CAST($6::text AS "public"."TransactionType"),$7,$8,$9,$10) RETURNING "public"."Category"."id", "public"."Category"."name", "public"."Category"."nameFa", "public"."Category"."icon", "public"."Category"."color", "public"."Category"."type"::text, "public"."Category"."isDefault", "public"."Category"."userId", "public"."Category"."createdAt", "public"."Category"."updatedAt"
prisma:query SELECT "public"."Category"."id", "public"."Category"."name", "public"."Category"."nameFa", "public"."Category"."icon", "public"."Category"."color", "public"."Category"."type"::text, "public"."Category"."isDefault", "public"."Category"."userId", "public"."Category"."createdAt", "public"."Category"."updatedAt" FROM "public"."Category" WHERE ("public"."Category"."name" = $1 AND "public"."Category"."userId" = $2) LIMIT $3 OFFSET $4
prisma:query INSERT INTO "public"."Category" ("id","name","nameFa","icon","color","type","isDefault","userId","createdAt","updatedAt") VALUES ($1,$2,$3,$4,$5,CAST($6::text AS "public"."TransactionType"),$7,$8,$9,$10) RETURNING "public"."Category"."id", "public"."Category"."name", "public"."Category"."nameFa", "public"."Category"."icon", "public"."Category"."color", "public"."Category"."type"::text, "public"."Category"."isDefault", "public"."Category"."userId", "public"."Category"."createdAt", "public"."Category"."updatedAt"
 POST /api/auth/register 201 in 929ms (next.js: 24ms, proxy.ts: 17ms, application-code: 888ms)
[10:58:53 UTC] [32mINFO[39m: [36mUser registered[39m
    [35mservice[39m: "finance-app"
    [35muserId[39m: "cmspz8318000onuvso35ql7dh"
    [35memail[39m: "test1786532330250@example.com"
 GET /login?registered=true 200 in 76ms (next.js: 32ms, proxy.ts: 8ms, application-code: 36ms)
prisma:query SELECT SUM("amount") AS "_sum$amount", COUNT(*) AS "_count$_all" FROM (SELECT "public"."Transaction"."amount", "public"."Transaction"."id" FROM "public"."Transaction" WHERE ("public"."Transaction"."userId" = $1 AND "public"."Transaction"."type" = CAST($2::text AS "public"."TransactionType")) OFFSET $3) AS "sub"
 GET /api/auth/session 200 in 244ms (next.js: 83ms, proxy.ts: 47ms, application-code: 114ms)
prisma:query SELECT "public"."Transaction"."id", "public"."Transaction"."amount", "public"."Transaction"."type"::text, "public"."Transaction"."description", "public"."Transaction"."date", "public"."Transaction"."receiptUrl", "public"."Transaction"."userId", "public"."Transaction"."categoryId", "public"."Transaction"."createdAt", "public"."Transaction"."updatedAt" FROM "public"."Transaction" WHERE "public"."Transaction"."userId" = $1 ORDER BY "public"."Transaction"."date" DESC LIMIT $2 OFFSET $3
prisma:query SELECT SUM("amount") AS "_sum$amount", COUNT(*) AS "_count$_all" FROM (SELECT "public"."Transaction"."amount", "public"."Transaction"."id" FROM "public"."Transaction" WHERE ("public"."Transaction"."userId" = $1 AND "public"."Transaction"."type" = CAST($2::text AS "public"."TransactionType")) OFFSET $3) AS "sub"
prisma:query SELECT "public"."Category"."id", "public"."Category"."name", "public"."Category"."nameFa", "public"."Category"."icon", "public"."Category"."color" FROM "public"."Category" WHERE "public"."Category"."id" IN (NULL) OFFSET $1
prisma:query SELECT SUM("public"."Transaction"."amount") AS "_sum$amount", COUNT(*) AS "_count$_all", "public"."Transaction"."categoryId", "public"."Transaction"."type"::text FROM "public"."Transaction" WHERE "public"."Transaction"."userId" = $1 GROUP BY "public"."Transaction"."categoryId", "public"."Transaction"."type" ORDER BY SUM("public"."Transaction"."amount") DESC OFFSET $2
prisma:query SELECT "public"."Category"."id", "public"."Category"."name", "public"."Category"."nameFa", "public"."Category"."icon", "public"."Category"."color", "public"."Category"."type"::text FROM "public"."Category" WHERE ("public"."Category"."userId" = $1 OR "public"."Category"."userId" IS NULL) OFFSET $2
 GET /api/dashboard 200 in 442ms (next.js: 12ms, proxy.ts: 47ms, application-code: 383ms)
 GET /dashboard/transactions 200 in 295ms (next.js: 42ms, proxy.ts: 131ms, application-code: 122ms)
prisma:query SELECT "public"."Transaction"."id", "public"."Transaction"."amount", "public"."Transaction"."type"::text, "public"."Transaction"."description", "public"."Transaction"."date", "public"."Transaction"."receiptUrl", "public"."Transaction"."userId", "public"."Transaction"."categoryId", "public"."Transaction"."createdAt", "public"."Transaction"."updatedAt" FROM "public"."Transaction" WHERE "public"."Transaction"."userId" = $1 ORDER BY "public"."Transaction"."date" DESC LIMIT $2 OFFSET $3
prisma:query SELECT SUM("public"."Transaction"."amount") AS "_sum$amount", COUNT(*) AS "_count$_all", "public"."Transaction"."categoryId", "public"."Transaction"."type"::text FROM "public"."Transaction" WHERE "public"."Transaction"."userId" = $1 GROUP BY "public"."Transaction"."categoryId", "public"."Transaction"."type" ORDER BY SUM("public"."Transaction"."amount") DESC OFFSET $2
prisma:query SELECT SUM("amount") AS "_sum$amount", COUNT(*) AS "_count$_all" FROM (SELECT "public"."Transaction"."amount", "public"."Transaction"."id" FROM "public"."Transaction" WHERE ("public"."Transaction"."userId" = $1 AND "public"."Transaction"."type" = CAST($2::text AS "public"."TransactionType")) OFFSET $3) AS "sub"
prisma:query SELECT SUM("amount") AS "_sum$amount", COUNT(*) AS "_count$_all" FROM (SELECT "public"."Transaction"."amount", "public"."Transaction"."id" FROM "public"."Transaction" WHERE ("public"."Transaction"."userId" = $1 AND "public"."Transaction"."type" = CAST($2::text AS "public"."TransactionType")) OFFSET $3) AS "sub"
 GET /api/auth/session 200 in 385ms (next.js: 139ms, proxy.ts: 113ms, application-code: 133ms)
prisma:query SELECT "public"."Category"."id", "public"."Category"."name", "public"."Category"."nameFa", "public"."Category"."icon", "public"."Category"."color" FROM "public"."Category" WHERE "public"."Category"."id" IN (NULL) OFFSET $1
prisma:query SELECT "public"."Category"."id", "public"."Category"."name", "public"."Category"."nameFa", "public"."Category"."icon", "public"."Category"."color", "public"."Category"."type"::text FROM "public"."Category" WHERE ("public"."Category"."userId" = $1 OR "public"."Category"."userId" IS NULL) OFFSET $2
 GET /api/dashboard 200 in 463ms (next.js: 57ms, proxy.ts: 114ms, application-code: 293ms)
 GET /api/auth/session 200 in 474ms (next.js: 121ms, proxy.ts: 135ms, application-code: 218ms)
prisma:query SELECT SUM("amount") AS "_sum$amount", COUNT(*) AS "_count$_all" FROM (SELECT "public"."Transaction"."amount", "public"."Transaction"."id" FROM "public"."Transaction" WHERE ("public"."Transaction"."userId" = $1 AND "public"."Transaction"."type" = CAST($2::text AS "public"."TransactionType")) OFFSET $3) AS "sub"
prisma:query SELECT SUM("public"."Transaction"."amount") AS "_sum$amount", COUNT(*) AS "_count$_all", "public"."Transaction"."categoryId", "public"."Transaction"."type"::text FROM "public"."Transaction" WHERE "public"."Transaction"."userId" = $1 GROUP BY "public"."Transaction"."categoryId", "public"."Transaction"."type" ORDER BY SUM("public"."Transaction"."amount") DESC OFFSET $2
prisma:query SELECT "public"."Transaction"."id", "public"."Transaction"."amount", "public"."Transaction"."type"::text, "public"."Transaction"."description", "public"."Transaction"."date", "public"."Transaction"."receiptUrl", "public"."Transaction"."userId", "public"."Transaction"."categoryId", "public"."Transaction"."createdAt", "public"."Transaction"."updatedAt" FROM "public"."Transaction" WHERE "public"."Transaction"."userId" = $1 ORDER BY "public"."Transaction"."date" DESC LIMIT $2 OFFSET $3
prisma:query SELECT SUM("amount") AS "_sum$amount", COUNT(*) AS "_count$_all" FROM (SELECT "public"."Transaction"."amount", "public"."Transaction"."id" FROM "public"."Transaction" WHERE ("public"."Transaction"."userId" = $1 AND "public"."Transaction"."type" = CAST($2::text AS "public"."TransactionType")) OFFSET $3) AS "sub"
prisma:query SELECT "public"."Category"."id", "public"."Category"."name", "public"."Category"."nameFa", "public"."Category"."icon", "public"."Category"."color" FROM "public"."Category" WHERE "public"."Category"."id" IN (NULL) OFFSET $1
 GET /api/auth/session 200 in 550ms (next.js: 186ms, proxy.ts: 176ms, application-code: 187ms)
prisma:query SELECT "public"."Category"."id", "public"."Category"."name", "public"."Category"."nameFa", "public"."Category"."icon", "public"."Category"."color", "public"."Category"."type"::text FROM "public"."Category" WHERE ("public"."Category"."userId" = $1 OR "public"."Category"."userId" IS NULL) OFFSET $2
 GET /api/dashboard 200 in 697ms (next.js: 36ms, proxy.ts: 136ms, application-code: 525ms)
 GET /dashboard/categories 200 in 442ms (next.js: 21ms, proxy.ts: 240ms, application-code: 182ms)
 GET /api/transactions?sortBy=date&sortOrder=desc&page=1&limit=20 400 in 362ms (next.js: 37ms, proxy.ts: 207ms, application-code: 118ms)
 GET /api/auth/session 200 in 409ms (next.js: 99ms, proxy.ts: 191ms, application-code: 118ms)
prisma:query SELECT "public"."Category"."id", "public"."Category"."name", "public"."Category"."nameFa", "public"."Category"."icon", "public"."Category"."color", "public"."Category"."type"::text, "public"."Category"."isDefault", "public"."Category"."userId", "public"."Category"."createdAt", "public"."Category"."updatedAt" FROM "public"."Category" WHERE ("public"."Category"."userId" = $1 OR "public"."Category"."userId" IS NULL) ORDER BY "public"."Category"."type" ASC, "public"."Category"."nameFa" ASC OFFSET $2
 GET /api/categories 200 in 402ms (next.js: 29ms, proxy.ts: 208ms, application-code: 165ms)
 GET /api/auth/session 200 in 422ms (next.js: 85ms, proxy.ts: 206ms, application-code: 131ms)
 GET /dashboard/transactions/new 200 in 761ms (next.js: 37ms, proxy.ts: 173ms, application-code: 551ms)
prisma:query SELECT "public"."Category"."id", "public"."Category"."name", "public"."Category"."nameFa", "public"."Category"."icon", "public"."Category"."color", "public"."Category"."type"::text, "public"."Category"."isDefault", "public"."Category"."userId", "public"."Category"."createdAt", "public"."Category"."updatedAt" FROM "public"."Category" WHERE ("public"."Category"."userId" = $1 OR "public"."Category"."userId" IS NULL) ORDER BY "public"."Category"."type" ASC, "public"."Category"."nameFa" ASC OFFSET $2
 GET /api/categories 200 in 279ms (next.js: 15ms, proxy.ts: 72ms, application-code: 192ms)
 GET /login 200 in 238ms (next.js: 90ms, proxy.ts: 15ms, application-code: 133ms)
 GET /dashboard/transactions 200 in 518ms (next.js: 53ms, proxy.ts: 81ms, application-code: 383ms)
 GET /login 200 in 229ms (next.js: 15ms, proxy.ts: 10ms, application-code: 204ms)
prisma:query SELECT "public"."Category"."id", "public"."Category"."name", "public"."Category"."nameFa", "public"."Category"."icon", "public"."Category"."color", "public"."Category"."type"::text, "public"."Category"."isDefault", "public"."Category"."userId", "public"."Category"."createdAt", "public"."Category"."updatedAt" FROM "public"."Category" WHERE ("public"."Category"."userId" = $1 OR "public"."Category"."userId" IS NULL) ORDER BY "public"."Category"."type" ASC, "public"."Category"."nameFa" ASC OFFSET $2
 GET /api/categories 200 in 198ms (next.js: 12ms, proxy.ts: 48ms, application-code: 138ms)
 GET /api/auth/session 200 in 204ms (next.js: 97ms, proxy.ts: 48ms, application-code: 59ms)
 GET /api/auth/session 200 in 65ms (next.js: 30ms, proxy.ts: 21ms, application-code: 15ms)
 GET /api/auth/session 200 in 105ms (next.js: 76ms, proxy.ts: 18ms, application-code: 11ms)
 GET /api/auth/session 200 in 291ms (next.js: 85ms, proxy.ts: 106ms, application-code: 100ms)
prisma:query SELECT "public"."Category"."id", "public"."Category"."name", "public"."Category"."nameFa", "public"."Category"."icon", "public"."Category"."color", "public"."Category"."type"::text, "public"."Category"."isDefault", "public"."Category"."userId", "public"."Category"."createdAt", "public"."Category"."updatedAt" FROM "public"."Category" WHERE ("public"."Category"."userId" = $1 OR "public"."Category"."userId" IS NULL) ORDER BY "public"."Category"."type" ASC, "public"."Category"."nameFa" ASC OFFSET $2
 GET /api/categories 200 in 278ms (next.js: 38ms, proxy.ts: 110ms, application-code: 130ms)
 GET /api/transactions?sortBy=date&sortOrder=desc&page=1&limit=20 400 in 273ms (next.js: 39ms, proxy.ts: 100ms, application-code: 133ms)
prisma:query SELECT "public"."Category"."id", "public"."Category"."name", "public"."Category"."nameFa", "public"."Category"."icon", "public"."Category"."type"::text FROM "public"."Category" WHERE (("public"."Category"."userId" = $1 OR "public"."Category"."userId" IS NULL) AND "public"."Category"."type" = CAST($2::text AS "public"."TransactionType")) OFFSET $3
 GET /api/auth/session 200 in 321ms (next.js: 85ms, proxy.ts: 94ms, application-code: 142ms)
 GET /api/auth/session 200 in 117ms (next.js: 78ms, proxy.ts: 31ms, application-code: 8ms)
 POST /api/transactions 400 in 269ms (next.js: 26ms, proxy.ts: 126ms, application-code: 117ms)
 GET /api/auth/session 200 in 27ms (next.js: 10ms, proxy.ts: 9ms, application-code: 7ms)
 GET /api/auth/session 200 in 69ms (next.js: 18ms, proxy.ts: 24ms, application-code: 27ms)
 GET /login?callbackUrl=%2Fdashboard 200 in 251ms (next.js: 3ms, proxy.ts: 4ms, application-code: 244ms)
 GET /login 200 in 165ms (next.js: 5ms, proxy.ts: 12ms, application-code: 148ms)
 GET /register 200 in 211ms (next.js: 26ms, proxy.ts: 14ms, application-code: 172ms)
 GET /api/auth/session 200 in 87ms (next.js: 67ms, proxy.ts: 6ms, application-code: 13ms)
 GET /api/auth/session 200 in 38ms (next.js: 14ms, proxy.ts: 9ms, application-code: 15ms)
 GET /api/auth/session 200 in 23ms (next.js: 10ms, proxy.ts: 7ms, application-code: 6ms)
 GET /api/auth/session 200 in 20ms (next.js: 6ms, proxy.ts: 8ms, application-code: 6ms)
 GET /api/auth/session 200 in 22ms (next.js: 9ms, proxy.ts: 6ms, application-code: 7ms)
 GET /api/auth/session 200 in 19ms (next.js: 7ms, proxy.ts: 6ms, application-code: 7ms)
 GET /register 200 in 131ms (next.js: 4ms, proxy.ts: 7ms, application-code: 120ms)
 GET /dashboard 200 in 283ms (next.js: 12ms, proxy.ts: 38ms, application-code: 233ms)
 GET /dashboard 200 in 215ms (next.js: 7ms, proxy.ts: 39ms, application-code: 169ms)
 GET /api/auth/session 200 in 113ms (next.js: 90ms, proxy.ts: 8ms, application-code: 16ms)
 POST /api/transactions/categorize 200 in 5.2s (next.js: 46ms, proxy.ts: 90ms, application-code: 5.1s)
 GET /api/auth/session 200 in 30ms (next.js: 10ms, proxy.ts: 11ms, application-code: 9ms)
 GET /api/auth/session 200 in 98ms (next.js: 19ms, proxy.ts: 39ms, application-code: 40ms)
prisma:query SELECT SUM("amount") AS "_sum$amount", COUNT(*) AS "_count$_all" FROM (SELECT "public"."Transaction"."amount", "public"."Transaction"."id" FROM "public"."Transaction" WHERE ("public"."Transaction"."userId" = $1 AND "public"."Transaction"."type" = CAST($2::text AS "public"."TransactionType")) OFFSET $3) AS "sub"
prisma:query SELECT SUM("public"."Transaction"."amount") AS "_sum$amount", COUNT(*) AS "_count$_all", "public"."Transaction"."categoryId", "public"."Transaction"."type"::text FROM "public"."Transaction" WHERE "public"."Transaction"."userId" = $1 GROUP BY "public"."Transaction"."categoryId", "public"."Transaction"."type" ORDER BY SUM("public"."Transaction"."amount") DESC OFFSET $2
prisma:query SELECT SUM("amount") AS "_sum$amount", COUNT(*) AS "_count$_all" FROM (SELECT "public"."Transaction"."amount", "public"."Transaction"."id" FROM "public"."Transaction" WHERE ("public"."Transaction"."userId" = $1 AND "public"."Transaction"."type" = CAST($2::text AS "public"."TransactionType")) OFFSET $3) AS "sub"
prisma:query SELECT "public"."Transaction"."id", "public"."Transaction"."amount", "public"."Transaction"."type"::text, "public"."Transaction"."description", "public"."Transaction"."date", "public"."Transaction"."receiptUrl", "public"."Transaction"."userId", "public"."Transaction"."categoryId", "public"."Transaction"."createdAt", "public"."Transaction"."updatedAt" FROM "public"."Transaction" WHERE "public"."Transaction"."userId" = $1 ORDER BY "public"."Transaction"."date" DESC LIMIT $2 OFFSET $3
prisma:query SELECT "public"."Category"."id", "public"."Category"."name", "public"."Category"."nameFa", "public"."Category"."icon", "public"."Category"."color" FROM "public"."Category" WHERE "public"."Category"."id" IN (NULL) OFFSET $1
prisma:query SELECT "public"."Category"."id", "public"."Category"."name", "public"."Category"."nameFa", "public"."Category"."icon", "public"."Category"."color", "public"."Category"."type"::text FROM "public"."Category" WHERE ("public"."Category"."userId" = $1 OR "public"."Category"."userId" IS NULL) OFFSET $2
 GET /api/dashboard 200 in 156ms (next.js: 13ms, proxy.ts: 45ms, application-code: 97ms)
 GET /api/auth/session 200 in 86ms (next.js: 8ms, proxy.ts: 50ms, application-code: 28ms)
prisma:query SELECT "public"."User"."id", "public"."User"."name", "public"."User"."email", "public"."User"."emailVerified", "public"."User"."passwordHash", "public"."User"."image", "public"."User"."createdAt", "public"."User"."updatedAt" FROM "public"."User" WHERE ("public"."User"."email" = $1 AND 1=1) LIMIT $2 OFFSET $3
prisma:query INSERT INTO "public"."User" ("id","name","email","passwordHash","createdAt","updatedAt") VALUES ($1,$2,$3,$4,$5,$6) RETURNING "public"."User"."id", "public"."User"."email", "public"."User"."name", "public"."User"."createdAt"
prisma:query SELECT "public"."Category"."id", "public"."Category"."name", "public"."Category"."nameFa", "public"."Category"."icon", "public"."Category"."color", "public"."Category"."type"::text, "public"."Category"."isDefault", "public"."Category"."userId", "public"."Category"."createdAt", "public"."Category"."updatedAt" FROM "public"."Category" WHERE ("public"."Category"."name" = $1 AND "public"."Category"."userId" = $2) LIMIT $3 OFFSET $4
prisma:query INSERT INTO "public"."Category" ("id","name","nameFa","icon","color","type","isDefault","userId","createdAt","updatedAt") VALUES ($1,$2,$3,$4,$5,CAST($6::text AS "public"."TransactionType"),$7,$8,$9,$10) RETURNING "public"."Category"."id", "public"."Category"."name", "public"."Category"."nameFa", "public"."Category"."icon", "public"."Category"."color", "public"."Category"."type"::text, "public"."Category"."isDefault", "public"."Category"."userId", "public"."Category"."createdAt", "public"."Category"."updatedAt"
prisma:query SELECT "public"."Category"."id", "public"."Category"."name", "public"."Category"."nameFa", "public"."Category"."icon", "public"."Category"."color", "public"."Category"."type"::text, "public"."Category"."isDefault", "public"."Category"."userId", "public"."Category"."createdAt", "public"."Category"."updatedAt" FROM "public"."Category" WHERE ("public"."Category"."name" = $1 AND "public"."Category"."userId" = $2) LIMIT $3 OFFSET $4
prisma:query INSERT INTO "public"."Category" ("id","name","nameFa","icon","color","type","isDefault","userId","createdAt","updatedAt") VALUES ($1,$2,$3,$4,$5,CAST($6::text AS "public"."TransactionType"),$7,$8,$9,$10) RETURNING "public"."Category"."id", "public"."Category"."name", "public"."Category"."nameFa", "public"."Category"."icon", "public"."Category"."color", "public"."Category"."type"::text, "public"."Category"."isDefault", "public"."Category"."userId", "public"."Category"."createdAt", "public"."Category"."updatedAt"
prisma:query SELECT SUM("amount") AS "_sum$amount", COUNT(*) AS "_count$_all" FROM (SELECT "public"."Transaction"."amount", "public"."Transaction"."id" FROM "public"."Transaction" WHERE ("public"."Transaction"."userId" = $1 AND "public"."Transaction"."type" = CAST($2::text AS "public"."TransactionType")) OFFSET $3) AS "sub"
prisma:query SELECT "public"."Transaction"."id", "public"."Transaction"."amount", "public"."Transaction"."type"::text, "public"."Transaction"."description", "public"."Transaction"."date", "public"."Transaction"."receiptUrl", "public"."Transaction"."userId", "public"."Transaction"."categoryId", "public"."Transaction"."createdAt", "public"."Transaction"."updatedAt" FROM "public"."Transaction" WHERE "public"."Transaction"."userId" = $1 ORDER BY "public"."Transaction"."date" DESC LIMIT $2 OFFSET $3
prisma:query SELECT "public"."Category"."id", "public"."Category"."name", "public"."Category"."nameFa", "public"."Category"."icon", "public"."Category"."color", "public"."Category"."type"::text, "public"."Category"."isDefault", "public"."Category"."userId", "public"."Category"."createdAt", "public"."Category"."updatedAt" FROM "public"."Category" WHERE ("public"."Category"."name" = $1 AND "public"."Category"."userId" = $2) LIMIT $3 OFFSET $4
prisma:query SELECT SUM("public"."Transaction"."amount") AS "_sum$amount", COUNT(*) AS "_count$_all", "public"."Transaction"."categoryId", "public"."Transaction"."type"::text FROM "public"."Transaction" WHERE "public"."Transaction"."userId" = $1 GROUP BY "public"."Transaction"."categoryId", "public"."Transaction"."type" ORDER BY SUM("public"."Transaction"."amount") DESC OFFSET $2
prisma:query SELECT SUM("amount") AS "_sum$amount", COUNT(*) AS "_count$_all" FROM (SELECT "public"."Transaction"."amount", "public"."Transaction"."id" FROM "public"."Transaction" WHERE ("public"."Transaction"."userId" = $1 AND "public"."Transaction"."type" = CAST($2::text AS "public"."TransactionType")) OFFSET $3) AS "sub"
prisma:query INSERT INTO "public"."Category" ("id","name","nameFa","icon","color","type","isDefault","userId","createdAt","updatedAt") VALUES ($1,$2,$3,$4,$5,CAST($6::text AS "public"."TransactionType"),$7,$8,$9,$10) RETURNING "public"."Category"."id", "public"."Category"."name", "public"."Category"."nameFa", "public"."Category"."icon", "public"."Category"."color", "public"."Category"."type"::text, "public"."Category"."isDefault", "public"."Category"."userId", "public"."Category"."createdAt", "public"."Category"."updatedAt"
prisma:query SELECT "public"."Category"."id", "public"."Category"."name", "public"."Category"."nameFa", "public"."Category"."icon", "public"."Category"."color" FROM "public"."Category" WHERE "public"."Category"."id" IN (NULL) OFFSET $1
prisma:query SELECT "public"."Category"."id", "public"."Category"."name", "public"."Category"."nameFa", "public"."Category"."icon", "public"."Category"."color", "public"."Category"."type"::text, "public"."Category"."isDefault", "public"."Category"."userId", "public"."Category"."createdAt", "public"."Category"."updatedAt" FROM "public"."Category" WHERE ("public"."Category"."name" = $1 AND "public"."Category"."userId" = $2) LIMIT $3 OFFSET $4
prisma:query INSERT INTO "public"."Category" ("id","name","nameFa","icon","color","type","isDefault","userId","createdAt","updatedAt") VALUES ($1,$2,$3,$4,$5,CAST($6::text AS "public"."TransactionType"),$7,$8,$9,$10) RETURNING "public"."Category"."id", "public"."Category"."name", "public"."Category"."nameFa", "public"."Category"."icon", "public"."Category"."color", "public"."Category"."type"::text, "public"."Category"."isDefault", "public"."Category"."userId", "public"."Category"."createdAt", "public"."Category"."updatedAt"
 GET /api/auth/session 200 in 824ms (next.js: 651ms, proxy.ts: 103ms, application-code: 69ms)
prisma:query SELECT "public"."Category"."id", "public"."Category"."name", "public"."Category"."nameFa", "public"."Category"."icon", "public"."Category"."color", "public"."Category"."type"::text FROM "public"."Category" WHERE ("public"."Category"."userId" = $1 OR "public"."Category"."userId" IS NULL) OFFSET $2
 GET /api/dashboard 200 in 840ms (next.js: 318ms, proxy.ts: 110ms, application-code: 412ms)
prisma:query SELECT "public"."Category"."id", "public"."Category"."name", "public"."Category"."nameFa", "public"."Category"."icon", "public"."Category"."color", "public"."Category"."type"::text, "public"."Category"."isDefault", "public"."Category"."userId", "public"."Category"."createdAt", "public"."Category"."updatedAt" FROM "public"."Category" WHERE ("public"."Category"."name" = $1 AND "public"."Category"."userId" = $2) LIMIT $3 OFFSET $4
prisma:query INSERT INTO "public"."Category" ("id","name","nameFa","icon","color","type","isDefault","userId","createdAt","updatedAt") VALUES ($1,$2,$3,$4,$5,CAST($6::text AS "public"."TransactionType"),$7,$8,$9,$10) RETURNING "public"."Category"."id", "public"."Category"."name", "public"."Category"."nameFa", "public"."Category"."icon", "public"."Category"."color", "public"."Category"."type"::text, "public"."Category"."isDefault", "public"."Category"."userId", "public"."Category"."createdAt", "public"."Category"."updatedAt"
prisma:query SELECT "public"."Category"."id", "public"."Category"."name", "public"."Category"."nameFa", "public"."Category"."icon", "public"."Category"."color", "public"."Category"."type"::text, "public"."Category"."isDefault", "public"."Category"."userId", "public"."Category"."createdAt", "public"."Category"."updatedAt" FROM "public"."Category" WHERE ("public"."Category"."name" = $1 AND "public"."Category"."userId" = $2) LIMIT $3 OFFSET $4
prisma:query INSERT INTO "public"."Category" ("id","name","nameFa","icon","color","type","isDefault","userId","createdAt","updatedAt") VALUES ($1,$2,$3,$4,$5,CAST($6::text AS "public"."TransactionType"),$7,$8,$9,$10) RETURNING "public"."Category"."id", "public"."Category"."name", "public"."Category"."nameFa", "public"."Category"."icon", "public"."Category"."color", "public"."Category"."type"::text, "public"."Category"."isDefault", "public"."Category"."userId", "public"."Category"."createdAt", "public"."Category"."updatedAt"
prisma:query SELECT "public"."Category"."id", "public"."Category"."name", "public"."Category"."nameFa", "public"."Category"."icon", "public"."Category"."color", "public"."Category"."type"::text, "public"."Category"."isDefault", "public"."Category"."userId", "public"."Category"."createdAt", "public"."Category"."updatedAt" FROM "public"."Category" WHERE ("public"."Category"."name" = $1 AND "public"."Category"."userId" = $2) LIMIT $3 OFFSET $4
prisma:query INSERT INTO "public"."Category" ("id","name","nameFa","icon","color","type","isDefault","userId","createdAt","updatedAt") VALUES ($1,$2,$3,$4,$5,CAST($6::text AS "public"."TransactionType"),$7,$8,$9,$10) RETURNING "public"."Category"."id", "public"."Category"."name", "public"."Category"."nameFa", "public"."Category"."icon", "public"."Category"."color", "public"."Category"."type"::text, "public"."Category"."isDefault", "public"."Category"."userId", "public"."Category"."createdAt", "public"."Category"."updatedAt"
prisma:query SELECT "public"."Category"."id", "public"."Category"."name", "public"."Category"."nameFa", "public"."Category"."icon", "public"."Category"."color", "public"."Category"."type"::text, "public"."Category"."isDefault", "public"."Category"."userId", "public"."Category"."createdAt", "public"."Category"."updatedAt" FROM "public"."Category" WHERE ("public"."Category"."name" = $1 AND "public"."Category"."userId" = $2) LIMIT $3 OFFSET $4
prisma:query INSERT INTO "public"."Category" ("id","name","nameFa","icon","color","type","isDefault","userId","createdAt","updatedAt") VALUES ($1,$2,$3,$4,$5,CAST($6::text AS "public"."TransactionType"),$7,$8,$9,$10) RETURNING "public"."Category"."id", "public"."Category"."name", "public"."Category"."nameFa", "public"."Category"."icon", "public"."Category"."color", "public"."Category"."type"::text, "public"."Category"."isDefault", "public"."Category"."userId", "public"."Category"."createdAt", "public"."Category"."updatedAt"
prisma:query SELECT "public"."Category"."id", "public"."Category"."name", "public"."Category"."nameFa", "public"."Category"."icon", "public"."Category"."color", "public"."Category"."type"::text, "public"."Category"."isDefault", "public"."Category"."userId", "public"."Category"."createdAt", "public"."Category"."updatedAt" FROM "public"."Category" WHERE ("public"."Category"."name" = $1 AND "public"."Category"."userId" = $2) LIMIT $3 OFFSET $4
prisma:query INSERT INTO "public"."Category" ("id","name","nameFa","icon","color","type","isDefault","userId","createdAt","updatedAt") VALUES ($1,$2,$3,$4,$5,CAST($6::text AS "public"."TransactionType"),$7,$8,$9,$10) RETURNING "public"."Category"."id", "public"."Category"."name", "public"."Category"."nameFa", "public"."Category"."icon", "public"."Category"."color", "public"."Category"."type"::text, "public"."Category"."isDefault", "public"."Category"."userId", "public"."Category"."createdAt", "public"."Category"."updatedAt"
prisma:query SELECT "public"."Category"."id", "public"."Category"."name", "public"."Category"."nameFa", "public"."Category"."icon", "public"."Category"."color", "public"."Category"."type"::text, "public"."Category"."isDefault", "public"."Category"."userId", "public"."Category"."createdAt", "public"."Category"."updatedAt" FROM "public"."Category" WHERE ("public"."Category"."name" = $1 AND "public"."Category"."userId" = $2) LIMIT $3 OFFSET $4
prisma:query INSERT INTO "public"."Category" ("id","name","nameFa","icon","color","type","isDefault","userId","createdAt","updatedAt") VALUES ($1,$2,$3,$4,$5,CAST($6::text AS "public"."TransactionType"),$7,$8,$9,$10) RETURNING "public"."Category"."id", "public"."Category"."name", "public"."Category"."nameFa", "public"."Category"."icon", "public"."Category"."color", "public"."Category"."type"::text, "public"."Category"."isDefault", "public"."Category"."userId", "public"."Category"."createdAt", "public"."Category"."updatedAt"
prisma:query SELECT "public"."Category"."id", "public"."Category"."name", "public"."Category"."nameFa", "public"."Category"."icon", "public"."Category"."color", "public"."Category"."type"::text, "public"."Category"."isDefault", "public"."Category"."userId", "public"."Category"."createdAt", "public"."Category"."updatedAt" FROM "public"."Category" WHERE ("public"."Category"."name" = $1 AND "public"."Category"."userId" = $2) LIMIT $3 OFFSET $4
[10:59:03 UTC] [33mWARN[39m: [36mZhipu categorization failed, using fallback[39m
    [35mservice[39m: "finance-app"
    [35muserId[39m: "cmspyvf2w0000u4vsyj6pjwgw"
    [35mdescription[39m: "تست تراکنش"
    error: {
      "status": 401,
      "headers": {},
      "requestID": null,
      "error": {
        "code": "401",
        "message": "令牌已过期或验证不正确"
      },
      "code": "401"
    }
prisma:query INSERT INTO "public"."Category" ("id","name","nameFa","icon","color","type","isDefault","userId","createdAt","updatedAt") VALUES ($1,$2,$3,$4,$5,CAST($6::text AS "public"."TransactionType"),$7,$8,$9,$10) RETURNING "public"."Category"."id", "public"."Category"."name", "public"."Category"."nameFa", "public"."Category"."icon", "public"."Category"."color", "public"."Category"."type"::text, "public"."Category"."isDefault", "public"."Category"."userId", "public"."Category"."createdAt", "public"."Category"."updatedAt"
 POST /api/auth/register 201 in 1036ms (next.js: 46ms, proxy.ts: 15ms, application-code: 975ms)
[10:59:04 UTC] [32mINFO[39m: [36mUser registered[39m
    [35mservice[39m: "finance-app"
    [35muserId[39m: "cmspz8aqq0010nuvsrvfgdqok"
    [35memail[39m: "test1786532341246@example.com"
 GET /api/auth/session 200 in 274ms (next.js: 96ms, proxy.ts: 140ms, application-code: 39ms)
 GET /dashboard/transactions/new 200 in 495ms (next.js: 39ms, proxy.ts: 185ms, application-code: 271ms)
 GET /login?registered=true 200 in 141ms (next.js: 46ms, proxy.ts: 11ms, application-code: 84ms)
 GET /dashboard 200 in 187ms (next.js: 5ms, proxy.ts: 19ms, application-code: 164ms)
 GET /dashboard/transactions 200 in 298ms (next.js: 27ms, proxy.ts: 61ms, application-code: 209ms)
prisma:query SELECT "public"."Category"."id", "public"."Category"."name", "public"."Category"."nameFa", "public"."Category"."icon", "public"."Category"."color", "public"."Category"."type"::text, "public"."Category"."isDefault", "public"."Category"."userId", "public"."Category"."createdAt", "public"."Category"."updatedAt" FROM "public"."Category" WHERE ("public"."Category"."userId" = $1 OR "public"."Category"."userId" IS NULL) ORDER BY "public"."Category"."type" ASC, "public"."Category"."nameFa" ASC OFFSET $2
 GET /api/categories 200 in 230ms (next.js: 19ms, proxy.ts: 75ms, application-code: 135ms)
 GET /api/auth/session 200 in 237ms (next.js: 79ms, proxy.ts: 76ms, application-code: 82ms)
 GET /api/auth/session 200 in 64ms (next.js: 13ms, proxy.ts: 28ms, application-code: 23ms)
prisma:query SELECT "public"."Category"."id", "public"."Category"."name", "public"."Category"."nameFa", "public"."Category"."icon", "public"."Category"."type"::text FROM "public"."Category" WHERE (("public"."Category"."userId" = $1 OR "public"."Category"."userId" IS NULL) AND "public"."Category"."type" = CAST($2::text AS "public"."TransactionType")) OFFSET $3
prisma:query SELECT SUM("public"."Transaction"."amount") AS "_sum$amount", COUNT(*) AS "_count$_all", "public"."Transaction"."categoryId", "public"."Transaction"."type"::text FROM "public"."Transaction" WHERE "public"."Transaction"."userId" = $1 GROUP BY "public"."Transaction"."categoryId", "public"."Transaction"."type" ORDER BY SUM("public"."Transaction"."amount") DESC OFFSET $2
prisma:query SELECT SUM("amount") AS "_sum$amount", COUNT(*) AS "_count$_all" FROM (SELECT "public"."Transaction"."amount", "public"."Transaction"."id" FROM "public"."Transaction" WHERE ("public"."Transaction"."userId" = $1 AND "public"."Transaction"."type" = CAST($2::text AS "public"."TransactionType")) OFFSET $3) AS "sub"
prisma:query SELECT SUM("amount") AS "_sum$amount", COUNT(*) AS "_count$_all" FROM (SELECT "public"."Transaction"."amount", "public"."Transaction"."id" FROM "public"."Transaction" WHERE ("public"."Transaction"."userId" = $1 AND "public"."Transaction"."type" = CAST($2::text AS "public"."TransactionType")) OFFSET $3) AS "sub"
prisma:query SELECT "public"."Transaction"."id", "public"."Transaction"."amount", "public"."Transaction"."type"::text, "public"."Transaction"."description", "public"."Transaction"."date", "public"."Transaction"."receiptUrl", "public"."Transaction"."userId", "public"."Transaction"."categoryId", "public"."Transaction"."createdAt", "public"."Transaction"."updatedAt" FROM "public"."Transaction" WHERE "public"."Transaction"."userId" = $1 ORDER BY "public"."Transaction"."date" DESC LIMIT $2 OFFSET $3
prisma:query SELECT "public"."Category"."id", "public"."Category"."name", "public"."Category"."nameFa", "public"."Category"."icon", "public"."Category"."color" FROM "public"."Category" WHERE "public"."Category"."id" IN (NULL) OFFSET $1
 GET /api/auth/session 200 in 156ms (next.js: 30ms, proxy.ts: 84ms, application-code: 42ms)
prisma:query SELECT "public"."Category"."id", "public"."Category"."name", "public"."Category"."nameFa", "public"."Category"."icon", "public"."Category"."color", "public"."Category"."type"::text FROM "public"."Category" WHERE ("public"."Category"."userId" = $1 OR "public"."Category"."userId" IS NULL) OFFSET $2
 GET /api/dashboard 200 in 169ms (next.js: 11ms, proxy.ts: 84ms, application-code: 74ms)
 POST /api/transactions 400 in 123ms (next.js: 8ms, proxy.ts: 72ms, application-code: 43ms)
 GET /api/auth/session 200 in 95ms (next.js: 21ms, proxy.ts: 21ms, application-code: 53ms)
 GET /api/transactions?sortBy=date&sortOrder=desc&page=1&limit=20 400 in 117ms (next.js: 17ms, proxy.ts: 57ms, application-code: 43ms)
prisma:query SELECT "public"."Category"."id", "public"."Category"."name", "public"."Category"."nameFa", "public"."Category"."icon", "public"."Category"."color", "public"."Category"."type"::text, "public"."Category"."isDefault", "public"."Category"."userId", "public"."Category"."createdAt", "public"."Category"."updatedAt" FROM "public"."Category" WHERE ("public"."Category"."userId" = $1 OR "public"."Category"."userId" IS NULL) ORDER BY "public"."Category"."type" ASC, "public"."Category"."nameFa" ASC OFFSET $2
 GET /api/categories 200 in 124ms (next.js: 10ms, proxy.ts: 56ms, application-code: 58ms)
 GET /api/auth/session 200 in 120ms (next.js: 30ms, proxy.ts: 51ms, application-code: 40ms)
 GET /api/auth/session 200 in 46ms (next.js: 12ms, proxy.ts: 17ms, application-code: 17ms)
 GET /login 200 in 104ms (next.js: 4ms, proxy.ts: 6ms, application-code: 95ms)
 GET /api/auth/session 200 in 57ms (next.js: 46ms, proxy.ts: 4ms, application-code: 7ms)
 GET /api/auth/session 200 in 19ms (next.js: 7ms, proxy.ts: 6ms, application-code: 7ms)
 GET /login 200 in 94ms (next.js: 5ms, proxy.ts: 5ms, application-code: 84ms)
 GET /api/auth/session 200 in 64ms (next.js: 49ms, proxy.ts: 6ms, application-code: 9ms)
 GET /api/auth/session 200 in 19ms (next.js: 7ms, proxy.ts: 4ms, application-code: 8ms)
 POST /api/transactions/categorize 200 in 5.2s (next.js: 8ms, proxy.ts: 38ms, application-code: 5.1s)
[10:59:13 UTC] [33mWARN[39m: [36mZhipu categorization failed, using fallback[39m
    [35mservice[39m: "finance-app"
    [35muserId[39m: "cmspyvf2w0000u4vsyj6pjwgw"
    [35mdescription[39m: "تست تراکنش"
    error: {
      "status": 401,
      "headers": {},
      "requestID": null,
      "error": {
        "code": "401",
        "message": "令牌已过期或验证不正确"
      },
      "code": "401"
    }
 GET / 307 in 81ms (next.js: 3ms, proxy.ts: 6ms, application-code: 72ms)
 GET /login 200 in 65ms (next.js: 4ms, proxy.ts: 6ms, application-code: 54ms)
 GET / 307 in 80ms (next.js: 3ms, proxy.ts: 7ms, application-code: 70ms)
 GET /login 200 in 60ms (next.js: 3ms, proxy.ts: 4ms, application-code: 54ms)
 GET /login?callbackUrl=%2Fdashboard 200 in 395ms (next.js: 7ms, proxy.ts: 6ms, application-code: 382ms)
 GET /register 200 in 422ms (next.js: 7ms, proxy.ts: 21ms, application-code: 395ms)
 GET /register 200 in 420ms (next.js: 21ms, proxy.ts: 14ms, application-code: 386ms)
 GET /login 200 in 442ms (next.js: 71ms, proxy.ts: 16ms, application-code: 355ms)
 GET /api/auth/session 200 in 101ms (next.js: 75ms, proxy.ts: 11ms, application-code: 16ms)
 GET /api/auth/session 200 in 116ms (next.js: 91ms, proxy.ts: 11ms, application-code: 13ms)
 GET /api/auth/session 200 in 82ms (next.js: 46ms, proxy.ts: 20ms, application-code: 15ms)
 GET /api/auth/session 200 in 80ms (next.js: 51ms, proxy.ts: 18ms, application-code: 11ms)
 GET /api/auth/session 200 in 79ms (next.js: 56ms, proxy.ts: 15ms, application-code: 8ms)
 GET /api/auth/session 200 in 84ms (next.js: 52ms, proxy.ts: 24ms, application-code: 8ms)
 GET /api/auth/session 200 in 39ms (next.js: 24ms, proxy.ts: 11ms, application-code: 5ms)
 GET /api/auth/session 200 in 43ms (next.js: 28ms, proxy.ts: 10ms, application-code: 4ms)
prisma:query SELECT "public"."User"."id", "public"."User"."name", "public"."User"."email", "public"."User"."emailVerified", "public"."User"."passwordHash", "public"."User"."image", "public"."User"."createdAt", "public"."User"."updatedAt" FROM "public"."User" WHERE ("public"."User"."email" = $1 AND 1=1) LIMIT $2 OFFSET $3
prisma:query INSERT INTO "public"."User" ("id","name","email","passwordHash","createdAt","updatedAt") VALUES ($1,$2,$3,$4,$5,$6) RETURNING "public"."User"."id", "public"."User"."email", "public"."User"."name", "public"."User"."createdAt"
prisma:query SELECT "public"."Category"."id", "public"."Category"."name", "public"."Category"."nameFa", "public"."Category"."icon", "public"."Category"."color", "public"."Category"."type"::text, "public"."Category"."isDefault", "public"."Category"."userId", "public"."Category"."createdAt", "public"."Category"."updatedAt" FROM "public"."Category" WHERE ("public"."Category"."name" = $1 AND "public"."Category"."userId" = $2) LIMIT $3 OFFSET $4
prisma:query INSERT INTO "public"."Category" ("id","name","nameFa","icon","color","type","isDefault","userId","createdAt","updatedAt") VALUES ($1,$2,$3,$4,$5,CAST($6::text AS "public"."TransactionType"),$7,$8,$9,$10) RETURNING "public"."Category"."id", "public"."Category"."name", "public"."Category"."nameFa", "public"."Category"."icon", "public"."Category"."color", "public"."Category"."type"::text, "public"."Category"."isDefault", "public"."Category"."userId", "public"."Category"."createdAt", "public"."Category"."updatedAt"
 GET /dashboard 200 in 938ms (next.js: 5ms, proxy.ts: 80ms, application-code: 853ms)
prisma:query SELECT "public"."Category"."id", "public"."Category"."name", "public"."Category"."nameFa", "public"."Category"."icon", "public"."Category"."color", "public"."Category"."type"::text, "public"."Category"."isDefault", "public"."Category"."userId", "public"."Category"."createdAt", "public"."Category"."updatedAt" FROM "public"."Category" WHERE ("public"."Category"."name" = $1 AND "public"."Category"."userId" = $2) LIMIT $3 OFFSET $4
prisma:query INSERT INTO "public"."Category" ("id","name","nameFa","icon","color","type","isDefault","userId","createdAt","updatedAt") VALUES ($1,$2,$3,$4,$5,CAST($6::text AS "public"."TransactionType"),$7,$8,$9,$10) RETURNING "public"."Category"."id", "public"."Category"."name", "public"."Category"."nameFa", "public"."Category"."icon", "public"."Category"."color", "public"."Category"."type"::text, "public"."Category"."isDefault", "public"."Category"."userId", "public"."Category"."createdAt", "public"."Category"."updatedAt"
prisma:query SELECT "public"."Category"."id", "public"."Category"."name", "public"."Category"."nameFa", "public"."Category"."icon", "public"."Category"."color", "public"."Category"."type"::text, "public"."Category"."isDefault", "public"."Category"."userId", "public"."Category"."createdAt", "public"."Category"."updatedAt" FROM "public"."Category" WHERE ("public"."Category"."name" = $1 AND "public"."Category"."userId" = $2) LIMIT $3 OFFSET $4
prisma:query INSERT INTO "public"."Category" ("id","name","nameFa","icon","color","type","isDefault","userId","createdAt","updatedAt") VALUES ($1,$2,$3,$4,$5,CAST($6::text AS "public"."TransactionType"),$7,$8,$9,$10) RETURNING "public"."Category"."id", "public"."Category"."name", "public"."Category"."nameFa", "public"."Category"."icon", "public"."Category"."color", "public"."Category"."type"::text, "public"."Category"."isDefault", "public"."Category"."userId", "public"."Category"."createdAt", "public"."Category"."updatedAt"
prisma:query SELECT "public"."Category"."id", "public"."Category"."name", "public"."Category"."nameFa", "public"."Category"."icon", "public"."Category"."color", "public"."Category"."type"::text, "public"."Category"."isDefault", "public"."Category"."userId", "public"."Category"."createdAt", "public"."Category"."updatedAt" FROM "public"."Category" WHERE ("public"."Category"."name" = $1 AND "public"."Category"."userId" = $2) LIMIT $3 OFFSET $4
prisma:query INSERT INTO "public"."Category" ("id","name","nameFa","icon","color","type","isDefault","userId","createdAt","updatedAt") VALUES ($1,$2,$3,$4,$5,CAST($6::text AS "public"."TransactionType"),$7,$8,$9,$10) RETURNING "public"."Category"."id", "public"."Category"."name", "public"."Category"."nameFa", "public"."Category"."icon", "public"."Category"."color", "public"."Category"."type"::text, "public"."Category"."isDefault", "public"."Category"."userId", "public"."Category"."createdAt", "public"."Category"."updatedAt"
prisma:query SELECT "public"."Category"."id", "public"."Category"."name", "public"."Category"."nameFa", "public"."Category"."icon", "public"."Category"."color", "public"."Category"."type"::text, "public"."Category"."isDefault", "public"."Category"."userId", "public"."Category"."createdAt", "public"."Category"."updatedAt" FROM "public"."Category" WHERE ("public"."Category"."name" = $1 AND "public"."Category"."userId" = $2) LIMIT $3 OFFSET $4
prisma:query INSERT INTO "public"."Category" ("id","name","nameFa","icon","color","type","isDefault","userId","createdAt","updatedAt") VALUES ($1,$2,$3,$4,$5,CAST($6::text AS "public"."TransactionType"),$7,$8,$9,$10) RETURNING "public"."Category"."id", "public"."Category"."name", "public"."Category"."nameFa", "public"."Category"."icon", "public"."Category"."color", "public"."Category"."type"::text, "public"."Category"."isDefault", "public"."Category"."userId", "public"."Category"."createdAt", "public"."Category"."updatedAt"
prisma:query SELECT "public"."Category"."id", "public"."Category"."name", "public"."Category"."nameFa", "public"."Category"."icon", "public"."Category"."color", "public"."Category"."type"::text, "public"."Category"."isDefault", "public"."Category"."userId", "public"."Category"."createdAt", "public"."Category"."updatedAt" FROM "public"."Category" WHERE ("public"."Category"."name" = $1 AND "public"."Category"."userId" = $2) LIMIT $3 OFFSET $4
prisma:query INSERT INTO "public"."Category" ("id","name","nameFa","icon","color","type","isDefault","userId","createdAt","updatedAt") VALUES ($1,$2,$3,$4,$5,CAST($6::text AS "public"."TransactionType"),$7,$8,$9,$10) RETURNING "public"."Category"."id", "public"."Category"."name", "public"."Category"."nameFa", "public"."Category"."icon", "public"."Category"."color", "public"."Category"."type"::text, "public"."Category"."isDefault", "public"."Category"."userId", "public"."Category"."createdAt", "public"."Category"."updatedAt"
prisma:query SELECT "public"."Category"."id", "public"."Category"."name", "public"."Category"."nameFa", "public"."Category"."icon", "public"."Category"."color", "public"."Category"."type"::text, "public"."Category"."isDefault", "public"."Category"."userId", "public"."Category"."createdAt", "public"."Category"."updatedAt" FROM "public"."Category" WHERE ("public"."Category"."name" = $1 AND "public"."Category"."userId" = $2) LIMIT $3 OFFSET $4
prisma:query INSERT INTO "public"."Category" ("id","name","nameFa","icon","color","type","isDefault","userId","createdAt","updatedAt") VALUES ($1,$2,$3,$4,$5,CAST($6::text AS "public"."TransactionType"),$7,$8,$9,$10) RETURNING "public"."Category"."id", "public"."Category"."name", "public"."Category"."nameFa", "public"."Category"."icon", "public"."Category"."color", "public"."Category"."type"::text, "public"."Category"."isDefault", "public"."Category"."userId", "public"."Category"."createdAt", "public"."Category"."updatedAt"
prisma:query SELECT "public"."Category"."id", "public"."Category"."name", "public"."Category"."nameFa", "public"."Category"."icon", "public"."Category"."color", "public"."Category"."type"::text, "public"."Category"."isDefault", "public"."Category"."userId", "public"."Category"."createdAt", "public"."Category"."updatedAt" FROM "public"."Category" WHERE ("public"."Category"."name" = $1 AND "public"."Category"."userId" = $2) LIMIT $3 OFFSET $4
prisma:query INSERT INTO "public"."Category" ("id","name","nameFa","icon","color","type","isDefault","userId","createdAt","updatedAt") VALUES ($1,$2,$3,$4,$5,CAST($6::text AS "public"."TransactionType"),$7,$8,$9,$10) RETURNING "public"."Category"."id", "public"."Category"."name", "public"."Category"."nameFa", "public"."Category"."icon", "public"."Category"."color", "public"."Category"."type"::text, "public"."Category"."isDefault", "public"."Category"."userId", "public"."Category"."createdAt", "public"."Category"."updatedAt"
prisma:query SELECT "public"."Category"."id", "public"."Category"."name", "public"."Category"."nameFa", "public"."Category"."icon", "public"."Category"."color", "public"."Category"."type"::text, "public"."Category"."isDefault", "public"."Category"."userId", "public"."Category"."createdAt", "public"."Category"."updatedAt" FROM "public"."Category" WHERE ("public"."Category"."name" = $1 AND "public"."Category"."userId" = $2) LIMIT $3 OFFSET $4
prisma:query INSERT INTO "public"."Category" ("id","name","nameFa","icon","color","type","isDefault","userId","createdAt","updatedAt") VALUES ($1,$2,$3,$4,$5,CAST($6::text AS "public"."TransactionType"),$7,$8,$9,$10) RETURNING "public"."Category"."id", "public"."Category"."name", "public"."Category"."nameFa", "public"."Category"."icon", "public"."Category"."color", "public"."Category"."type"::text, "public"."Category"."isDefault", "public"."Category"."userId", "public"."Category"."createdAt", "public"."Category"."updatedAt"
prisma:query SELECT "public"."Category"."id", "public"."Category"."name", "public"."Category"."nameFa", "public"."Category"."icon", "public"."Category"."color", "public"."Category"."type"::text, "public"."Category"."isDefault", "public"."Category"."userId", "public"."Category"."createdAt", "public"."Category"."updatedAt" FROM "public"."Category" WHERE ("public"."Category"."name" = $1 AND "public"."Category"."userId" = $2) LIMIT $3 OFFSET $4
prisma:query INSERT INTO "public"."Category" ("id","name","nameFa","icon","color","type","isDefault","userId","createdAt","updatedAt") VALUES ($1,$2,$3,$4,$5,CAST($6::text AS "public"."TransactionType"),$7,$8,$9,$10) RETURNING "public"."Category"."id", "public"."Category"."name", "public"."Category"."nameFa", "public"."Category"."icon", "public"."Category"."color", "public"."Category"."type"::text, "public"."Category"."isDefault", "public"."Category"."userId", "public"."Category"."createdAt", "public"."Category"."updatedAt"
prisma:query SELECT "public"."Category"."id", "public"."Category"."name", "public"."Category"."nameFa", "public"."Category"."icon", "public"."Category"."color", "public"."Category"."type"::text, "public"."Category"."isDefault", "public"."Category"."userId", "public"."Category"."createdAt", "public"."Category"."updatedAt" FROM "public"."Category" WHERE ("public"."Category"."name" = $1 AND "public"."Category"."userId" = $2) LIMIT $3 OFFSET $4
prisma:query INSERT INTO "public"."Category" ("id","name","nameFa","icon","color","type","isDefault","userId","createdAt","updatedAt") VALUES ($1,$2,$3,$4,$5,CAST($6::text AS "public"."TransactionType"),$7,$8,$9,$10) RETURNING "public"."Category"."id", "public"."Category"."name", "public"."Category"."nameFa", "public"."Category"."icon", "public"."Category"."color", "public"."Category"."type"::text, "public"."Category"."isDefault", "public"."Category"."userId", "public"."Category"."createdAt", "public"."Category"."updatedAt"
 POST /api/auth/register 201 in 1323ms (next.js: 24ms, proxy.ts: 75ms, application-code: 1225ms)
[10:59:54 UTC] [32mINFO[39m: [36mUser registered[39m
    [35mservice[39m: "finance-app"
    [35muserId[39m: "cmspz9dg7001cnuvsxq26g473"
    [35memail[39m: "test1786532390713@example.com"
 GET /dashboard 200 in 733ms (next.js: 10ms, proxy.ts: 251ms, application-code: 472ms)
 GET /dashboard 200 in 635ms (next.js: 42ms, proxy.ts: 147ms, application-code: 445ms)
 GET /login?registered=true 200 in 103ms (next.js: 16ms, proxy.ts: 18ms, application-code: 70ms)
prisma:query SELECT SUM("amount") AS "_sum$amount", COUNT(*) AS "_count$_all" FROM (SELECT "public"."Transaction"."amount", "public"."Transaction"."id" FROM "public"."Transaction" WHERE ("public"."Transaction"."userId" = $1 AND "public"."Transaction"."type" = CAST($2::text AS "public"."TransactionType")) OFFSET $3) AS "sub"
 GET /api/auth/session 200 in 286ms (next.js: 85ms, proxy.ts: 62ms, application-code: 139ms)
prisma:query SELECT "public"."Transaction"."id", "public"."Transaction"."amount", "public"."Transaction"."type"::text, "public"."Transaction"."description", "public"."Transaction"."date", "public"."Transaction"."receiptUrl", "public"."Transaction"."userId", "public"."Transaction"."categoryId", "public"."Transaction"."createdAt", "public"."Transaction"."updatedAt" FROM "public"."Transaction" WHERE "public"."Transaction"."userId" = $1 ORDER BY "public"."Transaction"."date" DESC LIMIT $2 OFFSET $3
prisma:query SELECT "public"."Category"."id", "public"."Category"."name", "public"."Category"."nameFa", "public"."Category"."icon", "public"."Category"."color" FROM "public"."Category" WHERE "public"."Category"."id" IN (NULL) OFFSET $1
prisma:query SELECT SUM("amount") AS "_sum$amount", COUNT(*) AS "_count$_all" FROM (SELECT "public"."Transaction"."amount", "public"."Transaction"."id" FROM "public"."Transaction" WHERE ("public"."Transaction"."userId" = $1 AND "public"."Transaction"."type" = CAST($2::text AS "public"."TransactionType")) OFFSET $3) AS "sub"
prisma:query SELECT SUM("public"."Transaction"."amount") AS "_sum$amount", COUNT(*) AS "_count$_all", "public"."Transaction"."categoryId", "public"."Transaction"."type"::text FROM "public"."Transaction" WHERE "public"."Transaction"."userId" = $1 GROUP BY "public"."Transaction"."categoryId", "public"."Transaction"."type" ORDER BY SUM("public"."Transaction"."amount") DESC OFFSET $2
prisma:query SELECT "public"."Category"."id", "public"."Category"."name", "public"."Category"."nameFa", "public"."Category"."icon", "public"."Category"."color", "public"."Category"."type"::text FROM "public"."Category" WHERE ("public"."Category"."userId" = $1 OR "public"."Category"."userId" IS NULL) OFFSET $2
 GET /api/dashboard 200 in 526ms (next.js: 8ms, proxy.ts: 68ms, application-code: 450ms)
prisma:query SELECT SUM("amount") AS "_sum$amount", COUNT(*) AS "_count$_all" FROM (SELECT "public"."Transaction"."amount", "public"."Transaction"."id" FROM "public"."Transaction" WHERE ("public"."Transaction"."userId" = $1 AND "public"."Transaction"."type" = CAST($2::text AS "public"."TransactionType")) OFFSET $3) AS "sub"
prisma:query SELECT SUM("amount") AS "_sum$amount", COUNT(*) AS "_count$_all" FROM (SELECT "public"."Transaction"."amount", "public"."Transaction"."id" FROM "public"."Transaction" WHERE ("public"."Transaction"."userId" = $1 AND "public"."Transaction"."type" = CAST($2::text AS "public"."TransactionType")) OFFSET $3) AS "sub"
prisma:query SELECT "public"."Transaction"."id", "public"."Transaction"."amount", "public"."Transaction"."type"::text, "public"."Transaction"."description", "public"."Transaction"."date", "public"."Transaction"."receiptUrl", "public"."Transaction"."userId", "public"."Transaction"."categoryId", "public"."Transaction"."createdAt", "public"."Transaction"."updatedAt" FROM "public"."Transaction" WHERE "public"."Transaction"."userId" = $1 ORDER BY "public"."Transaction"."date" DESC LIMIT $2 OFFSET $3
prisma:query SELECT SUM("public"."Transaction"."amount") AS "_sum$amount", COUNT(*) AS "_count$_all", "public"."Transaction"."categoryId", "public"."Transaction"."type"::text FROM "public"."Transaction" WHERE "public"."Transaction"."userId" = $1 GROUP BY "public"."Transaction"."categoryId", "public"."Transaction"."type" ORDER BY SUM("public"."Transaction"."amount") DESC OFFSET $2
 GET /api/auth/session 200 in 400ms (next.js: 108ms, proxy.ts: 139ms, application-code: 153ms)
prisma:query SELECT "public"."Category"."id", "public"."Category"."name", "public"."Category"."nameFa", "public"."Category"."icon", "public"."Category"."color" FROM "public"."Category" WHERE "public"."Category"."id" IN (NULL) OFFSET $1
prisma:query SELECT SUM("amount") AS "_sum$amount", COUNT(*) AS "_count$_all" FROM (SELECT "public"."Transaction"."amount", "public"."Transaction"."id" FROM "public"."Transaction" WHERE ("public"."Transaction"."userId" = $1 AND "public"."Transaction"."type" = CAST($2::text AS "public"."TransactionType")) OFFSET $3) AS "sub"
prisma:query SELECT SUM("amount") AS "_sum$amount", COUNT(*) AS "_count$_all" FROM (SELECT "public"."Transaction"."amount", "public"."Transaction"."id" FROM "public"."Transaction" WHERE ("public"."Transaction"."userId" = $1 AND "public"."Transaction"."type" = CAST($2::text AS "public"."TransactionType")) OFFSET $3) AS "sub"
prisma:query SELECT "public"."Category"."id", "public"."Category"."name", "public"."Category"."nameFa", "public"."Category"."icon", "public"."Category"."color", "public"."Category"."type"::text FROM "public"."Category" WHERE ("public"."Category"."userId" = $1 OR "public"."Category"."userId" IS NULL) OFFSET $2
 GET /api/dashboard 200 in 450ms (next.js: 23ms, proxy.ts: 140ms, application-code: 287ms)
 GET /api/auth/session 200 in 412ms (next.js: 149ms, proxy.ts: 95ms, application-code: 168ms)
 GET /api/auth/session 200 in 406ms (next.js: 84ms, proxy.ts: 221ms, application-code: 101ms)
prisma:query SELECT "public"."Transaction"."id", "public"."Transaction"."amount", "public"."Transaction"."type"::text, "public"."Transaction"."description", "public"."Transaction"."date", "public"."Transaction"."receiptUrl", "public"."Transaction"."userId", "public"."Transaction"."categoryId", "public"."Transaction"."createdAt", "public"."Transaction"."updatedAt" FROM "public"."Transaction" WHERE "public"."Transaction"."userId" = $1 ORDER BY "public"."Transaction"."date" DESC LIMIT $2 OFFSET $3
prisma:query SELECT SUM("public"."Transaction"."amount") AS "_sum$amount", COUNT(*) AS "_count$_all", "public"."Transaction"."categoryId", "public"."Transaction"."type"::text FROM "public"."Transaction" WHERE "public"."Transaction"."userId" = $1 GROUP BY "public"."Transaction"."categoryId", "public"."Transaction"."type" ORDER BY SUM("public"."Transaction"."amount") DESC OFFSET $2
prisma:query SELECT "public"."Category"."id", "public"."Category"."name", "public"."Category"."nameFa", "public"."Category"."icon", "public"."Category"."color" FROM "public"."Category" WHERE "public"."Category"."id" IN (NULL) OFFSET $1
prisma:query SELECT "public"."Category"."id", "public"."Category"."name", "public"."Category"."nameFa", "public"."Category"."icon", "public"."Category"."color", "public"."Category"."type"::text FROM "public"."Category" WHERE ("public"."Category"."userId" = $1 OR "public"."Category"."userId" IS NULL) OFFSET $2
 GET /api/dashboard 200 in 502ms (next.js: 27ms, proxy.ts: 95ms, application-code: 381ms)
 GET /dashboard/transactions/new 200 in 542ms (next.js: 28ms, proxy.ts: 99ms, application-code: 415ms)
 GET /api/auth/session 200 in 213ms (next.js: 28ms, proxy.ts: 97ms, application-code: 88ms)
 GET /api/auth/session 200 in 194ms (next.js: 30ms, proxy.ts: 73ms, application-code: 91ms)
 GET /dashboard/transactions 200 in 139ms (next.js: 6ms, proxy.ts: 19ms, application-code: 114ms)
prisma:query SELECT "public"."Category"."id", "public"."Category"."name", "public"."Category"."nameFa", "public"."Category"."icon", "public"."Category"."color", "public"."Category"."type"::text, "public"."Category"."isDefault", "public"."Category"."userId", "public"."Category"."createdAt", "public"."Category"."updatedAt" FROM "public"."Category" WHERE ("public"."Category"."userId" = $1 OR "public"."Category"."userId" IS NULL) ORDER BY "public"."Category"."type" ASC, "public"."Category"."nameFa" ASC OFFSET $2
 GET /api/categories 200 in 115ms (next.js: 8ms, proxy.ts: 19ms, application-code: 88ms)
 GET /api/auth/session 200 in 122ms (next.js: 58ms, proxy.ts: 20ms, application-code: 44ms)
 GET /api/auth/session 200 in 56ms (next.js: 13ms, proxy.ts: 26ms, application-code: 17ms)
prisma:query SELECT "public"."Category"."id", "public"."Category"."name", "public"."Category"."nameFa", "public"."Category"."icon", "public"."Category"."color", "public"."Category"."type"::text, "public"."Category"."isDefault", "public"."Category"."userId", "public"."Category"."createdAt", "public"."Category"."updatedAt" FROM "public"."Category" WHERE ("public"."Category"."userId" = $1 OR "public"."Category"."userId" IS NULL) ORDER BY "public"."Category"."type" ASC, "public"."Category"."nameFa" ASC OFFSET $2
 GET /api/categories 200 in 157ms (next.js: 26ms, proxy.ts: 55ms, application-code: 76ms)
 GET /api/transactions?sortBy=date&sortOrder=desc&page=1&limit=20 400 in 154ms (next.js: 24ms, proxy.ts: 68ms, application-code: 62ms)
prisma:query SELECT "public"."Category"."id", "public"."Category"."name", "public"."Category"."nameFa", "public"."Category"."icon", "public"."Category"."type"::text FROM "public"."Category" WHERE (("public"."Category"."userId" = $1 OR "public"."Category"."userId" IS NULL) AND "public"."Category"."type" = CAST($2::text AS "public"."TransactionType")) OFFSET $3
 GET /api/auth/session 200 in 174ms (next.js: 40ms, proxy.ts: 74ms, application-code: 59ms)
 POST /api/transactions 400 in 139ms (next.js: 11ms, proxy.ts: 81ms, application-code: 47ms)
 GET /api/auth/session 200 in 38ms (next.js: 10ms, proxy.ts: 16ms, application-code: 12ms)
 GET /login 200 in 70ms (next.js: 4ms, proxy.ts: 4ms, application-code: 62ms)
 GET /api/auth/session 200 in 56ms (next.js: 42ms, proxy.ts: 5ms, application-code: 10ms)
 GET /api/auth/session 200 in 20ms (next.js: 9ms, proxy.ts: 5ms, application-code: 6ms)
 POST /api/transactions/categorize 200 in 1720ms (next.js: 29ms, proxy.ts: 65ms, application-code: 1626ms)
[10:59:58 UTC] [33mWARN[39m: [36mZhipu categorization failed, using fallback[39m
    [35mservice[39m: "finance-app"
    [35muserId[39m: "cmspyvf2w0000u4vsyj6pjwgw"
    [35mdescription[39m: "تست تراکنش"
    error: {
      "status": 401,
      "headers": {},
      "requestID": null,
      "error": {
        "code": "401",
        "message": "令牌已过期或验证不正确"
      },
      "code": "401"
    }
 GET /login 200 in 77ms (next.js: 23ms, proxy.ts: 4ms, application-code: 49ms)
 GET /api/auth/session 200 in 51ms (next.js: 39ms, proxy.ts: 5ms, application-code: 7ms)
 GET /api/auth/session 200 in 15ms (next.js: 5ms, proxy.ts: 4ms, application-code: 6ms)
 GET /login?callbackUrl=%2Fdashboard 200 in 67ms (next.js: 3ms, proxy.ts: 4ms, application-code: 59ms)
 GET /api/auth/session 200 in 62ms (next.js: 45ms, proxy.ts: 6ms, application-code: 10ms)
 GET /api/auth/session 200 in 17ms (next.js: 6ms, proxy.ts: 5ms, application-code: 5ms)
 GET /register 200 in 82ms (next.js: 4ms, proxy.ts: 5ms, application-code: 72ms)
 GET /login 200 in 72ms (next.js: 3ms, proxy.ts: 6ms, application-code: 64ms)
 GET /api/auth/session 200 in 86ms (next.js: 65ms, proxy.ts: 7ms, application-code: 15ms)
 GET /api/auth/session 200 in 26ms (next.js: 11ms, proxy.ts: 7ms, application-code: 8ms)
 GET /register 200 in 73ms (next.js: 4ms, proxy.ts: 6ms, application-code: 64ms)
 GET /api/auth/session 200 in 38ms (next.js: 19ms, proxy.ts: 8ms, application-code: 11ms)
 GET /api/auth/session 200 in 42ms (next.js: 22ms, proxy.ts: 9ms, application-code: 12ms)
 GET /api/auth/session 200 in 70ms (next.js: 49ms, proxy.ts: 4ms, application-code: 16ms)
 GET /api/auth/session 200 in 40ms (next.js: 17ms, proxy.ts: 9ms, application-code: 14ms)
 GET /dashboard 200 in 175ms (next.js: 26ms, proxy.ts: 16ms, application-code: 133ms)
prisma:query SELECT "public"."User"."id", "public"."User"."name", "public"."User"."email", "public"."User"."emailVerified", "public"."User"."passwordHash", "public"."User"."image", "public"."User"."createdAt", "public"."User"."updatedAt" FROM "public"."User" WHERE ("public"."User"."email" = $1 AND 1=1) LIMIT $2 OFFSET $3
prisma:query INSERT INTO "public"."User" ("id","name","email","passwordHash","createdAt","updatedAt") VALUES ($1,$2,$3,$4,$5,$6) RETURNING "public"."User"."id", "public"."User"."email", "public"."User"."name", "public"."User"."createdAt"
prisma:query SELECT "public"."Category"."id", "public"."Category"."name", "public"."Category"."nameFa", "public"."Category"."icon", "public"."Category"."color", "public"."Category"."type"::text, "public"."Category"."isDefault", "public"."Category"."userId", "public"."Category"."createdAt", "public"."Category"."updatedAt" FROM "public"."Category" WHERE ("public"."Category"."name" = $1 AND "public"."Category"."userId" = $2) LIMIT $3 OFFSET $4
prisma:query INSERT INTO "public"."Category" ("id","name","nameFa","icon","color","type","isDefault","userId","createdAt","updatedAt") VALUES ($1,$2,$3,$4,$5,CAST($6::text AS "public"."TransactionType"),$7,$8,$9,$10) RETURNING "public"."Category"."id", "public"."Category"."name", "public"."Category"."nameFa", "public"."Category"."icon", "public"."Category"."color", "public"."Category"."type"::text, "public"."Category"."isDefault", "public"."Category"."userId", "public"."Category"."createdAt", "public"."Category"."updatedAt"
prisma:query SELECT "public"."Category"."id", "public"."Category"."name", "public"."Category"."nameFa", "public"."Category"."icon", "public"."Category"."color", "public"."Category"."type"::text, "public"."Category"."isDefault", "public"."Category"."userId", "public"."Category"."createdAt", "public"."Category"."updatedAt" FROM "public"."Category" WHERE ("public"."Category"."name" = $1 AND "public"."Category"."userId" = $2) LIMIT $3 OFFSET $4
prisma:query INSERT INTO "public"."Category" ("id","name","nameFa","icon","color","type","isDefault","userId","createdAt","updatedAt") VALUES ($1,$2,$3,$4,$5,CAST($6::text AS "public"."TransactionType"),$7,$8,$9,$10) RETURNING "public"."Category"."id", "public"."Category"."name", "public"."Category"."nameFa", "public"."Category"."icon", "public"."Category"."color", "public"."Category"."type"::text, "public"."Category"."isDefault", "public"."Category"."userId", "public"."Category"."createdAt", "public"."Category"."updatedAt"
 GET /api/auth/session 200 in 121ms (next.js: 53ms, proxy.ts: 27ms, application-code: 41ms)
prisma:query SELECT "public"."Category"."id", "public"."Category"."name", "public"."Category"."nameFa", "public"."Category"."icon", "public"."Category"."color", "public"."Category"."type"::text, "public"."Category"."isDefault", "public"."Category"."userId", "public"."Category"."createdAt", "public"."Category"."updatedAt" FROM "public"."Category" WHERE ("public"."Category"."name" = $1 AND "public"."Category"."userId" = $2) LIMIT $3 OFFSET $4
prisma:query INSERT INTO "public"."Category" ("id","name","nameFa","icon","color","type","isDefault","userId","createdAt","updatedAt") VALUES ($1,$2,$3,$4,$5,CAST($6::text AS "public"."TransactionType"),$7,$8,$9,$10) RETURNING "public"."Category"."id", "public"."Category"."name", "public"."Category"."nameFa", "public"."Category"."icon", "public"."Category"."color", "public"."Category"."type"::text, "public"."Category"."isDefault", "public"."Category"."userId", "public"."Category"."createdAt", "public"."Category"."updatedAt"
prisma:query SELECT "public"."Category"."id", "public"."Category"."name", "public"."Category"."nameFa", "public"."Category"."icon", "public"."Category"."color", "public"."Category"."type"::text, "public"."Category"."isDefault", "public"."Category"."userId", "public"."Category"."createdAt", "public"."Category"."updatedAt" FROM "public"."Category" WHERE ("public"."Category"."name" = $1 AND "public"."Category"."userId" = $2) LIMIT $3 OFFSET $4
prisma:query INSERT INTO "public"."Category" ("id","name","nameFa","icon","color","type","isDefault","userId","createdAt","updatedAt") VALUES ($1,$2,$3,$4,$5,CAST($6::text AS "public"."TransactionType"),$7,$8,$9,$10) RETURNING "public"."Category"."id", "public"."Category"."name", "public"."Category"."nameFa", "public"."Category"."icon", "public"."Category"."color", "public"."Category"."type"::text, "public"."Category"."isDefault", "public"."Category"."userId", "public"."Category"."createdAt", "public"."Category"."updatedAt"
prisma:query SELECT "public"."Category"."id", "public"."Category"."name", "public"."Category"."nameFa", "public"."Category"."icon", "public"."Category"."color", "public"."Category"."type"::text, "public"."Category"."isDefault", "public"."Category"."userId", "public"."Category"."createdAt", "public"."Category"."updatedAt" FROM "public"."Category" WHERE ("public"."Category"."name" = $1 AND "public"."Category"."userId" = $2) LIMIT $3 OFFSET $4
prisma:query INSERT INTO "public"."Category" ("id","name","nameFa","icon","color","type","isDefault","userId","createdAt","updatedAt") VALUES ($1,$2,$3,$4,$5,CAST($6::text AS "public"."TransactionType"),$7,$8,$9,$10) RETURNING "public"."Category"."id", "public"."Category"."name", "public"."Category"."nameFa", "public"."Category"."icon", "public"."Category"."color", "public"."Category"."type"::text, "public"."Category"."isDefault", "public"."Category"."userId", "public"."Category"."createdAt", "public"."Category"."updatedAt"
prisma:query SELECT "public"."Category"."id", "public"."Category"."name", "public"."Category"."nameFa", "public"."Category"."icon", "public"."Category"."color", "public"."Category"."type"::text, "public"."Category"."isDefault", "public"."Category"."userId", "public"."Category"."createdAt", "public"."Category"."updatedAt" FROM "public"."Category" WHERE ("public"."Category"."name" = $1 AND "public"."Category"."userId" = $2) LIMIT $3 OFFSET $4
prisma:query SELECT "public"."Transaction"."id", "public"."Transaction"."amount", "public"."Transaction"."type"::text, "public"."Transaction"."description", "public"."Transaction"."date", "public"."Transaction"."receiptUrl", "public"."Transaction"."userId", "public"."Transaction"."categoryId", "public"."Transaction"."createdAt", "public"."Transaction"."updatedAt" FROM "public"."Transaction" WHERE "public"."Transaction"."userId" = $1 ORDER BY "public"."Transaction"."date" DESC LIMIT $2 OFFSET $3
prisma:query SELECT SUM("amount") AS "_sum$amount", COUNT(*) AS "_count$_all" FROM (SELECT "public"."Transaction"."amount", "public"."Transaction"."id" FROM "public"."Transaction" WHERE ("public"."Transaction"."userId" = $1 AND "public"."Transaction"."type" = CAST($2::text AS "public"."TransactionType")) OFFSET $3) AS "sub"
prisma:query INSERT INTO "public"."Category" ("id","name","nameFa","icon","color","type","isDefault","userId","createdAt","updatedAt") VALUES ($1,$2,$3,$4,$5,CAST($6::text AS "public"."TransactionType"),$7,$8,$9,$10) RETURNING "public"."Category"."id", "public"."Category"."name", "public"."Category"."nameFa", "public"."Category"."icon", "public"."Category"."color", "public"."Category"."type"::text, "public"."Category"."isDefault", "public"."Category"."userId", "public"."Category"."createdAt", "public"."Category"."updatedAt"
prisma:query SELECT SUM("amount") AS "_sum$amount", COUNT(*) AS "_count$_all" FROM (SELECT "public"."Transaction"."amount", "public"."Transaction"."id" FROM "public"."Transaction" WHERE ("public"."Transaction"."userId" = $1 AND "public"."Transaction"."type" = CAST($2::text AS "public"."TransactionType")) OFFSET $3) AS "sub"
prisma:query SELECT SUM("public"."Transaction"."amount") AS "_sum$amount", COUNT(*) AS "_count$_all", "public"."Transaction"."categoryId", "public"."Transaction"."type"::text FROM "public"."Transaction" WHERE "public"."Transaction"."userId" = $1 GROUP BY "public"."Transaction"."categoryId", "public"."Transaction"."type" ORDER BY SUM("public"."Transaction"."amount") DESC OFFSET $2
prisma:query SELECT "public"."Category"."id", "public"."Category"."name", "public"."Category"."nameFa", "public"."Category"."icon", "public"."Category"."color" FROM "public"."Category" WHERE "public"."Category"."id" IN (NULL) OFFSET $1
prisma:query SELECT "public"."Category"."id", "public"."Category"."name", "public"."Category"."nameFa", "public"."Category"."icon", "public"."Category"."color", "public"."Category"."type"::text, "public"."Category"."isDefault", "public"."Category"."userId", "public"."Category"."createdAt", "public"."Category"."updatedAt" FROM "public"."Category" WHERE ("public"."Category"."name" = $1 AND "public"."Category"."userId" = $2) LIMIT $3 OFFSET $4
prisma:query SELECT "public"."Category"."id", "public"."Category"."name", "public"."Category"."nameFa", "public"."Category"."icon", "public"."Category"."color", "public"."Category"."type"::text FROM "public"."Category" WHERE ("public"."Category"."userId" = $1 OR "public"."Category"."userId" IS NULL) OFFSET $2
 GET /api/dashboard 200 in 196ms (next.js: 9ms, proxy.ts: 27ms, application-code: 160ms)
prisma:query INSERT INTO "public"."Category" ("id","name","nameFa","icon","color","type","isDefault","userId","createdAt","updatedAt") VALUES ($1,$2,$3,$4,$5,CAST($6::text AS "public"."TransactionType"),$7,$8,$9,$10) RETURNING "public"."Category"."id", "public"."Category"."name", "public"."Category"."nameFa", "public"."Category"."icon", "public"."Category"."color", "public"."Category"."type"::text, "public"."Category"."isDefault", "public"."Category"."userId", "public"."Category"."createdAt", "public"."Category"."updatedAt"
prisma:query SELECT "public"."Category"."id", "public"."Category"."name", "public"."Category"."nameFa", "public"."Category"."icon", "public"."Category"."color", "public"."Category"."type"::text, "public"."Category"."isDefault", "public"."Category"."userId", "public"."Category"."createdAt", "public"."Category"."updatedAt" FROM "public"."Category" WHERE ("public"."Category"."name" = $1 AND "public"."Category"."userId" = $2) LIMIT $3 OFFSET $4
prisma:query INSERT INTO "public"."Category" ("id","name","nameFa","icon","color","type","isDefault","userId","createdAt","updatedAt") VALUES ($1,$2,$3,$4,$5,CAST($6::text AS "public"."TransactionType"),$7,$8,$9,$10) RETURNING "public"."Category"."id", "public"."Category"."name", "public"."Category"."nameFa", "public"."Category"."icon", "public"."Category"."color", "public"."Category"."type"::text, "public"."Category"."isDefault", "public"."Category"."userId", "public"."Category"."createdAt", "public"."Category"."updatedAt"
prisma:query SELECT "public"."Category"."id", "public"."Category"."name", "public"."Category"."nameFa", "public"."Category"."icon", "public"."Category"."color", "public"."Category"."type"::text, "public"."Category"."isDefault", "public"."Category"."userId", "public"."Category"."createdAt", "public"."Category"."updatedAt" FROM "public"."Category" WHERE ("public"."Category"."name" = $1 AND "public"."Category"."userId" = $2) LIMIT $3 OFFSET $4
prisma:query INSERT INTO "public"."Category" ("id","name","nameFa","icon","color","type","isDefault","userId","createdAt","updatedAt") VALUES ($1,$2,$3,$4,$5,CAST($6::text AS "public"."TransactionType"),$7,$8,$9,$10) RETURNING "public"."Category"."id", "public"."Category"."name", "public"."Category"."nameFa", "public"."Category"."icon", "public"."Category"."color", "public"."Category"."type"::text, "public"."Category"."isDefault", "public"."Category"."userId", "public"."Category"."createdAt", "public"."Category"."updatedAt"
prisma:query SELECT "public"."Category"."id", "public"."Category"."name", "public"."Category"."nameFa", "public"."Category"."icon", "public"."Category"."color", "public"."Category"."type"::text, "public"."Category"."isDefault", "public"."Category"."userId", "public"."Category"."createdAt", "public"."Category"."updatedAt" FROM "public"."Category" WHERE ("public"."Category"."name" = $1 AND "public"."Category"."userId" = $2) LIMIT $3 OFFSET $4
prisma:query INSERT INTO "public"."Category" ("id","name","nameFa","icon","color","type","isDefault","userId","createdAt","updatedAt") VALUES ($1,$2,$3,$4,$5,CAST($6::text AS "public"."TransactionType"),$7,$8,$9,$10) RETURNING "public"."Category"."id", "public"."Category"."name", "public"."Category"."nameFa", "public"."Category"."icon", "public"."Category"."color", "public"."Category"."type"::text, "public"."Category"."isDefault", "public"."Category"."userId", "public"."Category"."createdAt", "public"."Category"."updatedAt"
prisma:query SELECT "public"."Category"."id", "public"."Category"."name", "public"."Category"."nameFa", "public"."Category"."icon", "public"."Category"."color", "public"."Category"."type"::text, "public"."Category"."isDefault", "public"."Category"."userId", "public"."Category"."createdAt", "public"."Category"."updatedAt" FROM "public"."Category" WHERE ("public"."Category"."name" = $1 AND "public"."Category"."userId" = $2) LIMIT $3 OFFSET $4
 GET /api/auth/session 200 in 117ms (next.js: 30ms, proxy.ts: 54ms, application-code: 33ms)
prisma:query INSERT INTO "public"."Category" ("id","name","nameFa","icon","color","type","isDefault","userId","createdAt","updatedAt") VALUES ($1,$2,$3,$4,$5,CAST($6::text AS "public"."TransactionType"),$7,$8,$9,$10) RETURNING "public"."Category"."id", "public"."Category"."name", "public"."Category"."nameFa", "public"."Category"."icon", "public"."Category"."color", "public"."Category"."type"::text, "public"."Category"."isDefault", "public"."Category"."userId", "public"."Category"."createdAt", "public"."Category"."updatedAt"
 POST /api/auth/register 201 in 769ms (next.js: 4ms, proxy.ts: 6ms, application-code: 759ms)
[11:00:06 UTC] [32mINFO[39m: [36mUser registered[39m
    [35mservice[39m: "finance-app"
    [35muserId[39m: "cmspz9n4w001onuvsigbanuwa"
    [35memail[39m: "test1786532404460@example.com"
 GET /login?registered=true 200 in 66ms (next.js: 6ms, proxy.ts: 7ms, application-code: 53ms)
 GET /dashboard 200 in 91ms (next.js: 4ms, proxy.ts: 10ms, application-code: 77ms)
 GET /dashboard 200 in 168ms (next.js: 5ms, proxy.ts: 16ms, application-code: 146ms)
prisma:query SELECT SUM("amount") AS "_sum$amount", COUNT(*) AS "_count$_all" FROM (SELECT "public"."Transaction"."amount", "public"."Transaction"."id" FROM "public"."Transaction" WHERE ("public"."Transaction"."userId" = $1 AND "public"."Transaction"."type" = CAST($2::text AS "public"."TransactionType")) OFFSET $3) AS "sub"
prisma:query SELECT SUM("public"."Transaction"."amount") AS "_sum$amount", COUNT(*) AS "_count$_all", "public"."Transaction"."categoryId", "public"."Transaction"."type"::text FROM "public"."Transaction" WHERE "public"."Transaction"."userId" = $1 GROUP BY "public"."Transaction"."categoryId", "public"."Transaction"."type" ORDER BY SUM("public"."Transaction"."amount") DESC OFFSET $2
prisma:query SELECT "public"."Transaction"."id", "public"."Transaction"."amount", "public"."Transaction"."type"::text, "public"."Transaction"."description", "public"."Transaction"."date", "public"."Transaction"."receiptUrl", "public"."Transaction"."userId", "public"."Transaction"."categoryId", "public"."Transaction"."createdAt", "public"."Transaction"."updatedAt" FROM "public"."Transaction" WHERE "public"."Transaction"."userId" = $1 ORDER BY "public"."Transaction"."date" DESC LIMIT $2 OFFSET $3
prisma:query SELECT SUM("amount") AS "_sum$amount", COUNT(*) AS "_count$_all" FROM (SELECT "public"."Transaction"."amount", "public"."Transaction"."id" FROM "public"."Transaction" WHERE ("public"."Transaction"."userId" = $1 AND "public"."Transaction"."type" = CAST($2::text AS "public"."TransactionType")) OFFSET $3) AS "sub"
prisma:query SELECT "public"."Category"."id", "public"."Category"."name", "public"."Category"."nameFa", "public"."Category"."icon", "public"."Category"."color" FROM "public"."Category" WHERE "public"."Category"."id" IN (NULL) OFFSET $1
 GET /api/auth/session 200 in 206ms (next.js: 65ms, proxy.ts: 48ms, application-code: 93ms)
prisma:query SELECT "public"."Category"."id", "public"."Category"."name", "public"."Category"."nameFa", "public"."Category"."icon", "public"."Category"."color", "public"."Category"."type"::text FROM "public"."Category" WHERE ("public"."Category"."userId" = $1 OR "public"."Category"."userId" IS NULL) OFFSET $2
 GET /api/dashboard 200 in 220ms (next.js: 9ms, proxy.ts: 51ms, application-code: 160ms)
 GET /api/auth/session 200 in 78ms (next.js: 13ms, proxy.ts: 49ms, application-code: 16ms)
prisma:query SELECT SUM("amount") AS "_sum$amount", COUNT(*) AS "_count$_all" FROM (SELECT "public"."Transaction"."amount", "public"."Transaction"."id" FROM "public"."Transaction" WHERE ("public"."Transaction"."userId" = $1 AND "public"."Transaction"."type" = CAST($2::text AS "public"."TransactionType")) OFFSET $3) AS "sub"
prisma:query SELECT "public"."Transaction"."id", "public"."Transaction"."amount", "public"."Transaction"."type"::text, "public"."Transaction"."description", "public"."Transaction"."date", "public"."Transaction"."receiptUrl", "public"."Transaction"."userId", "public"."Transaction"."categoryId", "public"."Transaction"."createdAt", "public"."Transaction"."updatedAt" FROM "public"."Transaction" WHERE "public"."Transaction"."userId" = $1 ORDER BY "public"."Transaction"."date" DESC LIMIT $2 OFFSET $3
prisma:query SELECT SUM("amount") AS "_sum$amount", COUNT(*) AS "_count$_all" FROM (SELECT "public"."Transaction"."amount", "public"."Transaction"."id" FROM "public"."Transaction" WHERE ("public"."Transaction"."userId" = $1 AND "public"."Transaction"."type" = CAST($2::text AS "public"."TransactionType")) OFFSET $3) AS "sub"
prisma:query SELECT SUM("public"."Transaction"."amount") AS "_sum$amount", COUNT(*) AS "_count$_all", "public"."Transaction"."categoryId", "public"."Transaction"."type"::text FROM "public"."Transaction" WHERE "public"."Transaction"."userId" = $1 GROUP BY "public"."Transaction"."categoryId", "public"."Transaction"."type" ORDER BY SUM("public"."Transaction"."amount") DESC OFFSET $2
prisma:query SELECT "public"."Category"."id", "public"."Category"."name", "public"."Category"."nameFa", "public"."Category"."icon", "public"."Category"."color" FROM "public"."Category" WHERE "public"."Category"."id" IN (NULL) OFFSET $1
prisma:query SELECT "public"."Category"."id", "public"."Category"."name", "public"."Category"."nameFa", "public"."Category"."icon", "public"."Category"."color", "public"."Category"."type"::text FROM "public"."Category" WHERE ("public"."Category"."userId" = $1 OR "public"."Category"."userId" IS NULL) OFFSET $2
 GET /api/dashboard 200 in 72ms (next.js: 9ms, proxy.ts: 20ms, application-code: 44ms)
 GET /api/auth/session 200 in 71ms (next.js: 20ms, proxy.ts: 22ms, application-code: 30ms)
 GET /api/auth/session 200 in 29ms (next.js: 6ms, proxy.ts: 11ms, application-code: 13ms)
 GET /dashboard/transactions/new 200 in 173ms (next.js: 10ms, proxy.ts: 26ms, application-code: 137ms)
 GET /dashboard/transactions 200 in 225ms (next.js: 11ms, proxy.ts: 43ms, application-code: 171ms)
 GET /api/auth/session 200 in 141ms (next.js: 73ms, proxy.ts: 30ms, application-code: 38ms)
prisma:query SELECT "public"."Category"."id", "public"."Category"."name", "public"."Category"."nameFa", "public"."Category"."icon", "public"."Category"."color", "public"."Category"."type"::text, "public"."Category"."isDefault", "public"."Category"."userId", "public"."Category"."createdAt", "public"."Category"."updatedAt" FROM "public"."Category" WHERE ("public"."Category"."userId" = $1 OR "public"."Category"."userId" IS NULL) ORDER BY "public"."Category"."type" ASC, "public"."Category"."nameFa" ASC OFFSET $2
 GET /api/categories 200 in 185ms (next.js: 7ms, proxy.ts: 33ms, application-code: 146ms)
 GET /api/auth/session 200 in 59ms (next.js: 22ms, proxy.ts: 17ms, application-code: 20ms)
 GET /api/transactions?sortBy=date&sortOrder=desc&page=1&limit=20 400 in 119ms (next.js: 21ms, proxy.ts: 57ms, application-code: 41ms)
prisma:query SELECT "public"."Category"."id", "public"."Category"."name", "public"."Category"."nameFa", "public"."Category"."icon", "public"."Category"."color", "public"."Category"."type"::text, "public"."Category"."isDefault", "public"."Category"."userId", "public"."Category"."createdAt", "public"."Category"."updatedAt" FROM "public"."Category" WHERE ("public"."Category"."userId" = $1 OR "public"."Category"."userId" IS NULL) ORDER BY "public"."Category"."type" ASC, "public"."Category"."nameFa" ASC OFFSET $2
 GET /api/categories 200 in 127ms (next.js: 15ms, proxy.ts: 58ms, application-code: 54ms)
 GET /api/auth/session 200 in 127ms (next.js: 40ms, proxy.ts: 53ms, application-code: 33ms)
 GET /api/auth/session 200 in 104ms (next.js: 15ms, proxy.ts: 60ms, application-code: 28ms)
prisma:query SELECT "public"."Category"."id", "public"."Category"."name", "public"."Category"."nameFa", "public"."Category"."icon", "public"."Category"."type"::text FROM "public"."Category" WHERE (("public"."Category"."userId" = $1 OR "public"."Category"."userId" IS NULL) AND "public"."Category"."type" = CAST($2::text AS "public"."TransactionType")) OFFSET $3
 POST /api/transactions 400 in 77ms (next.js: 7ms, proxy.ts: 48ms, application-code: 22ms)
 GET /login 200 in 86ms (next.js: 11ms, proxy.ts: 5ms, application-code: 70ms)
 GET /api/auth/session 200 in 57ms (next.js: 43ms, proxy.ts: 6ms, application-code: 9ms)
 GET /api/auth/session 200 in 17ms (next.js: 6ms, proxy.ts: 4ms, application-code: 7ms)
 POST /api/transactions/categorize 200 in 1571ms (next.js: 5ms, proxy.ts: 19ms, application-code: 1547ms)
[11:00:27 UTC] [33mWARN[39m: [36mZhipu categorization failed, using fallback[39m
    [35mservice[39m: "finance-app"
    [35muserId[39m: "cmspyvf2w0000u4vsyj6pjwgw"
    [35mdescription[39m: "تست تراکنش"
    error: {
      "status": 401,
      "headers": {},
      "requestID": null,
      "error": {
        "code": "401",
        "message": "令牌已过期或验证不正确"
      },
      "code": "401"
    }
 GET /login 200 in 72ms (next.js: 6ms, proxy.ts: 5ms, application-code: 60ms)
 GET /api/auth/session 200 in 54ms (next.js: 41ms, proxy.ts: 4ms, application-code: 9ms)
 GET /api/auth/session 200 in 17ms (next.js: 7ms, proxy.ts: 4ms, application-code: 7ms)
 GET / 307 in 83ms (next.js: 3ms, proxy.ts: 7ms, application-code: 73ms)
 GET /login 200 in 53ms (next.js: 2ms, proxy.ts: 6ms, application-code: 45ms)
 GET / 307 in 74ms (next.js: 3ms, proxy.ts: 4ms, application-code: 67ms)
 GET /login 200 in 63ms (next.js: 4ms, proxy.ts: 5ms, application-code: 55ms)
 GET /login 200 in 369ms (next.js: 3ms, proxy.ts: 34ms, application-code: 332ms)
 GET /register 200 in 300ms (next.js: 16ms, proxy.ts: 16ms, application-code: 268ms)
 GET /register 200 in 309ms (next.js: 57ms, proxy.ts: 14ms, application-code: 238ms)
 GET /login?callbackUrl=%2Fdashboard 200 in 321ms (next.js: 109ms, proxy.ts: 12ms, application-code: 200ms)
 GET /api/auth/session 200 in 85ms (next.js: 64ms, proxy.ts: 8ms, application-code: 13ms)
 GET /api/auth/session 200 in 64ms (next.js: 36ms, proxy.ts: 14ms, application-code: 14ms)
 GET /api/auth/session 200 in 61ms (next.js: 34ms, proxy.ts: 16ms, application-code: 11ms)
 GET /api/auth/session 200 in 73ms (next.js: 41ms, proxy.ts: 13ms, application-code: 19ms)
 GET /api/auth/session 200 in 75ms (next.js: 47ms, proxy.ts: 12ms, application-code: 16ms)
 GET /api/auth/session 200 in 62ms (next.js: 26ms, proxy.ts: 31ms, application-code: 6ms)
 GET /api/auth/session 200 in 74ms (next.js: 30ms, proxy.ts: 30ms, application-code: 14ms)
 GET /api/auth/session 200 in 60ms (next.js: 34ms, proxy.ts: 14ms, application-code: 12ms)
prisma:query SELECT "public"."User"."id", "public"."User"."name", "public"."User"."email", "public"."User"."emailVerified", "public"."User"."passwordHash", "public"."User"."image", "public"."User"."createdAt", "public"."User"."updatedAt" FROM "public"."User" WHERE ("public"."User"."email" = $1 AND 1=1) LIMIT $2 OFFSET $3
 GET /dashboard 200 in 800ms (next.js: 6ms, proxy.ts: 27ms, application-code: 767ms)
prisma:query INSERT INTO "public"."User" ("id","name","email","passwordHash","createdAt","updatedAt") VALUES ($1,$2,$3,$4,$5,$6) RETURNING "public"."User"."id", "public"."User"."email", "public"."User"."name", "public"."User"."createdAt"
prisma:query SELECT "public"."Category"."id", "public"."Category"."name", "public"."Category"."nameFa", "public"."Category"."icon", "public"."Category"."color", "public"."Category"."type"::text, "public"."Category"."isDefault", "public"."Category"."userId", "public"."Category"."createdAt", "public"."Category"."updatedAt" FROM "public"."Category" WHERE ("public"."Category"."name" = $1 AND "public"."Category"."userId" = $2) LIMIT $3 OFFSET $4
prisma:query INSERT INTO "public"."Category" ("id","name","nameFa","icon","color","type","isDefault","userId","createdAt","updatedAt") VALUES ($1,$2,$3,$4,$5,CAST($6::text AS "public"."TransactionType"),$7,$8,$9,$10) RETURNING "public"."Category"."id", "public"."Category"."name", "public"."Category"."nameFa", "public"."Category"."icon", "public"."Category"."color", "public"."Category"."type"::text, "public"."Category"."isDefault", "public"."Category"."userId", "public"."Category"."createdAt", "public"."Category"."updatedAt"
prisma:query SELECT "public"."Category"."id", "public"."Category"."name", "public"."Category"."nameFa", "public"."Category"."icon", "public"."Category"."color", "public"."Category"."type"::text, "public"."Category"."isDefault", "public"."Category"."userId", "public"."Category"."createdAt", "public"."Category"."updatedAt" FROM "public"."Category" WHERE ("public"."Category"."name" = $1 AND "public"."Category"."userId" = $2) LIMIT $3 OFFSET $4
prisma:query INSERT INTO "public"."Category" ("id","name","nameFa","icon","color","type","isDefault","userId","createdAt","updatedAt") VALUES ($1,$2,$3,$4,$5,CAST($6::text AS "public"."TransactionType"),$7,$8,$9,$10) RETURNING "public"."Category"."id", "public"."Category"."name", "public"."Category"."nameFa", "public"."Category"."icon", "public"."Category"."color", "public"."Category"."type"::text, "public"."Category"."isDefault", "public"."Category"."userId", "public"."Category"."createdAt", "public"."Category"."updatedAt"
prisma:query SELECT "public"."Category"."id", "public"."Category"."name", "public"."Category"."nameFa", "public"."Category"."icon", "public"."Category"."color", "public"."Category"."type"::text, "public"."Category"."isDefault", "public"."Category"."userId", "public"."Category"."createdAt", "public"."Category"."updatedAt" FROM "public"."Category" WHERE ("public"."Category"."name" = $1 AND "public"."Category"."userId" = $2) LIMIT $3 OFFSET $4
prisma:query INSERT INTO "public"."Category" ("id","name","nameFa","icon","color","type","isDefault","userId","createdAt","updatedAt") VALUES ($1,$2,$3,$4,$5,CAST($6::text AS "public"."TransactionType"),$7,$8,$9,$10) RETURNING "public"."Category"."id", "public"."Category"."name", "public"."Category"."nameFa", "public"."Category"."icon", "public"."Category"."color", "public"."Category"."type"::text, "public"."Category"."isDefault", "public"."Category"."userId", "public"."Category"."createdAt", "public"."Category"."updatedAt"
prisma:query SELECT "public"."Category"."id", "public"."Category"."name", "public"."Category"."nameFa", "public"."Category"."icon", "public"."Category"."color", "public"."Category"."type"::text, "public"."Category"."isDefault", "public"."Category"."userId", "public"."Category"."createdAt", "public"."Category"."updatedAt" FROM "public"."Category" WHERE ("public"."Category"."name" = $1 AND "public"."Category"."userId" = $2) LIMIT $3 OFFSET $4
prisma:query INSERT INTO "public"."Category" ("id","name","nameFa","icon","color","type","isDefault","userId","createdAt","updatedAt") VALUES ($1,$2,$3,$4,$5,CAST($6::text AS "public"."TransactionType"),$7,$8,$9,$10) RETURNING "public"."Category"."id", "public"."Category"."name", "public"."Category"."nameFa", "public"."Category"."icon", "public"."Category"."color", "public"."Category"."type"::text, "public"."Category"."isDefault", "public"."Category"."userId", "public"."Category"."createdAt", "public"."Category"."updatedAt"
prisma:query SELECT "public"."Category"."id", "public"."Category"."name", "public"."Category"."nameFa", "public"."Category"."icon", "public"."Category"."color", "public"."Category"."type"::text, "public"."Category"."isDefault", "public"."Category"."userId", "public"."Category"."createdAt", "public"."Category"."updatedAt" FROM "public"."Category" WHERE ("public"."Category"."name" = $1 AND "public"."Category"."userId" = $2) LIMIT $3 OFFSET $4
prisma:query INSERT INTO "public"."Category" ("id","name","nameFa","icon","color","type","isDefault","userId","createdAt","updatedAt") VALUES ($1,$2,$3,$4,$5,CAST($6::text AS "public"."TransactionType"),$7,$8,$9,$10) RETURNING "public"."Category"."id", "public"."Category"."name", "public"."Category"."nameFa", "public"."Category"."icon", "public"."Category"."color", "public"."Category"."type"::text, "public"."Category"."isDefault", "public"."Category"."userId", "public"."Category"."createdAt", "public"."Category"."updatedAt"
prisma:query SELECT "public"."Category"."id", "public"."Category"."name", "public"."Category"."nameFa", "public"."Category"."icon", "public"."Category"."color", "public"."Category"."type"::text, "public"."Category"."isDefault", "public"."Category"."userId", "public"."Category"."createdAt", "public"."Category"."updatedAt" FROM "public"."Category" WHERE ("public"."Category"."name" = $1 AND "public"."Category"."userId" = $2) LIMIT $3 OFFSET $4
prisma:query INSERT INTO "public"."Category" ("id","name","nameFa","icon","color","type","isDefault","userId","createdAt","updatedAt") VALUES ($1,$2,$3,$4,$5,CAST($6::text AS "public"."TransactionType"),$7,$8,$9,$10) RETURNING "public"."Category"."id", "public"."Category"."name", "public"."Category"."nameFa", "public"."Category"."icon", "public"."Category"."color", "public"."Category"."type"::text, "public"."Category"."isDefault", "public"."Category"."userId", "public"."Category"."createdAt", "public"."Category"."updatedAt"
prisma:query SELECT "public"."Category"."id", "public"."Category"."name", "public"."Category"."nameFa", "public"."Category"."icon", "public"."Category"."color", "public"."Category"."type"::text, "public"."Category"."isDefault", "public"."Category"."userId", "public"."Category"."createdAt", "public"."Category"."updatedAt" FROM "public"."Category" WHERE ("public"."Category"."name" = $1 AND "public"."Category"."userId" = $2) LIMIT $3 OFFSET $4
prisma:query INSERT INTO "public"."Category" ("id","name","nameFa","icon","color","type","isDefault","userId","createdAt","updatedAt") VALUES ($1,$2,$3,$4,$5,CAST($6::text AS "public"."TransactionType"),$7,$8,$9,$10) RETURNING "public"."Category"."id", "public"."Category"."name", "public"."Category"."nameFa", "public"."Category"."icon", "public"."Category"."color", "public"."Category"."type"::text, "public"."Category"."isDefault", "public"."Category"."userId", "public"."Category"."createdAt", "public"."Category"."updatedAt"
prisma:query SELECT "public"."Category"."id", "public"."Category"."name", "public"."Category"."nameFa", "public"."Category"."icon", "public"."Category"."color", "public"."Category"."type"::text, "public"."Category"."isDefault", "public"."Category"."userId", "public"."Category"."createdAt", "public"."Category"."updatedAt" FROM "public"."Category" WHERE ("public"."Category"."name" = $1 AND "public"."Category"."userId" = $2) LIMIT $3 OFFSET $4
prisma:query INSERT INTO "public"."Category" ("id","name","nameFa","icon","color","type","isDefault","userId","createdAt","updatedAt") VALUES ($1,$2,$3,$4,$5,CAST($6::text AS "public"."TransactionType"),$7,$8,$9,$10) RETURNING "public"."Category"."id", "public"."Category"."name", "public"."Category"."nameFa", "public"."Category"."icon", "public"."Category"."color", "public"."Category"."type"::text, "public"."Category"."isDefault", "public"."Category"."userId", "public"."Category"."createdAt", "public"."Category"."updatedAt"
prisma:query SELECT "public"."Category"."id", "public"."Category"."name", "public"."Category"."nameFa", "public"."Category"."icon", "public"."Category"."color", "public"."Category"."type"::text, "public"."Category"."isDefault", "public"."Category"."userId", "public"."Category"."createdAt", "public"."Category"."updatedAt" FROM "public"."Category" WHERE ("public"."Category"."name" = $1 AND "public"."Category"."userId" = $2) LIMIT $3 OFFSET $4
prisma:query INSERT INTO "public"."Category" ("id","name","nameFa","icon","color","type","isDefault","userId","createdAt","updatedAt") VALUES ($1,$2,$3,$4,$5,CAST($6::text AS "public"."TransactionType"),$7,$8,$9,$10) RETURNING "public"."Category"."id", "public"."Category"."name", "public"."Category"."nameFa", "public"."Category"."icon", "public"."Category"."color", "public"."Category"."type"::text, "public"."Category"."isDefault", "public"."Category"."userId", "public"."Category"."createdAt", "public"."Category"."updatedAt"
prisma:query SELECT "public"."Category"."id", "public"."Category"."name", "public"."Category"."nameFa", "public"."Category"."icon", "public"."Category"."color", "public"."Category"."type"::text, "public"."Category"."isDefault", "public"."Category"."userId", "public"."Category"."createdAt", "public"."Category"."updatedAt" FROM "public"."Category" WHERE ("public"."Category"."name" = $1 AND "public"."Category"."userId" = $2) LIMIT $3 OFFSET $4
prisma:query INSERT INTO "public"."Category" ("id","name","nameFa","icon","color","type","isDefault","userId","createdAt","updatedAt") VALUES ($1,$2,$3,$4,$5,CAST($6::text AS "public"."TransactionType"),$7,$8,$9,$10) RETURNING "public"."Category"."id", "public"."Category"."name", "public"."Category"."nameFa", "public"."Category"."icon", "public"."Category"."color", "public"."Category"."type"::text, "public"."Category"."isDefault", "public"."Category"."userId", "public"."Category"."createdAt", "public"."Category"."updatedAt"
prisma:query SELECT "public"."Category"."id", "public"."Category"."name", "public"."Category"."nameFa", "public"."Category"."icon", "public"."Category"."color", "public"."Category"."type"::text, "public"."Category"."isDefault", "public"."Category"."userId", "public"."Category"."createdAt", "public"."Category"."updatedAt" FROM "public"."Category" WHERE ("public"."Category"."name" = $1 AND "public"."Category"."userId" = $2) LIMIT $3 OFFSET $4
 GET /dashboard 200 in 491ms (next.js: 38ms, proxy.ts: 44ms, application-code: 410ms)
 GET /dashboard 200 in 497ms (next.js: 74ms, proxy.ts: 45ms, application-code: 378ms)
prisma:query INSERT INTO "public"."Category" ("id","name","nameFa","icon","color","type","isDefault","userId","createdAt","updatedAt") VALUES ($1,$2,$3,$4,$5,CAST($6::text AS "public"."TransactionType"),$7,$8,$9,$10) RETURNING "public"."Category"."id", "public"."Category"."name", "public"."Category"."nameFa", "public"."Category"."icon", "public"."Category"."color", "public"."Category"."type"::text, "public"."Category"."isDefault", "public"."Category"."userId", "public"."Category"."createdAt", "public"."Category"."updatedAt"
 POST /api/auth/register 201 in 1162ms (next.js: 12ms, proxy.ts: 14ms, application-code: 1136ms)
[11:01:02 UTC] [32mINFO[39m: [36mUser registered[39m
    [35mservice[39m: "finance-app"
    [35muserId[39m: "cmspzatzp0020nuvsgttwgyk3"
    [35memail[39m: "test1786532458936@example.com"
 GET /login?registered=true 200 in 186ms (next.js: 33ms, proxy.ts: 38ms, application-code: 115ms)
prisma:query SELECT SUM("amount") AS "_sum$amount", COUNT(*) AS "_count$_all" FROM (SELECT "public"."Transaction"."amount", "public"."Transaction"."id" FROM "public"."Transaction" WHERE ("public"."Transaction"."userId" = $1 AND "public"."Transaction"."type" = CAST($2::text AS "public"."TransactionType")) OFFSET $3) AS "sub"
 GET /api/auth/session 200 in 160ms (next.js: 65ms, proxy.ts: 27ms, application-code: 67ms)
prisma:query SELECT SUM("amount") AS "_sum$amount", COUNT(*) AS "_count$_all" FROM (SELECT "public"."Transaction"."amount", "public"."Transaction"."id" FROM "public"."Transaction" WHERE ("public"."Transaction"."userId" = $1 AND "public"."Transaction"."type" = CAST($2::text AS "public"."TransactionType")) OFFSET $3) AS "sub"
prisma:query SELECT SUM("public"."Transaction"."amount") AS "_sum$amount", COUNT(*) AS "_count$_all", "public"."Transaction"."categoryId", "public"."Transaction"."type"::text FROM "public"."Transaction" WHERE "public"."Transaction"."userId" = $1 GROUP BY "public"."Transaction"."categoryId", "public"."Transaction"."type" ORDER BY SUM("public"."Transaction"."amount") DESC OFFSET $2
prisma:query SELECT "public"."Transaction"."id", "public"."Transaction"."amount", "public"."Transaction"."type"::text, "public"."Transaction"."description", "public"."Transaction"."date", "public"."Transaction"."receiptUrl", "public"."Transaction"."userId", "public"."Transaction"."categoryId", "public"."Transaction"."createdAt", "public"."Transaction"."updatedAt" FROM "public"."Transaction" WHERE "public"."Transaction"."userId" = $1 ORDER BY "public"."Transaction"."date" DESC LIMIT $2 OFFSET $3
prisma:query SELECT "public"."Category"."id", "public"."Category"."name", "public"."Category"."nameFa", "public"."Category"."icon", "public"."Category"."color" FROM "public"."Category" WHERE "public"."Category"."id" IN (NULL) OFFSET $1
prisma:query SELECT "public"."Category"."id", "public"."Category"."name", "public"."Category"."nameFa", "public"."Category"."icon", "public"."Category"."color", "public"."Category"."type"::text FROM "public"."Category" WHERE ("public"."Category"."userId" = $1 OR "public"."Category"."userId" IS NULL) OFFSET $2
 GET /api/dashboard 200 in 269ms (next.js: 7ms, proxy.ts: 27ms, application-code: 235ms)
 GET /api/auth/session 200 in 182ms (next.js: 82ms, proxy.ts: 61ms, application-code: 38ms)
prisma:query SELECT "public"."Transaction"."id", "public"."Transaction"."amount", "public"."Transaction"."type"::text, "public"."Transaction"."description", "public"."Transaction"."date", "public"."Transaction"."receiptUrl", "public"."Transaction"."userId", "public"."Transaction"."categoryId", "public"."Transaction"."createdAt", "public"."Transaction"."updatedAt" FROM "public"."Transaction" WHERE "public"."Transaction"."userId" = $1 ORDER BY "public"."Transaction"."date" DESC LIMIT $2 OFFSET $3
prisma:query SELECT SUM("amount") AS "_sum$amount", COUNT(*) AS "_count$_all" FROM (SELECT "public"."Transaction"."amount", "public"."Transaction"."id" FROM "public"."Transaction" WHERE ("public"."Transaction"."userId" = $1 AND "public"."Transaction"."type" = CAST($2::text AS "public"."TransactionType")) OFFSET $3) AS "sub"
prisma:query SELECT "public"."Category"."id", "public"."Category"."name", "public"."Category"."nameFa", "public"."Category"."icon", "public"."Category"."color" FROM "public"."Category" WHERE "public"."Category"."id" IN (NULL) OFFSET $1
prisma:query SELECT SUM("amount") AS "_sum$amount", COUNT(*) AS "_count$_all" FROM (SELECT "public"."Transaction"."amount", "public"."Transaction"."id" FROM "public"."Transaction" WHERE ("public"."Transaction"."userId" = $1 AND "public"."Transaction"."type" = CAST($2::text AS "public"."TransactionType")) OFFSET $3) AS "sub"
prisma:query SELECT SUM("public"."Transaction"."amount") AS "_sum$amount", COUNT(*) AS "_count$_all", "public"."Transaction"."categoryId", "public"."Transaction"."type"::text FROM "public"."Transaction" WHERE "public"."Transaction"."userId" = $1 GROUP BY "public"."Transaction"."categoryId", "public"."Transaction"."type" ORDER BY SUM("public"."Transaction"."amount") DESC OFFSET $2
 GET /api/auth/session 200 in 280ms (next.js: 59ms, proxy.ts: 118ms, application-code: 103ms)
prisma:query SELECT "public"."Category"."id", "public"."Category"."name", "public"."Category"."nameFa", "public"."Category"."icon", "public"."Category"."color", "public"."Category"."type"::text FROM "public"."Category" WHERE ("public"."Category"."userId" = $1 OR "public"."Category"."userId" IS NULL) OFFSET $2
 GET /api/dashboard 200 in 314ms (next.js: 30ms, proxy.ts: 132ms, application-code: 152ms)
prisma:query SELECT SUM("amount") AS "_sum$amount", COUNT(*) AS "_count$_all" FROM (SELECT "public"."Transaction"."amount", "public"."Transaction"."id" FROM "public"."Transaction" WHERE ("public"."Transaction"."userId" = $1 AND "public"."Transaction"."type" = CAST($2::text AS "public"."TransactionType")) OFFSET $3) AS "sub"
prisma:query SELECT SUM("amount") AS "_sum$amount", COUNT(*) AS "_count$_all" FROM (SELECT "public"."Transaction"."amount", "public"."Transaction"."id" FROM "public"."Transaction" WHERE ("public"."Transaction"."userId" = $1 AND "public"."Transaction"."type" = CAST($2::text AS "public"."TransactionType")) OFFSET $3) AS "sub"
prisma:query SELECT SUM("public"."Transaction"."amount") AS "_sum$amount", COUNT(*) AS "_count$_all", "public"."Transaction"."categoryId", "public"."Transaction"."type"::text FROM "public"."Transaction" WHERE "public"."Transaction"."userId" = $1 GROUP BY "public"."Transaction"."categoryId", "public"."Transaction"."type" ORDER BY SUM("public"."Transaction"."amount") DESC OFFSET $2
 GET /api/auth/session 200 in 289ms (next.js: 74ms, proxy.ts: 114ms, application-code: 101ms)
prisma:query SELECT "public"."Transaction"."id", "public"."Transaction"."amount", "public"."Transaction"."type"::text, "public"."Transaction"."description", "public"."Transaction"."date", "public"."Transaction"."receiptUrl", "public"."Transaction"."userId", "public"."Transaction"."categoryId", "public"."Transaction"."createdAt", "public"."Transaction"."updatedAt" FROM "public"."Transaction" WHERE "public"."Transaction"."userId" = $1 ORDER BY "public"."Transaction"."date" DESC LIMIT $2 OFFSET $3
prisma:query SELECT "public"."Category"."id", "public"."Category"."name", "public"."Category"."nameFa", "public"."Category"."icon", "public"."Category"."color" FROM "public"."Category" WHERE "public"."Category"."id" IN (NULL) OFFSET $1
prisma:query SELECT "public"."Category"."id", "public"."Category"."name", "public"."Category"."nameFa", "public"."Category"."icon", "public"."Category"."color", "public"."Category"."type"::text FROM "public"."Category" WHERE ("public"."Category"."userId" = $1 OR "public"."Category"."userId" IS NULL) OFFSET $2
 GET /api/dashboard 200 in 352ms (next.js: 39ms, proxy.ts: 106ms, application-code: 207ms)
 GET /api/auth/session 200 in 187ms (next.js: 30ms, proxy.ts: 37ms, application-code: 119ms)
 GET /api/auth/session 200 in 302ms (next.js: 25ms, proxy.ts: 134ms, application-code: 143ms)
 GET /dashboard/transactions/new 200 in 536ms (next.js: 80ms, proxy.ts: 113ms, application-code: 343ms)
 GET /dashboard/transactions 200 in 326ms (next.js: 13ms, proxy.ts: 91ms, application-code: 222ms)
 GET /api/transactions?sortBy=date&sortOrder=desc&page=1&limit=20 400 in 162ms (next.js: 22ms, proxy.ts: 46ms, application-code: 93ms)
prisma:query SELECT "public"."Category"."id", "public"."Category"."name", "public"."Category"."nameFa", "public"."Category"."icon", "public"."Category"."color", "public"."Category"."type"::text, "public"."Category"."isDefault", "public"."Category"."userId", "public"."Category"."createdAt", "public"."Category"."updatedAt" FROM "public"."Category" WHERE ("public"."Category"."userId" = $1 OR "public"."Category"."userId" IS NULL) ORDER BY "public"."Category"."type" ASC, "public"."Category"."nameFa" ASC OFFSET $2
 GET /api/categories 200 in 176ms (next.js: 16ms, proxy.ts: 49ms, application-code: 111ms)
prisma:query SELECT "public"."Category"."id", "public"."Category"."name", "public"."Category"."nameFa", "public"."Category"."icon", "public"."Category"."color", "public"."Category"."type"::text, "public"."Category"."isDefault", "public"."Category"."userId", "public"."Category"."createdAt", "public"."Category"."updatedAt" FROM "public"."Category" WHERE ("public"."Category"."userId" = $1 OR "public"."Category"."userId" IS NULL) ORDER BY "public"."Category"."type" ASC, "public"."Category"."nameFa" ASC OFFSET $2
 GET /api/categories 200 in 180ms (next.js: 20ms, proxy.ts: 51ms, application-code: 109ms)
 GET /api/auth/session 200 in 175ms (next.js: 72ms, proxy.ts: 46ms, application-code: 57ms)
 GET /api/auth/session 200 in 174ms (next.js: 83ms, proxy.ts: 41ms, application-code: 50ms)
 GET /api/auth/session 200 in 73ms (next.js: 12ms, proxy.ts: 40ms, application-code: 21ms)
 GET /api/auth/session 200 in 69ms (next.js: 15ms, proxy.ts: 36ms, application-code: 18ms)
prisma:query SELECT "public"."Category"."id", "public"."Category"."name", "public"."Category"."nameFa", "public"."Category"."icon", "public"."Category"."type"::text FROM "public"."Category" WHERE (("public"."Category"."userId" = $1 OR "public"."Category"."userId" IS NULL) AND "public"."Category"."type" = CAST($2::text AS "public"."TransactionType")) OFFSET $3
 POST /api/transactions 400 in 52ms (next.js: 9ms, proxy.ts: 21ms, application-code: 22ms)
 GET /login 200 in 73ms (next.js: 4ms, proxy.ts: 5ms, application-code: 64ms)
 GET /api/auth/session 200 in 57ms (next.js: 45ms, proxy.ts: 4ms, application-code: 7ms)
 GET /api/auth/session 200 in 21ms (next.js: 6ms, proxy.ts: 7ms, application-code: 9ms)
 GET /login 200 in 85ms (next.js: 24ms, proxy.ts: 4ms, application-code: 56ms)
 GET /api/auth/session 200 in 57ms (next.js: 44ms, proxy.ts: 5ms, application-code: 8ms)
 GET /api/auth/session 200 in 15ms (next.js: 5ms, proxy.ts: 4ms, application-code: 5ms)
 POST /api/transactions/categorize 200 in 3.3s (next.js: 4ms, proxy.ts: 16ms, application-code: 3.3s)
[11:01:08 UTC] [33mWARN[39m: [36mZhipu categorization failed, using fallback[39m
    [35mservice[39m: "finance-app"
    [35muserId[39m: "cmspyvf2w0000u4vsyj6pjwgw"
    [35mdescription[39m: "تست تراکنش"
    error: {
      "status": 401,
      "headers": {},
      "requestID": null,
      "error": {
        "code": "401",
        "message": "令牌已过期或验证不正确"
      },
      "code": "401"
    }
 GET /login?callbackUrl=%2Fdashboard 200 in 70ms (next.js: 4ms, proxy.ts: 5ms, application-code: 61ms)
 GET /api/auth/session 200 in 56ms (next.js: 40ms, proxy.ts: 4ms, application-code: 12ms)
 GET /api/auth/session 200 in 16ms (next.js: 6ms, proxy.ts: 5ms, application-code: 5ms)
 GET /login 200 in 131ms (next.js: 4ms, proxy.ts: 5ms, application-code: 122ms)
 GET /api/auth/session 200 in 59ms (next.js: 45ms, proxy.ts: 6ms, application-code: 8ms)
 GET /api/auth/session 200 in 18ms (next.js: 6ms, proxy.ts: 5ms, application-code: 7ms)
 GET /register 200 in 139ms (next.js: 10ms, proxy.ts: 8ms, application-code: 121ms)
 GET /register 200 in 135ms (next.js: 54ms, proxy.ts: 6ms, application-code: 75ms)
 GET /api/auth/session 200 in 69ms (next.js: 51ms, proxy.ts: 7ms, application-code: 11ms)
 GET /api/auth/session 200 in 24ms (next.js: 11ms, proxy.ts: 5ms, application-code: 8ms)
 GET /api/auth/session 200 in 31ms (next.js: 19ms, proxy.ts: 5ms, application-code: 8ms)
 GET /api/auth/session 200 in 15ms (next.js: 5ms, proxy.ts: 5ms, application-code: 5ms)
prisma:query SELECT "public"."User"."id", "public"."User"."name", "public"."User"."email", "public"."User"."emailVerified", "public"."User"."passwordHash", "public"."User"."image", "public"."User"."createdAt", "public"."User"."updatedAt" FROM "public"."User" WHERE ("public"."User"."email" = $1 AND 1=1) LIMIT $2 OFFSET $3
prisma:query INSERT INTO "public"."User" ("id","name","email","passwordHash","createdAt","updatedAt") VALUES ($1,$2,$3,$4,$5,$6) RETURNING "public"."User"."id", "public"."User"."email", "public"."User"."name", "public"."User"."createdAt"
prisma:query SELECT "public"."Category"."id", "public"."Category"."name", "public"."Category"."nameFa", "public"."Category"."icon", "public"."Category"."color", "public"."Category"."type"::text, "public"."Category"."isDefault", "public"."Category"."userId", "public"."Category"."createdAt", "public"."Category"."updatedAt" FROM "public"."Category" WHERE ("public"."Category"."name" = $1 AND "public"."Category"."userId" = $2) LIMIT $3 OFFSET $4
prisma:query INSERT INTO "public"."Category" ("id","name","nameFa","icon","color","type","isDefault","userId","createdAt","updatedAt") VALUES ($1,$2,$3,$4,$5,CAST($6::text AS "public"."TransactionType"),$7,$8,$9,$10) RETURNING "public"."Category"."id", "public"."Category"."name", "public"."Category"."nameFa", "public"."Category"."icon", "public"."Category"."color", "public"."Category"."type"::text, "public"."Category"."isDefault", "public"."Category"."userId", "public"."Category"."createdAt", "public"."Category"."updatedAt"
prisma:query SELECT "public"."Category"."id", "public"."Category"."name", "public"."Category"."nameFa", "public"."Category"."icon", "public"."Category"."color", "public"."Category"."type"::text, "public"."Category"."isDefault", "public"."Category"."userId", "public"."Category"."createdAt", "public"."Category"."updatedAt" FROM "public"."Category" WHERE ("public"."Category"."name" = $1 AND "public"."Category"."userId" = $2) LIMIT $3 OFFSET $4
prisma:query INSERT INTO "public"."Category" ("id","name","nameFa","icon","color","type","isDefault","userId","createdAt","updatedAt") VALUES ($1,$2,$3,$4,$5,CAST($6::text AS "public"."TransactionType"),$7,$8,$9,$10) RETURNING "public"."Category"."id", "public"."Category"."name", "public"."Category"."nameFa", "public"."Category"."icon", "public"."Category"."color", "public"."Category"."type"::text, "public"."Category"."isDefault", "public"."Category"."userId", "public"."Category"."createdAt", "public"."Category"."updatedAt"
prisma:query SELECT "public"."Category"."id", "public"."Category"."name", "public"."Category"."nameFa", "public"."Category"."icon", "public"."Category"."color", "public"."Category"."type"::text, "public"."Category"."isDefault", "public"."Category"."userId", "public"."Category"."createdAt", "public"."Category"."updatedAt" FROM "public"."Category" WHERE ("public"."Category"."name" = $1 AND "public"."Category"."userId" = $2) LIMIT $3 OFFSET $4
prisma:query INSERT INTO "public"."Category" ("id","name","nameFa","icon","color","type","isDefault","userId","createdAt","updatedAt") VALUES ($1,$2,$3,$4,$5,CAST($6::text AS "public"."TransactionType"),$7,$8,$9,$10) RETURNING "public"."Category"."id", "public"."Category"."name", "public"."Category"."nameFa", "public"."Category"."icon", "public"."Category"."color", "public"."Category"."type"::text, "public"."Category"."isDefault", "public"."Category"."userId", "public"."Category"."createdAt", "public"."Category"."updatedAt"
prisma:query SELECT "public"."Category"."id", "public"."Category"."name", "public"."Category"."nameFa", "public"."Category"."icon", "public"."Category"."color", "public"."Category"."type"::text, "public"."Category"."isDefault", "public"."Category"."userId", "public"."Category"."createdAt", "public"."Category"."updatedAt" FROM "public"."Category" WHERE ("public"."Category"."name" = $1 AND "public"."Category"."userId" = $2) LIMIT $3 OFFSET $4
prisma:query INSERT INTO "public"."Category" ("id","name","nameFa","icon","color","type","isDefault","userId","createdAt","updatedAt") VALUES ($1,$2,$3,$4,$5,CAST($6::text AS "public"."TransactionType"),$7,$8,$9,$10) RETURNING "public"."Category"."id", "public"."Category"."name", "public"."Category"."nameFa", "public"."Category"."icon", "public"."Category"."color", "public"."Category"."type"::text, "public"."Category"."isDefault", "public"."Category"."userId", "public"."Category"."createdAt", "public"."Category"."updatedAt"
prisma:query SELECT "public"."Category"."id", "public"."Category"."name", "public"."Category"."nameFa", "public"."Category"."icon", "public"."Category"."color", "public"."Category"."type"::text, "public"."Category"."isDefault", "public"."Category"."userId", "public"."Category"."createdAt", "public"."Category"."updatedAt" FROM "public"."Category" WHERE ("public"."Category"."name" = $1 AND "public"."Category"."userId" = $2) LIMIT $3 OFFSET $4
prisma:query INSERT INTO "public"."Category" ("id","name","nameFa","icon","color","type","isDefault","userId","createdAt","updatedAt") VALUES ($1,$2,$3,$4,$5,CAST($6::text AS "public"."TransactionType"),$7,$8,$9,$10) RETURNING "public"."Category"."id", "public"."Category"."name", "public"."Category"."nameFa", "public"."Category"."icon", "public"."Category"."color", "public"."Category"."type"::text, "public"."Category"."isDefault", "public"."Category"."userId", "public"."Category"."createdAt", "public"."Category"."updatedAt"
prisma:query SELECT "public"."Category"."id", "public"."Category"."name", "public"."Category"."nameFa", "public"."Category"."icon", "public"."Category"."color", "public"."Category"."type"::text, "public"."Category"."isDefault", "public"."Category"."userId", "public"."Category"."createdAt", "public"."Category"."updatedAt" FROM "public"."Category" WHERE ("public"."Category"."name" = $1 AND "public"."Category"."userId" = $2) LIMIT $3 OFFSET $4
prisma:query INSERT INTO "public"."Category" ("id","name","nameFa","icon","color","type","isDefault","userId","createdAt","updatedAt") VALUES ($1,$2,$3,$4,$5,CAST($6::text AS "public"."TransactionType"),$7,$8,$9,$10) RETURNING "public"."Category"."id", "public"."Category"."name", "public"."Category"."nameFa", "public"."Category"."icon", "public"."Category"."color", "public"."Category"."type"::text, "public"."Category"."isDefault", "public"."Category"."userId", "public"."Category"."createdAt", "public"."Category"."updatedAt"
prisma:query SELECT "public"."Category"."id", "public"."Category"."name", "public"."Category"."nameFa", "public"."Category"."icon", "public"."Category"."color", "public"."Category"."type"::text, "public"."Category"."isDefault", "public"."Category"."userId", "public"."Category"."createdAt", "public"."Category"."updatedAt" FROM "public"."Category" WHERE ("public"."Category"."name" = $1 AND "public"."Category"."userId" = $2) LIMIT $3 OFFSET $4
prisma:query INSERT INTO "public"."Category" ("id","name","nameFa","icon","color","type","isDefault","userId","createdAt","updatedAt") VALUES ($1,$2,$3,$4,$5,CAST($6::text AS "public"."TransactionType"),$7,$8,$9,$10) RETURNING "public"."Category"."id", "public"."Category"."name", "public"."Category"."nameFa", "public"."Category"."icon", "public"."Category"."color", "public"."Category"."type"::text, "public"."Category"."isDefault", "public"."Category"."userId", "public"."Category"."createdAt", "public"."Category"."updatedAt"
prisma:query SELECT "public"."Category"."id", "public"."Category"."name", "public"."Category"."nameFa", "public"."Category"."icon", "public"."Category"."color", "public"."Category"."type"::text, "public"."Category"."isDefault", "public"."Category"."userId", "public"."Category"."createdAt", "public"."Category"."updatedAt" FROM "public"."Category" WHERE ("public"."Category"."name" = $1 AND "public"."Category"."userId" = $2) LIMIT $3 OFFSET $4
prisma:query INSERT INTO "public"."Category" ("id","name","nameFa","icon","color","type","isDefault","userId","createdAt","updatedAt") VALUES ($1,$2,$3,$4,$5,CAST($6::text AS "public"."TransactionType"),$7,$8,$9,$10) RETURNING "public"."Category"."id", "public"."Category"."name", "public"."Category"."nameFa", "public"."Category"."icon", "public"."Category"."color", "public"."Category"."type"::text, "public"."Category"."isDefault", "public"."Category"."userId", "public"."Category"."createdAt", "public"."Category"."updatedAt"
prisma:query SELECT "public"."Category"."id", "public"."Category"."name", "public"."Category"."nameFa", "public"."Category"."icon", "public"."Category"."color", "public"."Category"."type"::text, "public"."Category"."isDefault", "public"."Category"."userId", "public"."Category"."createdAt", "public"."Category"."updatedAt" FROM "public"."Category" WHERE ("public"."Category"."name" = $1 AND "public"."Category"."userId" = $2) LIMIT $3 OFFSET $4
prisma:query INSERT INTO "public"."Category" ("id","name","nameFa","icon","color","type","isDefault","userId","createdAt","updatedAt") VALUES ($1,$2,$3,$4,$5,CAST($6::text AS "public"."TransactionType"),$7,$8,$9,$10) RETURNING "public"."Category"."id", "public"."Category"."name", "public"."Category"."nameFa", "public"."Category"."icon", "public"."Category"."color", "public"."Category"."type"::text, "public"."Category"."isDefault", "public"."Category"."userId", "public"."Category"."createdAt", "public"."Category"."updatedAt"
prisma:query SELECT "public"."Category"."id", "public"."Category"."name", "public"."Category"."nameFa", "public"."Category"."icon", "public"."Category"."color", "public"."Category"."type"::text, "public"."Category"."isDefault", "public"."Category"."userId", "public"."Category"."createdAt", "public"."Category"."updatedAt" FROM "public"."Category" WHERE ("public"."Category"."name" = $1 AND "public"."Category"."userId" = $2) LIMIT $3 OFFSET $4
prisma:query INSERT INTO "public"."Category" ("id","name","nameFa","icon","color","type","isDefault","userId","createdAt","updatedAt") VALUES ($1,$2,$3,$4,$5,CAST($6::text AS "public"."TransactionType"),$7,$8,$9,$10) RETURNING "public"."Category"."id", "public"."Category"."name", "public"."Category"."nameFa", "public"."Category"."icon", "public"."Category"."color", "public"."Category"."type"::text, "public"."Category"."isDefault", "public"."Category"."userId", "public"."Category"."createdAt", "public"."Category"."updatedAt"
prisma:query SELECT "public"."Category"."id", "public"."Category"."name", "public"."Category"."nameFa", "public"."Category"."icon", "public"."Category"."color", "public"."Category"."type"::text, "public"."Category"."isDefault", "public"."Category"."userId", "public"."Category"."createdAt", "public"."Category"."updatedAt" FROM "public"."Category" WHERE ("public"."Category"."name" = $1 AND "public"."Category"."userId" = $2) LIMIT $3 OFFSET $4
prisma:query INSERT INTO "public"."Category" ("id","name","nameFa","icon","color","type","isDefault","userId","createdAt","updatedAt") VALUES ($1,$2,$3,$4,$5,CAST($6::text AS "public"."TransactionType"),$7,$8,$9,$10) RETURNING "public"."Category"."id", "public"."Category"."name", "public"."Category"."nameFa", "public"."Category"."icon", "public"."Category"."color", "public"."Category"."type"::text, "public"."Category"."isDefault", "public"."Category"."userId", "public"."Category"."createdAt", "public"."Category"."updatedAt"
 POST /api/auth/register 201 in 593ms (next.js: 5ms, proxy.ts: 5ms, application-code: 583ms)
[11:01:14 UTC] [32mINFO[39m: [36mUser registered[39m
    [35mservice[39m: "finance-app"
    [35muserId[39m: "cmspzb3nd002cnuvsb3xqblm6"
    [35memail[39m: "test1786532472044@example.com"
 GET /login?registered=true 200 in 67ms (next.js: 31ms, proxy.ts: 11ms, application-code: 26ms)
 GET /dashboard 200 in 133ms (next.js: 4ms, proxy.ts: 13ms, application-code: 116ms)
 GET /dashboard 200 in 173ms (next.js: 4ms, proxy.ts: 31ms, application-code: 138ms)
prisma:query SELECT SUM("amount") AS "_sum$amount", COUNT(*) AS "_count$_all" FROM (SELECT "public"."Transaction"."amount", "public"."Transaction"."id" FROM "public"."Transaction" WHERE ("public"."Transaction"."userId" = $1 AND "public"."Transaction"."type" = CAST($2::text AS "public"."TransactionType")) OFFSET $3) AS "sub"
 GET /api/auth/session 200 in 129ms (next.js: 62ms, proxy.ts: 23ms, application-code: 44ms)
prisma:query SELECT SUM("amount") AS "_sum$amount", COUNT(*) AS "_count$_all" FROM (SELECT "public"."Transaction"."amount", "public"."Transaction"."id" FROM "public"."Transaction" WHERE ("public"."Transaction"."userId" = $1 AND "public"."Transaction"."type" = CAST($2::text AS "public"."TransactionType")) OFFSET $3) AS "sub"
prisma:query SELECT "public"."Transaction"."id", "public"."Transaction"."amount", "public"."Transaction"."type"::text, "public"."Transaction"."description", "public"."Transaction"."date", "public"."Transaction"."receiptUrl", "public"."Transaction"."userId", "public"."Transaction"."categoryId", "public"."Transaction"."createdAt", "public"."Transaction"."updatedAt" FROM "public"."Transaction" WHERE "public"."Transaction"."userId" = $1 ORDER BY "public"."Transaction"."date" DESC LIMIT $2 OFFSET $3
prisma:query SELECT SUM("public"."Transaction"."amount") AS "_sum$amount", COUNT(*) AS "_count$_all", "public"."Transaction"."categoryId", "public"."Transaction"."type"::text FROM "public"."Transaction" WHERE "public"."Transaction"."userId" = $1 GROUP BY "public"."Transaction"."categoryId", "public"."Transaction"."type" ORDER BY SUM("public"."Transaction"."amount") DESC OFFSET $2
prisma:query SELECT "public"."Category"."id", "public"."Category"."name", "public"."Category"."nameFa", "public"."Category"."icon", "public"."Category"."color" FROM "public"."Category" WHERE "public"."Category"."id" IN (NULL) OFFSET $1
prisma:query SELECT "public"."Category"."id", "public"."Category"."name", "public"."Category"."nameFa", "public"."Category"."icon", "public"."Category"."color", "public"."Category"."type"::text FROM "public"."Category" WHERE ("public"."Category"."userId" = $1 OR "public"."Category"."userId" IS NULL) OFFSET $2
 GET /api/dashboard 200 in 189ms (next.js: 8ms, proxy.ts: 25ms, application-code: 157ms)
 GET /api/auth/session 200 in 71ms (next.js: 16ms, proxy.ts: 34ms, application-code: 21ms)
prisma:query SELECT SUM("amount") AS "_sum$amount", COUNT(*) AS "_count$_all" FROM (SELECT "public"."Transaction"."amount", "public"."Transaction"."id" FROM "public"."Transaction" WHERE ("public"."Transaction"."userId" = $1 AND "public"."Transaction"."type" = CAST($2::text AS "public"."TransactionType")) OFFSET $3) AS "sub"
prisma:query SELECT SUM("public"."Transaction"."amount") AS "_sum$amount", COUNT(*) AS "_count$_all", "public"."Transaction"."categoryId", "public"."Transaction"."type"::text FROM "public"."Transaction" WHERE "public"."Transaction"."userId" = $1 GROUP BY "public"."Transaction"."categoryId", "public"."Transaction"."type" ORDER BY SUM("public"."Transaction"."amount") DESC OFFSET $2
prisma:query SELECT SUM("amount") AS "_sum$amount", COUNT(*) AS "_count$_all" FROM (SELECT "public"."Transaction"."amount", "public"."Transaction"."id" FROM "public"."Transaction" WHERE ("public"."Transaction"."userId" = $1 AND "public"."Transaction"."type" = CAST($2::text AS "public"."TransactionType")) OFFSET $3) AS "sub"
prisma:query SELECT "public"."Transaction"."id", "public"."Transaction"."amount", "public"."Transaction"."type"::text, "public"."Transaction"."description", "public"."Transaction"."date", "public"."Transaction"."receiptUrl", "public"."Transaction"."userId", "public"."Transaction"."categoryId", "public"."Transaction"."createdAt", "public"."Transaction"."updatedAt" FROM "public"."Transaction" WHERE "public"."Transaction"."userId" = $1 ORDER BY "public"."Transaction"."date" DESC LIMIT $2 OFFSET $3
 GET /api/auth/session 200 in 78ms (next.js: 20ms, proxy.ts: 30ms, application-code: 28ms)
prisma:query SELECT "public"."Category"."id", "public"."Category"."name", "public"."Category"."nameFa", "public"."Category"."icon", "public"."Category"."color" FROM "public"."Category" WHERE "public"."Category"."id" IN (NULL) OFFSET $1
prisma:query SELECT "public"."Category"."id", "public"."Category"."name", "public"."Category"."nameFa", "public"."Category"."icon", "public"."Category"."color", "public"."Category"."type"::text FROM "public"."Category" WHERE ("public"."Category"."userId" = $1 OR "public"."Category"."userId" IS NULL) OFFSET $2
 GET /api/dashboard 200 in 99ms (next.js: 9ms, proxy.ts: 34ms, application-code: 56ms)
 GET /api/auth/session 200 in 79ms (next.js: 16ms, proxy.ts: 32ms, application-code: 31ms)
 GET /dashboard 200 in 127ms (next.js: 3ms, proxy.ts: 9ms, application-code: 114ms)
 GET /dashboard/transactions 200 in 160ms (next.js: 13ms, proxy.ts: 75ms, application-code: 71ms)
 GET /api/transactions?sortBy=date&sortOrder=desc&page=1&limit=20 200 in 70ms (next.js: 14ms, proxy.ts: 28ms, application-code: 27ms)
 GET /api/categories 200 in 76ms (next.js: 6ms, proxy.ts: 31ms, application-code: 39ms)
prisma:query SELECT "public"."Category"."id", "public"."Category"."name", "public"."Category"."nameFa", "public"."Category"."icon", "public"."Category"."color", "public"."Category"."type"::text, "public"."Category"."isDefault", "public"."Category"."userId", "public"."Category"."createdAt", "public"."Category"."updatedAt" FROM "public"."Category" WHERE ("public"."Category"."userId" = $1 OR "public"."Category"."userId" IS NULL) ORDER BY "public"."Category"."type" ASC, "public"."Category"."nameFa" ASC OFFSET $2
 GET /dashboard/transactions/new 200 in 157ms (next.js: 5ms, proxy.ts: 15ms, application-code: 137ms)
prisma:query SELECT SUM("amount") AS "_sum$amount", COUNT(*) AS "_count$_all" FROM (SELECT "public"."Transaction"."amount", "public"."Transaction"."id" FROM "public"."Transaction" WHERE ("public"."Transaction"."userId" = $1 AND "public"."Transaction"."type" = CAST($2::text AS "public"."TransactionType")) OFFSET $3) AS "sub"
prisma:query SELECT SUM("amount") AS "_sum$amount", COUNT(*) AS "_count$_all" FROM (SELECT "public"."Transaction"."amount", "public"."Transaction"."id" FROM "public"."Transaction" WHERE ("public"."Transaction"."userId" = $1 AND "public"."Transaction"."type" = CAST($2::text AS "public"."TransactionType")) OFFSET $3) AS "sub"
prisma:query SELECT SUM("public"."Transaction"."amount") AS "_sum$amount", COUNT(*) AS "_count$_all", "public"."Transaction"."categoryId", "public"."Transaction"."type"::text FROM "public"."Transaction" WHERE "public"."Transaction"."userId" = $1 GROUP BY "public"."Transaction"."categoryId", "public"."Transaction"."type" ORDER BY SUM("public"."Transaction"."amount") DESC OFFSET $2
prisma:query SELECT "public"."Transaction"."id", "public"."Transaction"."amount", "public"."Transaction"."type"::text, "public"."Transaction"."description", "public"."Transaction"."date", "public"."Transaction"."receiptUrl", "public"."Transaction"."userId", "public"."Transaction"."categoryId", "public"."Transaction"."createdAt", "public"."Transaction"."updatedAt" FROM "public"."Transaction" WHERE "public"."Transaction"."userId" = $1 ORDER BY "public"."Transaction"."date" DESC LIMIT $2 OFFSET $3
 GET /api/auth/session 200 in 173ms (next.js: 63ms, proxy.ts: 48ms, application-code: 62ms)
prisma:query SELECT "public"."Category"."id", "public"."Category"."name", "public"."Category"."nameFa", "public"."Category"."icon", "public"."Category"."color" FROM "public"."Category" WHERE "public"."Category"."id" IN (NULL) OFFSET $1
prisma:query SELECT "public"."Category"."id", "public"."Category"."name", "public"."Category"."nameFa", "public"."Category"."icon", "public"."Category"."color", "public"."Category"."type"::text FROM "public"."Category" WHERE ("public"."Category"."userId" = $1 OR "public"."Category"."userId" IS NULL) OFFSET $2
 GET /api/dashboard 200 in 187ms (next.js: 6ms, proxy.ts: 49ms, application-code: 133ms)
 GET /api/auth/session 200 in 55ms (next.js: 10ms, proxy.ts: 24ms, application-code: 21ms)
 GET /dashboard/categories 200 in 74ms (next.js: 6ms, proxy.ts: 16ms, application-code: 52ms)
prisma:query SELECT "public"."Category"."id", "public"."Category"."name", "public"."Category"."nameFa", "public"."Category"."icon", "public"."Category"."color", "public"."Category"."type"::text, "public"."Category"."isDefault", "public"."Category"."userId", "public"."Category"."createdAt", "public"."Category"."updatedAt" FROM "public"."Category" WHERE ("public"."Category"."userId" = $1 OR "public"."Category"."userId" IS NULL) ORDER BY "public"."Category"."type" ASC, "public"."Category"."nameFa" ASC OFFSET $2
 GET /api/categories 200 in 73ms (next.js: 8ms, proxy.ts: 23ms, application-code: 42ms)
prisma:query SELECT "public"."Category"."id", "public"."Category"."name", "public"."Category"."nameFa", "public"."Category"."icon", "public"."Category"."color", "public"."Category"."type"::text, "public"."Category"."isDefault", "public"."Category"."userId", "public"."Category"."createdAt", "public"."Category"."updatedAt" FROM "public"."Category" WHERE ("public"."Category"."userId" = $1 OR "public"."Category"."userId" IS NULL) ORDER BY "public"."Category"."type" ASC, "public"."Category"."nameFa" ASC OFFSET $2
 GET /api/categories 200 in 53ms (next.js: 8ms, proxy.ts: 14ms, application-code: 31ms)
prisma:query SELECT "public"."Category"."id", "public"."Category"."name", "public"."Category"."nameFa", "public"."Category"."icon", "public"."Category"."color", "public"."Category"."type"::text, "public"."Category"."isDefault", "public"."Category"."userId", "public"."Category"."createdAt", "public"."Category"."updatedAt" FROM "public"."Category" WHERE ("public"."Category"."userId" = $1 OR "public"."Category"."userId" IS NULL) ORDER BY "public"."Category"."type" ASC, "public"."Category"."nameFa" ASC OFFSET $2
 GET /api/categories 200 in 82ms (next.js: 6ms, proxy.ts: 43ms, application-code: 33ms)
 GET /api/auth/session 200 in 83ms (next.js: 17ms, proxy.ts: 38ms, application-code: 28ms)
 GET /api/auth/session 200 in 77ms (next.js: 15ms, proxy.ts: 37ms, application-code: 26ms)
 GET /dashboard/transactions 200 in 262ms (next.js: 4ms, proxy.ts: 16ms, application-code: 242ms)
prisma:query SELECT "public"."Category"."id", "public"."Category"."name", "public"."Category"."nameFa", "public"."Category"."icon", "public"."Category"."type"::text FROM "public"."Category" WHERE (("public"."Category"."userId" = $1 OR "public"."Category"."userId" IS NULL) AND "public"."Category"."type" = CAST($2::text AS "public"."TransactionType")) OFFSET $3
 POST /api/transactions 400 in 148ms (next.js: 17ms, proxy.ts: 71ms, application-code: 60ms)
prisma:query SELECT "public"."Category"."id", "public"."Category"."name", "public"."Category"."nameFa", "public"."Category"."icon", "public"."Category"."color", "public"."Category"."type"::text, "public"."Category"."isDefault", "public"."Category"."userId", "public"."Category"."createdAt", "public"."Category"."updatedAt" FROM "public"."Category" WHERE ("public"."Category"."userId" = $1 OR "public"."Category"."userId" IS NULL) ORDER BY "public"."Category"."type" ASC, "public"."Category"."nameFa" ASC OFFSET $2
 GET /api/categories 200 in 116ms (next.js: 7ms, proxy.ts: 27ms, application-code: 82ms)
 GET /api/transactions?sortBy=date&sortOrder=desc&page=1&limit=20 400 in 117ms (next.js: 13ms, proxy.ts: 28ms, application-code: 75ms)
 GET /api/auth/session 200 in 121ms (next.js: 55ms, proxy.ts: 34ms, application-code: 31ms)
 GET /api/auth/session 200 in 38ms (next.js: 6ms, proxy.ts: 15ms, application-code: 17ms)
 GET /login 200 in 57ms (next.js: 4ms, proxy.ts: 4ms, application-code: 49ms)
 POST /api/transactions/categorize 200 in 1419ms (next.js: 15ms, proxy.ts: 74ms, application-code: 1330ms)
[11:01:19 UTC] [33mWARN[39m: [36mZhipu categorization failed, using fallback[39m
    [35mservice[39m: "finance-app"
    [35muserId[39m: "cmspyvf2w0000u4vsyj6pjwgw"
    [35mdescription[39m: "تست تراکنش"
    error: {
      "status": 401,
      "headers": {},
      "requestID": null,
      "error": {
        "code": "401",
        "message": "令牌已过期或验证不正确"
      },
      "code": "401"
    }
 GET /api/auth/session 200 in 56ms (next.js: 42ms, proxy.ts: 5ms, application-code: 10ms)
 GET /api/auth/session 200 in 17ms (next.js: 6ms, proxy.ts: 6ms, application-code: 5ms)
 GET /login 200 in 80ms (next.js: 4ms, proxy.ts: 4ms, application-code: 73ms)
 GET /api/auth/session 200 in 55ms (next.js: 43ms, proxy.ts: 5ms, application-code: 7ms)
 GET /api/auth/session 200 in 19ms (next.js: 6ms, proxy.ts: 5ms, application-code: 8ms)
 GET /dashboard/transactions/new 200 in 143ms (next.js: 6ms, proxy.ts: 14ms, application-code: 122ms)
 GET /api/auth/session 200 in 97ms (next.js: 51ms, proxy.ts: 22ms, application-code: 24ms)
prisma:query SELECT "public"."Category"."id", "public"."Category"."name", "public"."Category"."nameFa", "public"."Category"."icon", "public"."Category"."color", "public"."Category"."type"::text, "public"."Category"."isDefault", "public"."Category"."userId", "public"."Category"."createdAt", "public"."Category"."updatedAt" FROM "public"."Category" WHERE ("public"."Category"."userId" = $1 OR "public"."Category"."userId" IS NULL) ORDER BY "public"."Category"."type" ASC, "public"."Category"."nameFa" ASC OFFSET $2
 GET /api/categories 200 in 129ms (next.js: 6ms, proxy.ts: 22ms, application-code: 100ms)
 GET /api/auth/session 200 in 41ms (next.js: 9ms, proxy.ts: 12ms, application-code: 20ms)
prisma:query SELECT "public"."Category"."id", "public"."Category"."name", "public"."Category"."nameFa", "public"."Category"."icon", "public"."Category"."type"::text FROM "public"."Category" WHERE (("public"."Category"."userId" = $1 OR "public"."Category"."userId" IS NULL) AND "public"."Category"."type" = CAST($2::text AS "public"."TransactionType")) OFFSET $3
 POST /api/transactions 400 in 48ms (next.js: 9ms, proxy.ts: 13ms, application-code: 26ms)
 POST /api/transactions/categorize 200 in 2.8s (next.js: 3ms, proxy.ts: 19ms, application-code: 2.7s)
[11:01:50 UTC] [33mWARN[39m: [36mZhipu categorization failed, using fallback[39m
    [35mservice[39m: "finance-app"
    [35muserId[39m: "cmspyvf2w0000u4vsyj6pjwgw"
    [35mdescription[39m: "تست تراکنش"
    error: {
      "status": 401,
      "headers": {},
      "requestID": null,
      "error": {
        "code": "401",
        "message": "令牌已过期或验证不正确"
      },
      "code": "401"
    }
 GET / 307 in 78ms (next.js: 3ms, proxy.ts: 9ms, application-code: 65ms)
 GET /login 200 in 62ms (next.js: 3ms, proxy.ts: 6ms, application-code: 53ms)
 GET / 307 in 80ms (next.js: 3ms, proxy.ts: 7ms, application-code: 71ms)
 GET /login 200 in 72ms (next.js: 3ms, proxy.ts: 5ms, application-code: 64ms)
 GET /login?callbackUrl=%2Fdashboard 200 in 358ms (next.js: 14ms, proxy.ts: 11ms, application-code: 333ms)
 GET /register 200 in 370ms (next.js: 23ms, proxy.ts: 66ms, application-code: 281ms)
 GET /login 200 in 390ms (next.js: 78ms, proxy.ts: 66ms, application-code: 246ms)
 GET /register 200 in 339ms (next.js: 121ms, proxy.ts: 15ms, application-code: 202ms)
 GET /api/auth/session 200 in 101ms (next.js: 79ms, proxy.ts: 8ms, application-code: 14ms)
 GET /api/auth/session 200 in 119ms (next.js: 100ms, proxy.ts: 12ms, application-code: 7ms)
 GET /api/auth/session 200 in 66ms (next.js: 33ms, proxy.ts: 16ms, application-code: 17ms)
 GET /api/auth/session 200 in 64ms (next.js: 38ms, proxy.ts: 13ms, application-code: 13ms)
 GET /api/auth/session 200 in 69ms (next.js: 43ms, proxy.ts: 17ms, application-code: 10ms)
 GET /api/auth/session 200 in 82ms (next.js: 45ms, proxy.ts: 22ms, application-code: 14ms)
 GET /api/auth/session 200 in 58ms (next.js: 36ms, proxy.ts: 14ms, application-code: 8ms)
 GET /api/auth/session 200 in 66ms (next.js: 45ms, proxy.ts: 15ms, application-code: 7ms)
 GET /dashboard 200 in 182ms (next.js: 7ms, proxy.ts: 18ms, application-code: 156ms)
 GET /dashboard 200 in 364ms (next.js: 48ms, proxy.ts: 30ms, application-code: 286ms)
 GET /dashboard 200 in 265ms (next.js: 8ms, proxy.ts: 63ms, application-code: 194ms)
prisma:query SELECT "public"."User"."id", "public"."User"."name", "public"."User"."email", "public"."User"."emailVerified", "public"."User"."passwordHash", "public"."User"."image", "public"."User"."createdAt", "public"."User"."updatedAt" FROM "public"."User" WHERE ("public"."User"."email" = $1 AND 1=1) LIMIT $2 OFFSET $3
prisma:query INSERT INTO "public"."User" ("id","name","email","passwordHash","createdAt","updatedAt") VALUES ($1,$2,$3,$4,$5,$6) RETURNING "public"."User"."id", "public"."User"."email", "public"."User"."name", "public"."User"."createdAt"
prisma:query SELECT "public"."Category"."id", "public"."Category"."name", "public"."Category"."nameFa", "public"."Category"."icon", "public"."Category"."color", "public"."Category"."type"::text, "public"."Category"."isDefault", "public"."Category"."userId", "public"."Category"."createdAt", "public"."Category"."updatedAt" FROM "public"."Category" WHERE ("public"."Category"."name" = $1 AND "public"."Category"."userId" = $2) LIMIT $3 OFFSET $4
prisma:query INSERT INTO "public"."Category" ("id","name","nameFa","icon","color","type","isDefault","userId","createdAt","updatedAt") VALUES ($1,$2,$3,$4,$5,CAST($6::text AS "public"."TransactionType"),$7,$8,$9,$10) RETURNING "public"."Category"."id", "public"."Category"."name", "public"."Category"."nameFa", "public"."Category"."icon", "public"."Category"."color", "public"."Category"."type"::text, "public"."Category"."isDefault", "public"."Category"."userId", "public"."Category"."createdAt", "public"."Category"."updatedAt"
prisma:query SELECT "public"."Category"."id", "public"."Category"."name", "public"."Category"."nameFa", "public"."Category"."icon", "public"."Category"."color", "public"."Category"."type"::text, "public"."Category"."isDefault", "public"."Category"."userId", "public"."Category"."createdAt", "public"."Category"."updatedAt" FROM "public"."Category" WHERE ("public"."Category"."name" = $1 AND "public"."Category"."userId" = $2) LIMIT $3 OFFSET $4
prisma:query INSERT INTO "public"."Category" ("id","name","nameFa","icon","color","type","isDefault","userId","createdAt","updatedAt") VALUES ($1,$2,$3,$4,$5,CAST($6::text AS "public"."TransactionType"),$7,$8,$9,$10) RETURNING "public"."Category"."id", "public"."Category"."name", "public"."Category"."nameFa", "public"."Category"."icon", "public"."Category"."color", "public"."Category"."type"::text, "public"."Category"."isDefault", "public"."Category"."userId", "public"."Category"."createdAt", "public"."Category"."updatedAt"
prisma:query SELECT "public"."Category"."id", "public"."Category"."name", "public"."Category"."nameFa", "public"."Category"."icon", "public"."Category"."color", "public"."Category"."type"::text, "public"."Category"."isDefault", "public"."Category"."userId", "public"."Category"."createdAt", "public"."Category"."updatedAt" FROM "public"."Category" WHERE ("public"."Category"."name" = $1 AND "public"."Category"."userId" = $2) LIMIT $3 OFFSET $4
prisma:query INSERT INTO "public"."Category" ("id","name","nameFa","icon","color","type","isDefault","userId","createdAt","updatedAt") VALUES ($1,$2,$3,$4,$5,CAST($6::text AS "public"."TransactionType"),$7,$8,$9,$10) RETURNING "public"."Category"."id", "public"."Category"."name", "public"."Category"."nameFa", "public"."Category"."icon", "public"."Category"."color", "public"."Category"."type"::text, "public"."Category"."isDefault", "public"."Category"."userId", "public"."Category"."createdAt", "public"."Category"."updatedAt"
 GET /api/auth/session 200 in 808ms (next.js: 578ms, proxy.ts: 85ms, application-code: 145ms)
prisma:query SELECT "public"."Category"."id", "public"."Category"."name", "public"."Category"."nameFa", "public"."Category"."icon", "public"."Category"."color", "public"."Category"."type"::text, "public"."Category"."isDefault", "public"."Category"."userId", "public"."Category"."createdAt", "public"."Category"."updatedAt" FROM "public"."Category" WHERE ("public"."Category"."name" = $1 AND "public"."Category"."userId" = $2) LIMIT $3 OFFSET $4
prisma:query INSERT INTO "public"."Category" ("id","name","nameFa","icon","color","type","isDefault","userId","createdAt","updatedAt") VALUES ($1,$2,$3,$4,$5,CAST($6::text AS "public"."TransactionType"),$7,$8,$9,$10) RETURNING "public"."Category"."id", "public"."Category"."name", "public"."Category"."nameFa", "public"."Category"."icon", "public"."Category"."color", "public"."Category"."type"::text, "public"."Category"."isDefault", "public"."Category"."userId", "public"."Category"."createdAt", "public"."Category"."updatedAt"
prisma:query SELECT "public"."Category"."id", "public"."Category"."name", "public"."Category"."nameFa", "public"."Category"."icon", "public"."Category"."color", "public"."Category"."type"::text, "public"."Category"."isDefault", "public"."Category"."userId", "public"."Category"."createdAt", "public"."Category"."updatedAt" FROM "public"."Category" WHERE ("public"."Category"."name" = $1 AND "public"."Category"."userId" = $2) LIMIT $3 OFFSET $4
prisma:query INSERT INTO "public"."Category" ("id","name","nameFa","icon","color","type","isDefault","userId","createdAt","updatedAt") VALUES ($1,$2,$3,$4,$5,CAST($6::text AS "public"."TransactionType"),$7,$8,$9,$10) RETURNING "public"."Category"."id", "public"."Category"."name", "public"."Category"."nameFa", "public"."Category"."icon", "public"."Category"."color", "public"."Category"."type"::text, "public"."Category"."isDefault", "public"."Category"."userId", "public"."Category"."createdAt", "public"."Category"."updatedAt"
prisma:query SELECT "public"."Category"."id", "public"."Category"."name", "public"."Category"."nameFa", "public"."Category"."icon", "public"."Category"."color", "public"."Category"."type"::text, "public"."Category"."isDefault", "public"."Category"."userId", "public"."Category"."createdAt", "public"."Category"."updatedAt" FROM "public"."Category" WHERE ("public"."Category"."name" = $1 AND "public"."Category"."userId" = $2) LIMIT $3 OFFSET $4
prisma:query INSERT INTO "public"."Category" ("id","name","nameFa","icon","color","type","isDefault","userId","createdAt","updatedAt") VALUES ($1,$2,$3,$4,$5,CAST($6::text AS "public"."TransactionType"),$7,$8,$9,$10) RETURNING "public"."Category"."id", "public"."Category"."name", "public"."Category"."nameFa", "public"."Category"."icon", "public"."Category"."color", "public"."Category"."type"::text, "public"."Category"."isDefault", "public"."Category"."userId", "public"."Category"."createdAt", "public"."Category"."updatedAt"
prisma:query SELECT "public"."Category"."id", "public"."Category"."name", "public"."Category"."nameFa", "public"."Category"."icon", "public"."Category"."color", "public"."Category"."type"::text, "public"."Category"."isDefault", "public"."Category"."userId", "public"."Category"."createdAt", "public"."Category"."updatedAt" FROM "public"."Category" WHERE ("public"."Category"."name" = $1 AND "public"."Category"."userId" = $2) LIMIT $3 OFFSET $4
prisma:query SELECT SUM("amount") AS "_sum$amount", COUNT(*) AS "_count$_all" FROM (SELECT "public"."Transaction"."amount", "public"."Transaction"."id" FROM "public"."Transaction" WHERE ("public"."Transaction"."userId" = $1 AND "public"."Transaction"."type" = CAST($2::text AS "public"."TransactionType")) OFFSET $3) AS "sub"
prisma:query SELECT SUM("amount") AS "_sum$amount", COUNT(*) AS "_count$_all" FROM (SELECT "public"."Transaction"."amount", "public"."Transaction"."id" FROM "public"."Transaction" WHERE ("public"."Transaction"."userId" = $1 AND "public"."Transaction"."type" = CAST($2::text AS "public"."TransactionType")) OFFSET $3) AS "sub"
prisma:query INSERT INTO "public"."Category" ("id","name","nameFa","icon","color","type","isDefault","userId","createdAt","updatedAt") VALUES ($1,$2,$3,$4,$5,CAST($6::text AS "public"."TransactionType"),$7,$8,$9,$10) RETURNING "public"."Category"."id", "public"."Category"."name", "public"."Category"."nameFa", "public"."Category"."icon", "public"."Category"."color", "public"."Category"."type"::text, "public"."Category"."isDefault", "public"."Category"."userId", "public"."Category"."createdAt", "public"."Category"."updatedAt"
prisma:query SELECT "public"."Transaction"."id", "public"."Transaction"."amount", "public"."Transaction"."type"::text, "public"."Transaction"."description", "public"."Transaction"."date", "public"."Transaction"."receiptUrl", "public"."Transaction"."userId", "public"."Transaction"."categoryId", "public"."Transaction"."createdAt", "public"."Transaction"."updatedAt" FROM "public"."Transaction" WHERE "public"."Transaction"."userId" = $1 ORDER BY "public"."Transaction"."date" DESC LIMIT $2 OFFSET $3
prisma:query SELECT "public"."Category"."id", "public"."Category"."name", "public"."Category"."nameFa", "public"."Category"."icon", "public"."Category"."color", "public"."Category"."type"::text, "public"."Category"."isDefault", "public"."Category"."userId", "public"."Category"."createdAt", "public"."Category"."updatedAt" FROM "public"."Category" WHERE ("public"."Category"."name" = $1 AND "public"."Category"."userId" = $2) LIMIT $3 OFFSET $4
prisma:query SELECT SUM("public"."Transaction"."amount") AS "_sum$amount", COUNT(*) AS "_count$_all", "public"."Transaction"."categoryId", "public"."Transaction"."type"::text FROM "public"."Transaction" WHERE "public"."Transaction"."userId" = $1 GROUP BY "public"."Transaction"."categoryId", "public"."Transaction"."type" ORDER BY SUM("public"."Transaction"."amount") DESC OFFSET $2
prisma:query SELECT SUM("amount") AS "_sum$amount", COUNT(*) AS "_count$_all" FROM (SELECT "public"."Transaction"."amount", "public"."Transaction"."id" FROM "public"."Transaction" WHERE ("public"."Transaction"."userId" = $1 AND "public"."Transaction"."type" = CAST($2::text AS "public"."TransactionType")) OFFSET $3) AS "sub"
prisma:query SELECT SUM("amount") AS "_sum$amount", COUNT(*) AS "_count$_all" FROM (SELECT "public"."Transaction"."amount", "public"."Transaction"."id" FROM "public"."Transaction" WHERE ("public"."Transaction"."userId" = $1 AND "public"."Transaction"."type" = CAST($2::text AS "public"."TransactionType")) OFFSET $3) AS "sub"
prisma:query INSERT INTO "public"."Category" ("id","name","nameFa","icon","color","type","isDefault","userId","createdAt","updatedAt") VALUES ($1,$2,$3,$4,$5,CAST($6::text AS "public"."TransactionType"),$7,$8,$9,$10) RETURNING "public"."Category"."id", "public"."Category"."name", "public"."Category"."nameFa", "public"."Category"."icon", "public"."Category"."color", "public"."Category"."type"::text, "public"."Category"."isDefault", "public"."Category"."userId", "public"."Category"."createdAt", "public"."Category"."updatedAt"
prisma:query SELECT "public"."Category"."id", "public"."Category"."name", "public"."Category"."nameFa", "public"."Category"."icon", "public"."Category"."color" FROM "public"."Category" WHERE "public"."Category"."id" IN (NULL) OFFSET $1
prisma:query SELECT "public"."Category"."id", "public"."Category"."name", "public"."Category"."nameFa", "public"."Category"."icon", "public"."Category"."color", "public"."Category"."type"::text, "public"."Category"."isDefault", "public"."Category"."userId", "public"."Category"."createdAt", "public"."Category"."updatedAt" FROM "public"."Category" WHERE ("public"."Category"."name" = $1 AND "public"."Category"."userId" = $2) LIMIT $3 OFFSET $4
 GET /api/auth/session 200 in 610ms (next.js: 98ms, proxy.ts: 429ms, application-code: 82ms)
prisma:query SELECT "public"."Category"."id", "public"."Category"."name", "public"."Category"."nameFa", "public"."Category"."icon", "public"."Category"."color", "public"."Category"."type"::text FROM "public"."Category" WHERE ("public"."Category"."userId" = $1 OR "public"."Category"."userId" IS NULL) OFFSET $2
 GET /api/dashboard 200 in 923ms (next.js: 333ms, proxy.ts: 84ms, application-code: 507ms)
prisma:query INSERT INTO "public"."Category" ("id","name","nameFa","icon","color","type","isDefault","userId","createdAt","updatedAt") VALUES ($1,$2,$3,$4,$5,CAST($6::text AS "public"."TransactionType"),$7,$8,$9,$10) RETURNING "public"."Category"."id", "public"."Category"."name", "public"."Category"."nameFa", "public"."Category"."icon", "public"."Category"."color", "public"."Category"."type"::text, "public"."Category"."isDefault", "public"."Category"."userId", "public"."Category"."createdAt", "public"."Category"."updatedAt"
prisma:query SELECT "public"."Category"."id", "public"."Category"."name", "public"."Category"."nameFa", "public"."Category"."icon", "public"."Category"."color", "public"."Category"."type"::text, "public"."Category"."isDefault", "public"."Category"."userId", "public"."Category"."createdAt", "public"."Category"."updatedAt" FROM "public"."Category" WHERE ("public"."Category"."name" = $1 AND "public"."Category"."userId" = $2) LIMIT $3 OFFSET $4
prisma:query INSERT INTO "public"."Category" ("id","name","nameFa","icon","color","type","isDefault","userId","createdAt","updatedAt") VALUES ($1,$2,$3,$4,$5,CAST($6::text AS "public"."TransactionType"),$7,$8,$9,$10) RETURNING "public"."Category"."id", "public"."Category"."name", "public"."Category"."nameFa", "public"."Category"."icon", "public"."Category"."color", "public"."Category"."type"::text, "public"."Category"."isDefault", "public"."Category"."userId", "public"."Category"."createdAt", "public"."Category"."updatedAt"
prisma:query SELECT "public"."Category"."id", "public"."Category"."name", "public"."Category"."nameFa", "public"."Category"."icon", "public"."Category"."color", "public"."Category"."type"::text, "public"."Category"."isDefault", "public"."Category"."userId", "public"."Category"."createdAt", "public"."Category"."updatedAt" FROM "public"."Category" WHERE ("public"."Category"."name" = $1 AND "public"."Category"."userId" = $2) LIMIT $3 OFFSET $4
prisma:query INSERT INTO "public"."Category" ("id","name","nameFa","icon","color","type","isDefault","userId","createdAt","updatedAt") VALUES ($1,$2,$3,$4,$5,CAST($6::text AS "public"."TransactionType"),$7,$8,$9,$10) RETURNING "public"."Category"."id", "public"."Category"."name", "public"."Category"."nameFa", "public"."Category"."icon", "public"."Category"."color", "public"."Category"."type"::text, "public"."Category"."isDefault", "public"."Category"."userId", "public"."Category"."createdAt", "public"."Category"."updatedAt"
 POST /api/auth/register 201 in 1033ms (next.js: 25ms, proxy.ts: 24ms, application-code: 984ms)
[11:02:18 UTC] [32mINFO[39m: [36mUser registered[39m
    [35mservice[39m: "finance-app"
    [35muserId[39m: "cmspzcgg0002onuvsxpzc8kd6"
    [35memail[39m: "test1786532533867@example.com"
prisma:query SELECT SUM("public"."Transaction"."amount") AS "_sum$amount", COUNT(*) AS "_count$_all", "public"."Transaction"."categoryId", "public"."Transaction"."type"::text FROM "public"."Transaction" WHERE "public"."Transaction"."userId" = $1 GROUP BY "public"."Transaction"."categoryId", "public"."Transaction"."type" ORDER BY SUM("public"."Transaction"."amount") DESC OFFSET $2
prisma:query SELECT "public"."Transaction"."id", "public"."Transaction"."amount", "public"."Transaction"."type"::text, "public"."Transaction"."description", "public"."Transaction"."date", "public"."Transaction"."receiptUrl", "public"."Transaction"."userId", "public"."Transaction"."categoryId", "public"."Transaction"."createdAt", "public"."Transaction"."updatedAt" FROM "public"."Transaction" WHERE "public"."Transaction"."userId" = $1 ORDER BY "public"."Transaction"."date" DESC LIMIT $2 OFFSET $3
prisma:query SELECT "public"."Category"."id", "public"."Category"."name", "public"."Category"."nameFa", "public"."Category"."icon", "public"."Category"."color" FROM "public"."Category" WHERE "public"."Category"."id" IN (NULL) OFFSET $1
prisma:query SELECT "public"."Category"."id", "public"."Category"."name", "public"."Category"."nameFa", "public"."Category"."icon", "public"."Category"."color", "public"."Category"."type"::text FROM "public"."Category" WHERE ("public"."Category"."userId" = $1 OR "public"."Category"."userId" IS NULL) OFFSET $2
 GET /api/dashboard 200 in 705ms (next.js: 60ms, proxy.ts: 429ms, application-code: 217ms)
 GET /api/auth/session 200 in 197ms (next.js: 37ms, proxy.ts: 92ms, application-code: 68ms)
 GET /api/auth/session 200 in 121ms (next.js: 45ms, proxy.ts: 57ms, application-code: 20ms)
 GET /login?registered=true 200 in 148ms (next.js: 39ms, proxy.ts: 21ms, application-code: 88ms)
prisma:query SELECT SUM("amount") AS "_sum$amount", COUNT(*) AS "_count$_all" FROM (SELECT "public"."Transaction"."amount", "public"."Transaction"."id" FROM "public"."Transaction" WHERE ("public"."Transaction"."userId" = $1 AND "public"."Transaction"."type" = CAST($2::text AS "public"."TransactionType")) OFFSET $3) AS "sub"
prisma:query SELECT "public"."Transaction"."id", "public"."Transaction"."amount", "public"."Transaction"."type"::text, "public"."Transaction"."description", "public"."Transaction"."date", "public"."Transaction"."receiptUrl", "public"."Transaction"."userId", "public"."Transaction"."categoryId", "public"."Transaction"."createdAt", "public"."Transaction"."updatedAt" FROM "public"."Transaction" WHERE "public"."Transaction"."userId" = $1 ORDER BY "public"."Transaction"."date" DESC LIMIT $2 OFFSET $3
prisma:query SELECT SUM("amount") AS "_sum$amount", COUNT(*) AS "_count$_all" FROM (SELECT "public"."Transaction"."amount", "public"."Transaction"."id" FROM "public"."Transaction" WHERE ("public"."Transaction"."userId" = $1 AND "public"."Transaction"."type" = CAST($2::text AS "public"."TransactionType")) OFFSET $3) AS "sub"
prisma:query SELECT "public"."Category"."id", "public"."Category"."name", "public"."Category"."nameFa", "public"."Category"."icon", "public"."Category"."color" FROM "public"."Category" WHERE "public"."Category"."id" IN (NULL) OFFSET $1
prisma:query SELECT SUM("public"."Transaction"."amount") AS "_sum$amount", COUNT(*) AS "_count$_all", "public"."Transaction"."categoryId", "public"."Transaction"."type"::text FROM "public"."Transaction" WHERE "public"."Transaction"."userId" = $1 GROUP BY "public"."Transaction"."categoryId", "public"."Transaction"."type" ORDER BY SUM("public"."Transaction"."amount") DESC OFFSET $2
prisma:query SELECT "public"."Category"."id", "public"."Category"."name", "public"."Category"."nameFa", "public"."Category"."icon", "public"."Category"."color", "public"."Category"."type"::text FROM "public"."Category" WHERE ("public"."Category"."userId" = $1 OR "public"."Category"."userId" IS NULL) OFFSET $2
 GET /api/dashboard 200 in 165ms (next.js: 16ms, proxy.ts: 77ms, application-code: 72ms)
 GET /dashboard/transactions/new 200 in 284ms (next.js: 9ms, proxy.ts: 12ms, application-code: 263ms)
 GET /api/auth/session 200 in 206ms (next.js: 52ms, proxy.ts: 78ms, application-code: 75ms)
 GET /api/auth/session 200 in 327ms (next.js: 162ms, proxy.ts: 118ms, application-code: 47ms)
 GET /dashboard/transactions 200 in 484ms (next.js: 24ms, proxy.ts: 56ms, application-code: 404ms)
prisma:query SELECT "public"."Category"."id", "public"."Category"."name", "public"."Category"."nameFa", "public"."Category"."icon", "public"."Category"."color", "public"."Category"."type"::text, "public"."Category"."isDefault", "public"."Category"."userId", "public"."Category"."createdAt", "public"."Category"."updatedAt" FROM "public"."Category" WHERE ("public"."Category"."userId" = $1 OR "public"."Category"."userId" IS NULL) ORDER BY "public"."Category"."type" ASC, "public"."Category"."nameFa" ASC OFFSET $2
 GET /api/categories 200 in 96ms (next.js: 10ms, proxy.ts: 40ms, application-code: 47ms)
 GET /api/auth/session 200 in 94ms (next.js: 23ms, proxy.ts: 39ms, application-code: 33ms)
 GET /api/auth/session 200 in 64ms (next.js: 13ms, proxy.ts: 31ms, application-code: 20ms)
prisma:query SELECT "public"."Category"."id", "public"."Category"."name", "public"."Category"."nameFa", "public"."Category"."icon", "public"."Category"."color", "public"."Category"."type"::text, "public"."Category"."isDefault", "public"."Category"."userId", "public"."Category"."createdAt", "public"."Category"."updatedAt" FROM "public"."Category" WHERE ("public"."Category"."userId" = $1 OR "public"."Category"."userId" IS NULL) ORDER BY "public"."Category"."type" ASC, "public"."Category"."nameFa" ASC OFFSET $2
 GET /api/categories 200 in 113ms (next.js: 9ms, proxy.ts: 45ms, application-code: 60ms)
 GET /api/transactions?sortBy=date&sortOrder=desc&page=1&limit=20 400 in 114ms (next.js: 13ms, proxy.ts: 46ms, application-code: 56ms)
 GET /api/auth/session 200 in 130ms (next.js: 34ms, proxy.ts: 43ms, application-code: 53ms)
prisma:query SELECT "public"."Category"."id", "public"."Category"."name", "public"."Category"."nameFa", "public"."Category"."icon", "public"."Category"."type"::text FROM "public"."Category" WHERE (("public"."Category"."userId" = $1 OR "public"."Category"."userId" IS NULL) AND "public"."Category"."type" = CAST($2::text AS "public"."TransactionType")) OFFSET $3
prisma:query SELECT COUNT(*) AS "_count$_all" FROM (SELECT "public"."Category"."id" FROM "public"."Category" WHERE "public"."Category"."userId" = $1 OFFSET $2) AS "sub"
prisma:query SELECT "public"."Category"."id", "public"."Category"."name", "public"."Category"."nameFa", "public"."Category"."icon", "public"."Category"."type"::text FROM "public"."Category" WHERE (("public"."Category"."userId" = $1 OR "public"."Category"."userId" IS NULL) AND "public"."Category"."type" = CAST($2::text AS "public"."TransactionType")) OFFSET $3
 GET /api/auth/session 200 in 75ms (next.js: 17ms, proxy.ts: 35ms, application-code: 22ms)
 GET /login 200 in 70ms (next.js: 4ms, proxy.ts: 4ms, application-code: 62ms)
 GET /api/auth/session 200 in 59ms (next.js: 46ms, proxy.ts: 5ms, application-code: 8ms)
 GET /api/auth/session 200 in 17ms (next.js: 6ms, proxy.ts: 4ms, application-code: 7ms)
[11:02:21 UTC] [33mWARN[39m: [36mZhipu categorization failed, using fallback[39m
    [35mservice[39m: "finance-app"
    [35muserId[39m: "cmspyvf2w0000u4vsyj6pjwgw"
    [35mdescription[39m: "تست تراکنش"
    error: {
      "status": 401,
      "headers": {},
      "requestID": null,
      "error": {
        "code": "401",
        "message": "令牌已过期或验证不正确"
      },
      "code": "401"
    }
prisma:query INSERT INTO "public"."Transaction" ("id","amount","type","description","date","userId","categoryId","createdAt","updatedAt") VALUES ($1,$2,CAST($3::text AS "public"."TransactionType"),$4,$5,$6,$7,$8,$9) RETURNING "public"."Transaction"."id"
prisma:query SELECT "public"."Transaction"."id", "public"."Transaction"."amount", "public"."Transaction"."type"::text, "public"."Transaction"."description", "public"."Transaction"."date", "public"."Transaction"."receiptUrl", "public"."Transaction"."userId", "public"."Transaction"."categoryId", "public"."Transaction"."createdAt", "public"."Transaction"."updatedAt" FROM "public"."Transaction" WHERE "public"."Transaction"."id" = $1 LIMIT $2 OFFSET $3
prisma:query SELECT "public"."Category"."id", "public"."Category"."name", "public"."Category"."nameFa", "public"."Category"."icon", "public"."Category"."color" FROM "public"."Category" WHERE "public"."Category"."id" = $1 OFFSET $2
prisma:query COMMIT
 POST /api/transactions 201 in 1583ms (next.js: 9ms, proxy.ts: 68ms, application-code: 1506ms)
[11:02:21 UTC] [32mINFO[39m: [36mTransaction created[39m
    [35mservice[39m: "finance-app"
    [35muserId[39m: "cmspyvf2w0000u4vsyj6pjwgw"
    [35mtransactionId[39m: "cmspzcjec0030nuvsqflu0xe5"
    [35mcategorization[39m: "fallback"
 POST /api/transactions/categorize 200 in 1693ms (next.js: 25ms, proxy.ts: 52ms, application-code: 1616ms)
[11:02:21 UTC] [33mWARN[39m: [36mZhipu categorization failed, using fallback[39m
    [35mservice[39m: "finance-app"
    [35muserId[39m: "cmspyvf2w0000u4vsyj6pjwgw"
    [35mdescription[39m: "تست تراکنش"
    error: {
      "status": 401,
      "headers": {},
      "requestID": null,
      "error": {
        "code": "401",
        "message": "令牌已过期或验证不正确"
      },
      "code": "401"
    }
 GET /login 200 in 117ms (next.js: 9ms, proxy.ts: 7ms, application-code: 101ms)
 GET /dashboard/transactions 200 in 159ms (next.js: 67ms, proxy.ts: 37ms, application-code: 55ms)
 GET /dashboard/transactions 200 in 264ms (next.js: 53ms, proxy.ts: 82ms, application-code: 129ms)
 GET /api/transactions?sortBy=date&sortOrder=desc&page=1&limit=20 400 in 106ms (next.js: 12ms, proxy.ts: 28ms, application-code: 66ms)
prisma:query SELECT "public"."Category"."id", "public"."Category"."name", "public"."Category"."nameFa", "public"."Category"."icon", "public"."Category"."color", "public"."Category"."type"::text, "public"."Category"."isDefault", "public"."Category"."userId", "public"."Category"."createdAt", "public"."Category"."updatedAt" FROM "public"."Category" WHERE ("public"."Category"."userId" = $1 OR "public"."Category"."userId" IS NULL) ORDER BY "public"."Category"."type" ASC, "public"."Category"."nameFa" ASC OFFSET $2
 GET /api/categories 200 in 119ms (next.js: 11ms, proxy.ts: 27ms, application-code: 81ms)
 GET /api/transactions?sortBy=date&sortOrder=desc&page=1&limit=20 400 in 81ms (next.js: 8ms, proxy.ts: 43ms, application-code: 29ms)
prisma:query SELECT "public"."Category"."id", "public"."Category"."name", "public"."Category"."nameFa", "public"."Category"."icon", "public"."Category"."color", "public"."Category"."type"::text, "public"."Category"."isDefault", "public"."Category"."userId", "public"."Category"."createdAt", "public"."Category"."updatedAt" FROM "public"."Category" WHERE ("public"."Category"."userId" = $1 OR "public"."Category"."userId" IS NULL) ORDER BY "public"."Category"."type" ASC, "public"."Category"."nameFa" ASC OFFSET $2
 GET /api/categories 200 in 85ms (next.js: 12ms, proxy.ts: 43ms, application-code: 30ms)
 GET /api/auth/session 200 in 70ms (next.js: 51ms, proxy.ts: 6ms, application-code: 13ms)
 GET /api/auth/session 200 in 17ms (next.js: 6ms, proxy.ts: 5ms, application-code: 5ms)
 GET /login?callbackUrl=%2Fdashboard 200 in 88ms (next.js: 3ms, proxy.ts: 5ms, application-code: 80ms)
 GET /login 200 in 61ms (next.js: 4ms, proxy.ts: 9ms, application-code: 48ms)
 GET /api/auth/session 200 in 58ms (next.js: 45ms, proxy.ts: 6ms, application-code: 8ms)
 GET /api/auth/session 200 in 17ms (next.js: 6ms, proxy.ts: 4ms, application-code: 6ms)
 GET /api/auth/session 200 in 58ms (next.js: 40ms, proxy.ts: 7ms, application-code: 11ms)
 GET /api/auth/session 200 in 24ms (next.js: 7ms, proxy.ts: 6ms, application-code: 10ms)
 GET /register 200 in 85ms (next.js: 3ms, proxy.ts: 6ms, application-code: 76ms)
 GET /register 200 in 64ms (next.js: 4ms, proxy.ts: 5ms, application-code: 56ms)
 GET /api/auth/session 200 in 62ms (next.js: 46ms, proxy.ts: 4ms, application-code: 12ms)
 GET /api/auth/session 200 in 21ms (next.js: 8ms, proxy.ts: 5ms, application-code: 7ms)
 GET /api/auth/session 200 in 19ms (next.js: 6ms, proxy.ts: 6ms, application-code: 7ms)
 GET /api/auth/session 200 in 18ms (next.js: 7ms, proxy.ts: 5ms, application-code: 7ms)
 GET /dashboard 200 in 118ms (next.js: 3ms, proxy.ts: 11ms, application-code: 104ms)
prisma:query SELECT "public"."User"."id", "public"."User"."name", "public"."User"."email", "public"."User"."emailVerified", "public"."User"."passwordHash", "public"."User"."image", "public"."User"."createdAt", "public"."User"."updatedAt" FROM "public"."User" WHERE ("public"."User"."email" = $1 AND 1=1) LIMIT $2 OFFSET $3
prisma:query INSERT INTO "public"."User" ("id","name","email","passwordHash","createdAt","updatedAt") VALUES ($1,$2,$3,$4,$5,$6) RETURNING "public"."User"."id", "public"."User"."email", "public"."User"."name", "public"."User"."createdAt"
prisma:query SELECT "public"."Category"."id", "public"."Category"."name", "public"."Category"."nameFa", "public"."Category"."icon", "public"."Category"."color", "public"."Category"."type"::text, "public"."Category"."isDefault", "public"."Category"."userId", "public"."Category"."createdAt", "public"."Category"."updatedAt" FROM "public"."Category" WHERE ("public"."Category"."name" = $1 AND "public"."Category"."userId" = $2) LIMIT $3 OFFSET $4
prisma:query INSERT INTO "public"."Category" ("id","name","nameFa","icon","color","type","isDefault","userId","createdAt","updatedAt") VALUES ($1,$2,$3,$4,$5,CAST($6::text AS "public"."TransactionType"),$7,$8,$9,$10) RETURNING "public"."Category"."id", "public"."Category"."name", "public"."Category"."nameFa", "public"."Category"."icon", "public"."Category"."color", "public"."Category"."type"::text, "public"."Category"."isDefault", "public"."Category"."userId", "public"."Category"."createdAt", "public"."Category"."updatedAt"
prisma:query SELECT "public"."Category"."id", "public"."Category"."name", "public"."Category"."nameFa", "public"."Category"."icon", "public"."Category"."color", "public"."Category"."type"::text, "public"."Category"."isDefault", "public"."Category"."userId", "public"."Category"."createdAt", "public"."Category"."updatedAt" FROM "public"."Category" WHERE ("public"."Category"."name" = $1 AND "public"."Category"."userId" = $2) LIMIT $3 OFFSET $4
prisma:query INSERT INTO "public"."Category" ("id","name","nameFa","icon","color","type","isDefault","userId","createdAt","updatedAt") VALUES ($1,$2,$3,$4,$5,CAST($6::text AS "public"."TransactionType"),$7,$8,$9,$10) RETURNING "public"."Category"."id", "public"."Category"."name", "public"."Category"."nameFa", "public"."Category"."icon", "public"."Category"."color", "public"."Category"."type"::text, "public"."Category"."isDefault", "public"."Category"."userId", "public"."Category"."createdAt", "public"."Category"."updatedAt"
prisma:query SELECT "public"."Category"."id", "public"."Category"."name", "public"."Category"."nameFa", "public"."Category"."icon", "public"."Category"."color", "public"."Category"."type"::text, "public"."Category"."isDefault", "public"."Category"."userId", "public"."Category"."createdAt", "public"."Category"."updatedAt" FROM "public"."Category" WHERE ("public"."Category"."name" = $1 AND "public"."Category"."userId" = $2) LIMIT $3 OFFSET $4
prisma:query INSERT INTO "public"."Category" ("id","name","nameFa","icon","color","type","isDefault","userId","createdAt","updatedAt") VALUES ($1,$2,$3,$4,$5,CAST($6::text AS "public"."TransactionType"),$7,$8,$9,$10) RETURNING "public"."Category"."id", "public"."Category"."name", "public"."Category"."nameFa", "public"."Category"."icon", "public"."Category"."color", "public"."Category"."type"::text, "public"."Category"."isDefault", "public"."Category"."userId", "public"."Category"."createdAt", "public"."Category"."updatedAt"
prisma:query SELECT "public"."Category"."id", "public"."Category"."name", "public"."Category"."nameFa", "public"."Category"."icon", "public"."Category"."color", "public"."Category"."type"::text, "public"."Category"."isDefault", "public"."Category"."userId", "public"."Category"."createdAt", "public"."Category"."updatedAt" FROM "public"."Category" WHERE ("public"."Category"."name" = $1 AND "public"."Category"."userId" = $2) LIMIT $3 OFFSET $4
prisma:query INSERT INTO "public"."Category" ("id","name","nameFa","icon","color","type","isDefault","userId","createdAt","updatedAt") VALUES ($1,$2,$3,$4,$5,CAST($6::text AS "public"."TransactionType"),$7,$8,$9,$10) RETURNING "public"."Category"."id", "public"."Category"."name", "public"."Category"."nameFa", "public"."Category"."icon", "public"."Category"."color", "public"."Category"."type"::text, "public"."Category"."isDefault", "public"."Category"."userId", "public"."Category"."createdAt", "public"."Category"."updatedAt"
prisma:query SELECT "public"."Category"."id", "public"."Category"."name", "public"."Category"."nameFa", "public"."Category"."icon", "public"."Category"."color", "public"."Category"."type"::text, "public"."Category"."isDefault", "public"."Category"."userId", "public"."Category"."createdAt", "public"."Category"."updatedAt" FROM "public"."Category" WHERE ("public"."Category"."name" = $1 AND "public"."Category"."userId" = $2) LIMIT $3 OFFSET $4
prisma:query INSERT INTO "public"."Category" ("id","name","nameFa","icon","color","type","isDefault","userId","createdAt","updatedAt") VALUES ($1,$2,$3,$4,$5,CAST($6::text AS "public"."TransactionType"),$7,$8,$9,$10) RETURNING "public"."Category"."id", "public"."Category"."name", "public"."Category"."nameFa", "public"."Category"."icon", "public"."Category"."color", "public"."Category"."type"::text, "public"."Category"."isDefault", "public"."Category"."userId", "public"."Category"."createdAt", "public"."Category"."updatedAt"
prisma:query SELECT "public"."Category"."id", "public"."Category"."name", "public"."Category"."nameFa", "public"."Category"."icon", "public"."Category"."color", "public"."Category"."type"::text, "public"."Category"."isDefault", "public"."Category"."userId", "public"."Category"."createdAt", "public"."Category"."updatedAt" FROM "public"."Category" WHERE ("public"."Category"."name" = $1 AND "public"."Category"."userId" = $2) LIMIT $3 OFFSET $4
prisma:query INSERT INTO "public"."Category" ("id","name","nameFa","icon","color","type","isDefault","userId","createdAt","updatedAt") VALUES ($1,$2,$3,$4,$5,CAST($6::text AS "public"."TransactionType"),$7,$8,$9,$10) RETURNING "public"."Category"."id", "public"."Category"."name", "public"."Category"."nameFa", "public"."Category"."icon", "public"."Category"."color", "public"."Category"."type"::text, "public"."Category"."isDefault", "public"."Category"."userId", "public"."Category"."createdAt", "public"."Category"."updatedAt"
prisma:query SELECT "public"."Category"."id", "public"."Category"."name", "public"."Category"."nameFa", "public"."Category"."icon", "public"."Category"."color", "public"."Category"."type"::text, "public"."Category"."isDefault", "public"."Category"."userId", "public"."Category"."createdAt", "public"."Category"."updatedAt" FROM "public"."Category" WHERE ("public"."Category"."name" = $1 AND "public"."Category"."userId" = $2) LIMIT $3 OFFSET $4
prisma:query INSERT INTO "public"."Category" ("id","name","nameFa","icon","color","type","isDefault","userId","createdAt","updatedAt") VALUES ($1,$2,$3,$4,$5,CAST($6::text AS "public"."TransactionType"),$7,$8,$9,$10) RETURNING "public"."Category"."id", "public"."Category"."name", "public"."Category"."nameFa", "public"."Category"."icon", "public"."Category"."color", "public"."Category"."type"::text, "public"."Category"."isDefault", "public"."Category"."userId", "public"."Category"."createdAt", "public"."Category"."updatedAt"
prisma:query SELECT "public"."Category"."id", "public"."Category"."name", "public"."Category"."nameFa", "public"."Category"."icon", "public"."Category"."color", "public"."Category"."type"::text, "public"."Category"."isDefault", "public"."Category"."userId", "public"."Category"."createdAt", "public"."Category"."updatedAt" FROM "public"."Category" WHERE ("public"."Category"."name" = $1 AND "public"."Category"."userId" = $2) LIMIT $3 OFFSET $4
prisma:query INSERT INTO "public"."Category" ("id","name","nameFa","icon","color","type","isDefault","userId","createdAt","updatedAt") VALUES ($1,$2,$3,$4,$5,CAST($6::text AS "public"."TransactionType"),$7,$8,$9,$10) RETURNING "public"."Category"."id", "public"."Category"."name", "public"."Category"."nameFa", "public"."Category"."icon", "public"."Category"."color", "public"."Category"."type"::text, "public"."Category"."isDefault", "public"."Category"."userId", "public"."Category"."createdAt", "public"."Category"."updatedAt"
prisma:query SELECT "public"."Category"."id", "public"."Category"."name", "public"."Category"."nameFa", "public"."Category"."icon", "public"."Category"."color", "public"."Category"."type"::text, "public"."Category"."isDefault", "public"."Category"."userId", "public"."Category"."createdAt", "public"."Category"."updatedAt" FROM "public"."Category" WHERE ("public"."Category"."name" = $1 AND "public"."Category"."userId" = $2) LIMIT $3 OFFSET $4
prisma:query INSERT INTO "public"."Category" ("id","name","nameFa","icon","color","type","isDefault","userId","createdAt","updatedAt") VALUES ($1,$2,$3,$4,$5,CAST($6::text AS "public"."TransactionType"),$7,$8,$9,$10) RETURNING "public"."Category"."id", "public"."Category"."name", "public"."Category"."nameFa", "public"."Category"."icon", "public"."Category"."color", "public"."Category"."type"::text, "public"."Category"."isDefault", "public"."Category"."userId", "public"."Category"."createdAt", "public"."Category"."updatedAt"
prisma:query SELECT "public"."Category"."id", "public"."Category"."name", "public"."Category"."nameFa", "public"."Category"."icon", "public"."Category"."color", "public"."Category"."type"::text, "public"."Category"."isDefault", "public"."Category"."userId", "public"."Category"."createdAt", "public"."Category"."updatedAt" FROM "public"."Category" WHERE ("public"."Category"."name" = $1 AND "public"."Category"."userId" = $2) LIMIT $3 OFFSET $4
prisma:query INSERT INTO "public"."Category" ("id","name","nameFa","icon","color","type","isDefault","userId","createdAt","updatedAt") VALUES ($1,$2,$3,$4,$5,CAST($6::text AS "public"."TransactionType"),$7,$8,$9,$10) RETURNING "public"."Category"."id", "public"."Category"."name", "public"."Category"."nameFa", "public"."Category"."icon", "public"."Category"."color", "public"."Category"."type"::text, "public"."Category"."isDefault", "public"."Category"."userId", "public"."Category"."createdAt", "public"."Category"."updatedAt"
prisma:query SELECT "public"."Category"."id", "public"."Category"."name", "public"."Category"."nameFa", "public"."Category"."icon", "public"."Category"."color", "public"."Category"."type"::text, "public"."Category"."isDefault", "public"."Category"."userId", "public"."Category"."createdAt", "public"."Category"."updatedAt" FROM "public"."Category" WHERE ("public"."Category"."name" = $1 AND "public"."Category"."userId" = $2) LIMIT $3 OFFSET $4
prisma:query INSERT INTO "public"."Category" ("id","name","nameFa","icon","color","type","isDefault","userId","createdAt","updatedAt") VALUES ($1,$2,$3,$4,$5,CAST($6::text AS "public"."TransactionType"),$7,$8,$9,$10) RETURNING "public"."Category"."id", "public"."Category"."name", "public"."Category"."nameFa", "public"."Category"."icon", "public"."Category"."color", "public"."Category"."type"::text, "public"."Category"."isDefault", "public"."Category"."userId", "public"."Category"."createdAt", "public"."Category"."updatedAt"
 POST /api/auth/register 201 in 632ms (next.js: 6ms, proxy.ts: 7ms, application-code: 619ms)
[11:02:27 UTC] [32mINFO[39m: [36mUser registered[39m
    [35mservice[39m: "finance-app"
    [35muserId[39m: "cmspzco4a0031nuvsuyu6jlm5"
    [35memail[39m: "test1786532545766@example.com"
prisma:query SELECT SUM("amount") AS "_sum$amount", COUNT(*) AS "_count$_all" FROM (SELECT "public"."Transaction"."amount", "public"."Transaction"."id" FROM "public"."Transaction" WHERE ("public"."Transaction"."userId" = $1 AND "public"."Transaction"."type" = CAST($2::text AS "public"."TransactionType")) OFFSET $3) AS "sub"
prisma:query SELECT "public"."Transaction"."id", "public"."Transaction"."amount", "public"."Transaction"."type"::text, "public"."Transaction"."description", "public"."Transaction"."date", "public"."Transaction"."receiptUrl", "public"."Transaction"."userId", "public"."Transaction"."categoryId", "public"."Transaction"."createdAt", "public"."Transaction"."updatedAt" FROM "public"."Transaction" WHERE "public"."Transaction"."userId" = $1 ORDER BY "public"."Transaction"."date" DESC LIMIT $2 OFFSET $3
prisma:query SELECT SUM("public"."Transaction"."amount") AS "_sum$amount", COUNT(*) AS "_count$_all", "public"."Transaction"."categoryId", "public"."Transaction"."type"::text FROM "public"."Transaction" WHERE "public"."Transaction"."userId" = $1 GROUP BY "public"."Transaction"."categoryId", "public"."Transaction"."type" ORDER BY SUM("public"."Transaction"."amount") DESC OFFSET $2
prisma:query SELECT SUM("amount") AS "_sum$amount", COUNT(*) AS "_count$_all" FROM (SELECT "public"."Transaction"."amount", "public"."Transaction"."id" FROM "public"."Transaction" WHERE ("public"."Transaction"."userId" = $1 AND "public"."Transaction"."type" = CAST($2::text AS "public"."TransactionType")) OFFSET $3) AS "sub"
prisma:query SELECT "public"."Category"."id", "public"."Category"."name", "public"."Category"."nameFa", "public"."Category"."icon", "public"."Category"."color" FROM "public"."Category" WHERE "public"."Category"."id" IN ($1) OFFSET $2
prisma:query SELECT "public"."Category"."id", "public"."Category"."name", "public"."Category"."nameFa", "public"."Category"."icon", "public"."Category"."color", "public"."Category"."type"::text FROM "public"."Category" WHERE ("public"."Category"."userId" = $1 OR "public"."Category"."userId" IS NULL) OFFSET $2
 GET /api/dashboard 200 in 197ms (next.js: 8ms, proxy.ts: 39ms, application-code: 150ms)
 GET /api/auth/session 200 in 197ms (next.js: 70ms, proxy.ts: 36ms, application-code: 90ms)
 GET /login?registered=true 200 in 86ms (next.js: 14ms, proxy.ts: 7ms, application-code: 66ms)
 GET /api/auth/session 200 in 72ms (next.js: 14ms, proxy.ts: 17ms, application-code: 41ms)
 GET /dashboard 200 in 246ms (next.js: 5ms, proxy.ts: 21ms, application-code: 220ms)
 GET /dashboard 200 in 219ms (next.js: 5ms, proxy.ts: 24ms, application-code: 189ms)
prisma:query SELECT SUM("amount") AS "_sum$amount", COUNT(*) AS "_count$_all" FROM (SELECT "public"."Transaction"."amount", "public"."Transaction"."id" FROM "public"."Transaction" WHERE ("public"."Transaction"."userId" = $1 AND "public"."Transaction"."type" = CAST($2::text AS "public"."TransactionType")) OFFSET $3) AS "sub"
prisma:query SELECT SUM("amount") AS "_sum$amount", COUNT(*) AS "_count$_all" FROM (SELECT "public"."Transaction"."amount", "public"."Transaction"."id" FROM "public"."Transaction" WHERE ("public"."Transaction"."userId" = $1 AND "public"."Transaction"."type" = CAST($2::text AS "public"."TransactionType")) OFFSET $3) AS "sub"
prisma:query SELECT SUM("public"."Transaction"."amount") AS "_sum$amount", COUNT(*) AS "_count$_all", "public"."Transaction"."categoryId", "public"."Transaction"."type"::text FROM "public"."Transaction" WHERE "public"."Transaction"."userId" = $1 GROUP BY "public"."Transaction"."categoryId", "public"."Transaction"."type" ORDER BY SUM("public"."Transaction"."amount") DESC OFFSET $2
prisma:query SELECT "public"."Transaction"."id", "public"."Transaction"."amount", "public"."Transaction"."type"::text, "public"."Transaction"."description", "public"."Transaction"."date", "public"."Transaction"."receiptUrl", "public"."Transaction"."userId", "public"."Transaction"."categoryId", "public"."Transaction"."createdAt", "public"."Transaction"."updatedAt" FROM "public"."Transaction" WHERE "public"."Transaction"."userId" = $1 ORDER BY "public"."Transaction"."date" DESC LIMIT $2 OFFSET $3
prisma:query SELECT "public"."Category"."id", "public"."Category"."name", "public"."Category"."nameFa", "public"."Category"."icon", "public"."Category"."color" FROM "public"."Category" WHERE "public"."Category"."id" IN ($1) OFFSET $2
prisma:query SELECT "public"."Category"."id", "public"."Category"."name", "public"."Category"."nameFa", "public"."Category"."icon", "public"."Category"."color", "public"."Category"."type"::text FROM "public"."Category" WHERE ("public"."Category"."userId" = $1 OR "public"."Category"."userId" IS NULL) OFFSET $2
 GET /api/dashboard 200 in 149ms (next.js: 10ms, proxy.ts: 30ms, application-code: 110ms)
 GET /api/auth/session 200 in 150ms (next.js: 63ms, proxy.ts: 29ms, application-code: 57ms)
prisma:query SELECT SUM("amount") AS "_sum$amount", COUNT(*) AS "_count$_all" FROM (SELECT "public"."Transaction"."amount", "public"."Transaction"."id" FROM "public"."Transaction" WHERE ("public"."Transaction"."userId" = $1 AND "public"."Transaction"."type" = CAST($2::text AS "public"."TransactionType")) OFFSET $3) AS "sub"
prisma:query SELECT SUM("amount") AS "_sum$amount", COUNT(*) AS "_count$_all" FROM (SELECT "public"."Transaction"."amount", "public"."Transaction"."id" FROM "public"."Transaction" WHERE ("public"."Transaction"."userId" = $1 AND "public"."Transaction"."type" = CAST($2::text AS "public"."TransactionType")) OFFSET $3) AS "sub"
prisma:query SELECT "public"."Transaction"."id", "public"."Transaction"."amount", "public"."Transaction"."type"::text, "public"."Transaction"."description", "public"."Transaction"."date", "public"."Transaction"."receiptUrl", "public"."Transaction"."userId", "public"."Transaction"."categoryId", "public"."Transaction"."createdAt", "public"."Transaction"."updatedAt" FROM "public"."Transaction" WHERE "public"."Transaction"."userId" = $1 ORDER BY "public"."Transaction"."date" DESC LIMIT $2 OFFSET $3
prisma:query SELECT SUM("public"."Transaction"."amount") AS "_sum$amount", COUNT(*) AS "_count$_all", "public"."Transaction"."categoryId", "public"."Transaction"."type"::text FROM "public"."Transaction" WHERE "public"."Transaction"."userId" = $1 GROUP BY "public"."Transaction"."categoryId", "public"."Transaction"."type" ORDER BY SUM("public"."Transaction"."amount") DESC OFFSET $2
prisma:query SELECT "public"."Category"."id", "public"."Category"."name", "public"."Category"."nameFa", "public"."Category"."icon", "public"."Category"."color" FROM "public"."Category" WHERE "public"."Category"."id" IN ($1) OFFSET $2
 GET /api/auth/session 200 in 127ms (next.js: 23ms, proxy.ts: 40ms, application-code: 64ms)
prisma:query SELECT "public"."Category"."id", "public"."Category"."name", "public"."Category"."nameFa", "public"."Category"."icon", "public"."Category"."color", "public"."Category"."type"::text FROM "public"."Category" WHERE ("public"."Category"."userId" = $1 OR "public"."Category"."userId" IS NULL) OFFSET $2
 GET /api/dashboard 200 in 138ms (next.js: 9ms, proxy.ts: 44ms, application-code: 85ms)
 GET /api/auth/session 200 in 48ms (next.js: 7ms, proxy.ts: 21ms, application-code: 20ms)
 GET /api/auth/session 200 in 51ms (next.js: 11ms, proxy.ts: 20ms, application-code: 20ms)
 GET /dashboard/transactions 200 in 93ms (next.js: 28ms, proxy.ts: 30ms, application-code: 35ms)
 GET /dashboard/categories 200 in 99ms (next.js: 5ms, proxy.ts: 20ms, application-code: 75ms)
 GET /api/categories 200 in 109ms (next.js: 8ms, proxy.ts: 43ms, application-code: 58ms)
 GET /api/transactions?sortBy=date&sortOrder=desc&page=1&limit=20 200 in 108ms (next.js: 13ms, proxy.ts: 45ms, application-code: 51ms)
prisma:query SELECT "public"."Category"."id", "public"."Category"."name", "public"."Category"."nameFa", "public"."Category"."icon", "public"."Category"."color", "public"."Category"."type"::text, "public"."Category"."isDefault", "public"."Category"."userId", "public"."Category"."createdAt", "public"."Category"."updatedAt" FROM "public"."Category" WHERE ("public"."Category"."userId" = $1 OR "public"."Category"."userId" IS NULL) ORDER BY "public"."Category"."type" ASC, "public"."Category"."nameFa" ASC OFFSET $2
prisma:query SELECT "public"."Category"."id", "public"."Category"."name", "public"."Category"."nameFa", "public"."Category"."icon", "public"."Category"."color", "public"."Category"."type"::text, "public"."Category"."isDefault", "public"."Category"."userId", "public"."Category"."createdAt", "public"."Category"."updatedAt" FROM "public"."Category" WHERE ("public"."Category"."userId" = $1 OR "public"."Category"."userId" IS NULL) ORDER BY "public"."Category"."type" ASC, "public"."Category"."nameFa" ASC OFFSET $2
 GET /api/categories 200 in 70ms (next.js: 8ms, proxy.ts: 39ms, application-code: 23ms)
prisma:query SELECT "public"."Category"."id", "public"."Category"."name", "public"."Category"."nameFa", "public"."Category"."icon", "public"."Category"."color", "public"."Category"."type"::text, "public"."Category"."isDefault", "public"."Category"."userId", "public"."Category"."createdAt", "public"."Category"."updatedAt" FROM "public"."Category" WHERE ("public"."Category"."userId" = $1 OR "public"."Category"."userId" IS NULL) ORDER BY "public"."Category"."type" ASC, "public"."Category"."nameFa" ASC OFFSET $2
 GET /api/categories 200 in 81ms (next.js: 6ms, proxy.ts: 21ms, application-code: 54ms)
 GET /dashboard/transactions/new 200 in 304ms (next.js: 22ms, proxy.ts: 21ms, application-code: 261ms)
 GET /dashboard/transactions 200 in 210ms (next.js: 5ms, proxy.ts: 28ms, application-code: 177ms)
prisma:query SELECT "public"."Category"."id", "public"."Category"."name", "public"."Category"."nameFa", "public"."Category"."icon", "public"."Category"."color", "public"."Category"."type"::text, "public"."Category"."isDefault", "public"."Category"."userId", "public"."Category"."createdAt", "public"."Category"."updatedAt" FROM "public"."Category" WHERE ("public"."Category"."userId" = $1 OR "public"."Category"."userId" IS NULL) ORDER BY "public"."Category"."type" ASC, "public"."Category"."nameFa" ASC OFFSET $2
 GET /api/categories 200 in 134ms (next.js: 6ms, proxy.ts: 22ms, application-code: 106ms)
 GET /api/auth/session 200 in 144ms (next.js: 62ms, proxy.ts: 21ms, application-code: 61ms)
 GET /api/transactions?sortBy=date&sortOrder=desc&page=1&limit=20 400 in 139ms (next.js: 15ms, proxy.ts: 59ms, application-code: 64ms)
prisma:query SELECT "public"."Category"."id", "public"."Category"."name", "public"."Category"."nameFa", "public"."Category"."icon", "public"."Category"."color", "public"."Category"."type"::text, "public"."Category"."isDefault", "public"."Category"."userId", "public"."Category"."createdAt", "public"."Category"."updatedAt" FROM "public"."Category" WHERE ("public"."Category"."userId" = $1 OR "public"."Category"."userId" IS NULL) ORDER BY "public"."Category"."type" ASC, "public"."Category"."nameFa" ASC OFFSET $2
 GET /api/categories 200 in 153ms (next.js: 13ms, proxy.ts: 61ms, application-code: 79ms)
 GET /api/auth/session 200 in 156ms (next.js: 53ms, proxy.ts: 60ms, application-code: 43ms)
 GET /api/auth/session 200 in 79ms (next.js: 12ms, proxy.ts: 50ms, application-code: 18ms)
 GET /api/auth/session 200 in 34ms (next.js: 5ms, proxy.ts: 13ms, application-code: 16ms)
prisma:query SELECT "public"."Category"."id", "public"."Category"."name", "public"."Category"."nameFa", "public"."Category"."icon", "public"."Category"."type"::text FROM "public"."Category" WHERE (("public"."Category"."userId" = $1 OR "public"."Category"."userId" IS NULL) AND "public"."Category"."type" = CAST($2::text AS "public"."TransactionType")) OFFSET $3
prisma:query SELECT COUNT(*) AS "_count$_all" FROM (SELECT "public"."Category"."id" FROM "public"."Category" WHERE "public"."Category"."userId" = $1 OFFSET $2) AS "sub"
prisma:query SELECT "public"."Category"."id", "public"."Category"."name", "public"."Category"."nameFa", "public"."Category"."icon", "public"."Category"."type"::text FROM "public"."Category" WHERE (("public"."Category"."userId" = $1 OR "public"."Category"."userId" IS NULL) AND "public"."Category"."type" = CAST($2::text AS "public"."TransactionType")) OFFSET $3
 GET /login 200 in 66ms (next.js: 4ms, proxy.ts: 5ms, application-code: 58ms)
 GET /api/auth/session 200 in 57ms (next.js: 45ms, proxy.ts: 4ms, application-code: 8ms)
 GET /api/auth/session 200 in 17ms (next.js: 6ms, proxy.ts: 5ms, application-code: 7ms)
 GET /login 200 in 61ms (next.js: 4ms, proxy.ts: 5ms, application-code: 52ms)
 GET /api/auth/session 200 in 63ms (next.js: 47ms, proxy.ts: 5ms, application-code: 11ms)
 GET /api/auth/session 200 in 18ms (next.js: 7ms, proxy.ts: 6ms, application-code: 5ms)
 POST /api/transactions/categorize 200 in 4.1s (next.js: 4ms, proxy.ts: 21ms, application-code: 4.0s)
[11:02:35 UTC] [33mWARN[39m: [36mZhipu categorization failed, using fallback[39m
    [35mservice[39m: "finance-app"
    [35muserId[39m: "cmspyvf2w0000u4vsyj6pjwgw"
    [35mdescription[39m: "تست تراکنش"
    error: {
      "status": 401,
      "headers": {},
      "requestID": null,
      "error": {
        "code": "401",
        "message": "令牌已过期或验证不正确"
      },
      "code": "401"
    }
[11:02:35 UTC] [33mWARN[39m: [36mZhipu categorization failed, using fallback[39m
    [35mservice[39m: "finance-app"
    [35muserId[39m: "cmspyvf2w0000u4vsyj6pjwgw"
    [35mdescription[39m: "تست تراکنش"
    error: {
      "status": 401,
      "headers": {},
      "requestID": null,
      "error": {
        "code": "401",
        "message": "令牌已过期或验证不正确"
      },
      "code": "401"
    }
prisma:query INSERT INTO "public"."Transaction" ("id","amount","type","description","date","userId","categoryId","createdAt","updatedAt") VALUES ($1,$2,CAST($3::text AS "public"."TransactionType"),$4,$5,$6,$7,$8,$9) RETURNING "public"."Transaction"."id"
prisma:query SELECT "public"."Transaction"."id", "public"."Transaction"."amount", "public"."Transaction"."type"::text, "public"."Transaction"."description", "public"."Transaction"."date", "public"."Transaction"."receiptUrl", "public"."Transaction"."userId", "public"."Transaction"."categoryId", "public"."Transaction"."createdAt", "public"."Transaction"."updatedAt" FROM "public"."Transaction" WHERE "public"."Transaction"."id" = $1 LIMIT $2 OFFSET $3
prisma:query SELECT "public"."Category"."id", "public"."Category"."name", "public"."Category"."nameFa", "public"."Category"."icon", "public"."Category"."color" FROM "public"."Category" WHERE "public"."Category"."id" = $1 OFFSET $2
prisma:query COMMIT
 POST /api/transactions 201 in 4.1s (next.js: 6ms, proxy.ts: 36ms, application-code: 4.1s)
[11:02:36 UTC] [32mINFO[39m: [36mTransaction created[39m
    [35mservice[39m: "finance-app"
    [35muserId[39m: "cmspyvf2w0000u4vsyj6pjwgw"
    [35mtransactionId[39m: "cmspzcul7003dnuvsixswdlyp"
    [35mcategorization[39m: "fallback"
 GET /dashboard/transactions 200 in 56ms (next.js: 16ms, proxy.ts: 15ms, application-code: 26ms)
 GET /dashboard/transactions 200 in 101ms (next.js: 25ms, proxy.ts: 18ms, application-code: 59ms)
prisma:query SELECT "public"."Category"."id", "public"."Category"."name", "public"."Category"."nameFa", "public"."Category"."icon", "public"."Category"."color", "public"."Category"."type"::text, "public"."Category"."isDefault", "public"."Category"."userId", "public"."Category"."createdAt", "public"."Category"."updatedAt" FROM "public"."Category" WHERE ("public"."Category"."userId" = $1 OR "public"."Category"."userId" IS NULL) ORDER BY "public"."Category"."type" ASC, "public"."Category"."nameFa" ASC OFFSET $2
 GET /api/categories 200 in 64ms (next.js: 6ms, proxy.ts: 28ms, application-code: 30ms)
 GET /api/transactions?sortBy=date&sortOrder=desc&page=1&limit=20 400 in 62ms (next.js: 11ms, proxy.ts: 27ms, application-code: 23ms)
 GET /api/categories 200 in 57ms (next.js: 7ms, proxy.ts: 25ms, application-code: 25ms)
 GET /api/transactions?sortBy=date&sortOrder=desc&page=1&limit=20 200 in 59ms (next.js: 10ms, proxy.ts: 26ms, application-code: 23ms)
prisma:query SELECT "public"."Category"."id", "public"."Category"."name", "public"."Category"."nameFa", "public"."Category"."icon", "public"."Category"."color", "public"."Category"."type"::text, "public"."Category"."isDefault", "public"."Category"."userId", "public"."Category"."createdAt", "public"."Category"."updatedAt" FROM "public"."Category" WHERE ("public"."Category"."userId" = $1 OR "public"."Category"."userId" IS NULL) ORDER BY "public"."Category"."type" ASC, "public"."Category"."nameFa" ASC OFFSET $2
 GET / 307 in 90ms (next.js: 3ms, proxy.ts: 6ms, application-code: 81ms)
 GET /login 200 in 64ms (next.js: 4ms, proxy.ts: 6ms, application-code: 54ms)
 GET / 307 in 73ms (next.js: 2ms, proxy.ts: 3ms, application-code: 67ms)
 GET /login 200 in 68ms (next.js: 4ms, proxy.ts: 4ms, application-code: 60ms)
 GET /register 200 in 434ms (next.js: 10ms, proxy.ts: 14ms, application-code: 410ms)
 GET /login 200 in 336ms (next.js: 12ms, proxy.ts: 25ms, application-code: 299ms)
 GET /login?callbackUrl=%2Fdashboard 200 in 376ms (next.js: 20ms, proxy.ts: 70ms, application-code: 286ms)
 GET /register 200 in 350ms (next.js: 69ms, proxy.ts: 15ms, application-code: 266ms)
 GET /api/auth/session 200 in 104ms (next.js: 69ms, proxy.ts: 20ms, application-code: 15ms)
 GET /api/auth/session 200 in 105ms (next.js: 86ms, proxy.ts: 7ms, application-code: 11ms)
 GET /api/auth/session 200 in 120ms (next.js: 101ms, proxy.ts: 7ms, application-code: 12ms)
 GET /api/auth/session 200 in 78ms (next.js: 54ms, proxy.ts: 13ms, application-code: 11ms)
 GET /api/auth/session 200 in 81ms (next.js: 55ms, proxy.ts: 19ms, application-code: 8ms)
 GET /api/auth/session 200 in 74ms (next.js: 56ms, proxy.ts: 10ms, application-code: 8ms)
 GET /api/auth/session 200 in 69ms (next.js: 40ms, proxy.ts: 22ms, application-code: 8ms)
 GET /api/auth/session 200 in 54ms (next.js: 34ms, proxy.ts: 15ms, application-code: 5ms)
prisma:query SELECT "public"."User"."id", "public"."User"."name", "public"."User"."email", "public"."User"."emailVerified", "public"."User"."passwordHash", "public"."User"."image", "public"."User"."createdAt", "public"."User"."updatedAt" FROM "public"."User" WHERE ("public"."User"."email" = $1 AND 1=1) LIMIT $2 OFFSET $3
prisma:query INSERT INTO "public"."User" ("id","name","email","passwordHash","createdAt","updatedAt") VALUES ($1,$2,$3,$4,$5,$6) RETURNING "public"."User"."id", "public"."User"."email", "public"."User"."name", "public"."User"."createdAt"
prisma:query SELECT "public"."Category"."id", "public"."Category"."name", "public"."Category"."nameFa", "public"."Category"."icon", "public"."Category"."color", "public"."Category"."type"::text, "public"."Category"."isDefault", "public"."Category"."userId", "public"."Category"."createdAt", "public"."Category"."updatedAt" FROM "public"."Category" WHERE ("public"."Category"."name" = $1 AND "public"."Category"."userId" = $2) LIMIT $3 OFFSET $4
prisma:query INSERT INTO "public"."Category" ("id","name","nameFa","icon","color","type","isDefault","userId","createdAt","updatedAt") VALUES ($1,$2,$3,$4,$5,CAST($6::text AS "public"."TransactionType"),$7,$8,$9,$10) RETURNING "public"."Category"."id", "public"."Category"."name", "public"."Category"."nameFa", "public"."Category"."icon", "public"."Category"."color", "public"."Category"."type"::text, "public"."Category"."isDefault", "public"."Category"."userId", "public"."Category"."createdAt", "public"."Category"."updatedAt"
prisma:query SELECT "public"."Category"."id", "public"."Category"."name", "public"."Category"."nameFa", "public"."Category"."icon", "public"."Category"."color", "public"."Category"."type"::text, "public"."Category"."isDefault", "public"."Category"."userId", "public"."Category"."createdAt", "public"."Category"."updatedAt" FROM "public"."Category" WHERE ("public"."Category"."name" = $1 AND "public"."Category"."userId" = $2) LIMIT $3 OFFSET $4
prisma:query INSERT INTO "public"."Category" ("id","name","nameFa","icon","color","type","isDefault","userId","createdAt","updatedAt") VALUES ($1,$2,$3,$4,$5,CAST($6::text AS "public"."TransactionType"),$7,$8,$9,$10) RETURNING "public"."Category"."id", "public"."Category"."name", "public"."Category"."nameFa", "public"."Category"."icon", "public"."Category"."color", "public"."Category"."type"::text, "public"."Category"."isDefault", "public"."Category"."userId", "public"."Category"."createdAt", "public"."Category"."updatedAt"
prisma:query SELECT "public"."Category"."id", "public"."Category"."name", "public"."Category"."nameFa", "public"."Category"."icon", "public"."Category"."color", "public"."Category"."type"::text, "public"."Category"."isDefault", "public"."Category"."userId", "public"."Category"."createdAt", "public"."Category"."updatedAt" FROM "public"."Category" WHERE ("public"."Category"."name" = $1 AND "public"."Category"."userId" = $2) LIMIT $3 OFFSET $4
prisma:query INSERT INTO "public"."Category" ("id","name","nameFa","icon","color","type","isDefault","userId","createdAt","updatedAt") VALUES ($1,$2,$3,$4,$5,CAST($6::text AS "public"."TransactionType"),$7,$8,$9,$10) RETURNING "public"."Category"."id", "public"."Category"."name", "public"."Category"."nameFa", "public"."Category"."icon", "public"."Category"."color", "public"."Category"."type"::text, "public"."Category"."isDefault", "public"."Category"."userId", "public"."Category"."createdAt", "public"."Category"."updatedAt"
prisma:query SELECT "public"."Category"."id", "public"."Category"."name", "public"."Category"."nameFa", "public"."Category"."icon", "public"."Category"."color", "public"."Category"."type"::text, "public"."Category"."isDefault", "public"."Category"."userId", "public"."Category"."createdAt", "public"."Category"."updatedAt" FROM "public"."Category" WHERE ("public"."Category"."name" = $1 AND "public"."Category"."userId" = $2) LIMIT $3 OFFSET $4
prisma:query INSERT INTO "public"."Category" ("id","name","nameFa","icon","color","type","isDefault","userId","createdAt","updatedAt") VALUES ($1,$2,$3,$4,$5,CAST($6::text AS "public"."TransactionType"),$7,$8,$9,$10) RETURNING "public"."Category"."id", "public"."Category"."name", "public"."Category"."nameFa", "public"."Category"."icon", "public"."Category"."color", "public"."Category"."type"::text, "public"."Category"."isDefault", "public"."Category"."userId", "public"."Category"."createdAt", "public"."Category"."updatedAt"
prisma:query SELECT "public"."Category"."id", "public"."Category"."name", "public"."Category"."nameFa", "public"."Category"."icon", "public"."Category"."color", "public"."Category"."type"::text, "public"."Category"."isDefault", "public"."Category"."userId", "public"."Category"."createdAt", "public"."Category"."updatedAt" FROM "public"."Category" WHERE ("public"."Category"."name" = $1 AND "public"."Category"."userId" = $2) LIMIT $3 OFFSET $4
prisma:query INSERT INTO "public"."Category" ("id","name","nameFa","icon","color","type","isDefault","userId","createdAt","updatedAt") VALUES ($1,$2,$3,$4,$5,CAST($6::text AS "public"."TransactionType"),$7,$8,$9,$10) RETURNING "public"."Category"."id", "public"."Category"."name", "public"."Category"."nameFa", "public"."Category"."icon", "public"."Category"."color", "public"."Category"."type"::text, "public"."Category"."isDefault", "public"."Category"."userId", "public"."Category"."createdAt", "public"."Category"."updatedAt"
prisma:query SELECT "public"."Category"."id", "public"."Category"."name", "public"."Category"."nameFa", "public"."Category"."icon", "public"."Category"."color", "public"."Category"."type"::text, "public"."Category"."isDefault", "public"."Category"."userId", "public"."Category"."createdAt", "public"."Category"."updatedAt" FROM "public"."Category" WHERE ("public"."Category"."name" = $1 AND "public"."Category"."userId" = $2) LIMIT $3 OFFSET $4
prisma:query INSERT INTO "public"."Category" ("id","name","nameFa","icon","color","type","isDefault","userId","createdAt","updatedAt") VALUES ($1,$2,$3,$4,$5,CAST($6::text AS "public"."TransactionType"),$7,$8,$9,$10) RETURNING "public"."Category"."id", "public"."Category"."name", "public"."Category"."nameFa", "public"."Category"."icon", "public"."Category"."color", "public"."Category"."type"::text, "public"."Category"."isDefault", "public"."Category"."userId", "public"."Category"."createdAt", "public"."Category"."updatedAt"
prisma:query SELECT "public"."Category"."id", "public"."Category"."name", "public"."Category"."nameFa", "public"."Category"."icon", "public"."Category"."color", "public"."Category"."type"::text, "public"."Category"."isDefault", "public"."Category"."userId", "public"."Category"."createdAt", "public"."Category"."updatedAt" FROM "public"."Category" WHERE ("public"."Category"."name" = $1 AND "public"."Category"."userId" = $2) LIMIT $3 OFFSET $4
prisma:query INSERT INTO "public"."Category" ("id","name","nameFa","icon","color","type","isDefault","userId","createdAt","updatedAt") VALUES ($1,$2,$3,$4,$5,CAST($6::text AS "public"."TransactionType"),$7,$8,$9,$10) RETURNING "public"."Category"."id", "public"."Category"."name", "public"."Category"."nameFa", "public"."Category"."icon", "public"."Category"."color", "public"."Category"."type"::text, "public"."Category"."isDefault", "public"."Category"."userId", "public"."Category"."createdAt", "public"."Category"."updatedAt"
prisma:query SELECT "public"."Category"."id", "public"."Category"."name", "public"."Category"."nameFa", "public"."Category"."icon", "public"."Category"."color", "public"."Category"."type"::text, "public"."Category"."isDefault", "public"."Category"."userId", "public"."Category"."createdAt", "public"."Category"."updatedAt" FROM "public"."Category" WHERE ("public"."Category"."name" = $1 AND "public"."Category"."userId" = $2) LIMIT $3 OFFSET $4
prisma:query INSERT INTO "public"."Category" ("id","name","nameFa","icon","color","type","isDefault","userId","createdAt","updatedAt") VALUES ($1,$2,$3,$4,$5,CAST($6::text AS "public"."TransactionType"),$7,$8,$9,$10) RETURNING "public"."Category"."id", "public"."Category"."name", "public"."Category"."nameFa", "public"."Category"."icon", "public"."Category"."color", "public"."Category"."type"::text, "public"."Category"."isDefault", "public"."Category"."userId", "public"."Category"."createdAt", "public"."Category"."updatedAt"
prisma:query SELECT "public"."Category"."id", "public"."Category"."name", "public"."Category"."nameFa", "public"."Category"."icon", "public"."Category"."color", "public"."Category"."type"::text, "public"."Category"."isDefault", "public"."Category"."userId", "public"."Category"."createdAt", "public"."Category"."updatedAt" FROM "public"."Category" WHERE ("public"."Category"."name" = $1 AND "public"."Category"."userId" = $2) LIMIT $3 OFFSET $4
prisma:query INSERT INTO "public"."Category" ("id","name","nameFa","icon","color","type","isDefault","userId","createdAt","updatedAt") VALUES ($1,$2,$3,$4,$5,CAST($6::text AS "public"."TransactionType"),$7,$8,$9,$10) RETURNING "public"."Category"."id", "public"."Category"."name", "public"."Category"."nameFa", "public"."Category"."icon", "public"."Category"."color", "public"."Category"."type"::text, "public"."Category"."isDefault", "public"."Category"."userId", "public"."Category"."createdAt", "public"."Category"."updatedAt"
prisma:query SELECT "public"."Category"."id", "public"."Category"."name", "public"."Category"."nameFa", "public"."Category"."icon", "public"."Category"."color", "public"."Category"."type"::text, "public"."Category"."isDefault", "public"."Category"."userId", "public"."Category"."createdAt", "public"."Category"."updatedAt" FROM "public"."Category" WHERE ("public"."Category"."name" = $1 AND "public"."Category"."userId" = $2) LIMIT $3 OFFSET $4
prisma:query INSERT INTO "public"."Category" ("id","name","nameFa","icon","color","type","isDefault","userId","createdAt","updatedAt") VALUES ($1,$2,$3,$4,$5,CAST($6::text AS "public"."TransactionType"),$7,$8,$9,$10) RETURNING "public"."Category"."id", "public"."Category"."name", "public"."Category"."nameFa", "public"."Category"."icon", "public"."Category"."color", "public"."Category"."type"::text, "public"."Category"."isDefault", "public"."Category"."userId", "public"."Category"."createdAt", "public"."Category"."updatedAt"
prisma:query SELECT "public"."Category"."id", "public"."Category"."name", "public"."Category"."nameFa", "public"."Category"."icon", "public"."Category"."color", "public"."Category"."type"::text, "public"."Category"."isDefault", "public"."Category"."userId", "public"."Category"."createdAt", "public"."Category"."updatedAt" FROM "public"."Category" WHERE ("public"."Category"."name" = $1 AND "public"."Category"."userId" = $2) LIMIT $3 OFFSET $4
prisma:query INSERT INTO "public"."Category" ("id","name","nameFa","icon","color","type","isDefault","userId","createdAt","updatedAt") VALUES ($1,$2,$3,$4,$5,CAST($6::text AS "public"."TransactionType"),$7,$8,$9,$10) RETURNING "public"."Category"."id", "public"."Category"."name", "public"."Category"."nameFa", "public"."Category"."icon", "public"."Category"."color", "public"."Category"."type"::text, "public"."Category"."isDefault", "public"."Category"."userId", "public"."Category"."createdAt", "public"."Category"."updatedAt"
 POST /api/auth/register 201 in 1126ms (next.js: 5ms, proxy.ts: 15ms, application-code: 1106ms)
[11:03:16 UTC] [32mINFO[39m: [36mUser registered[39m
    [35mservice[39m: "finance-app"
    [35muserId[39m: "cmspzdpbu003enuvs901357a9"
    [35memail[39m: "test1786532592816@example.com"
 GET /dashboard 200 in 871ms (next.js: 7ms, proxy.ts: 364ms, application-code: 499ms)
 GET /dashboard 200 in 715ms (next.js: 58ms, proxy.ts: 159ms, application-code: 497ms)
 GET /dashboard 200 in 662ms (next.js: 98ms, proxy.ts: 72ms, application-code: 492ms)
 GET /login?registered=true 200 in 352ms (next.js: 184ms, proxy.ts: 24ms, application-code: 144ms)
prisma:query SELECT SUM("amount") AS "_sum$amount", COUNT(*) AS "_count$_all" FROM (SELECT "public"."Transaction"."amount", "public"."Transaction"."id" FROM "public"."Transaction" WHERE ("public"."Transaction"."userId" = $1 AND "public"."Transaction"."type" = CAST($2::text AS "public"."TransactionType")) OFFSET $3) AS "sub"
 GET /api/auth/session 200 in 294ms (next.js: 127ms, proxy.ts: 49ms, application-code: 117ms)
prisma:query SELECT "public"."Transaction"."id", "public"."Transaction"."amount", "public"."Transaction"."type"::text, "public"."Transaction"."description", "public"."Transaction"."date", "public"."Transaction"."receiptUrl", "public"."Transaction"."userId", "public"."Transaction"."categoryId", "public"."Transaction"."createdAt", "public"."Transaction"."updatedAt" FROM "public"."Transaction" WHERE "public"."Transaction"."userId" = $1 ORDER BY "public"."Transaction"."date" DESC LIMIT $2 OFFSET $3
prisma:query SELECT SUM("amount") AS "_sum$amount", COUNT(*) AS "_count$_all" FROM (SELECT "public"."Transaction"."amount", "public"."Transaction"."id" FROM "public"."Transaction" WHERE ("public"."Transaction"."userId" = $1 AND "public"."Transaction"."type" = CAST($2::text AS "public"."TransactionType")) OFFSET $3) AS "sub"
prisma:query SELECT SUM("public"."Transaction"."amount") AS "_sum$amount", COUNT(*) AS "_count$_all", "public"."Transaction"."categoryId", "public"."Transaction"."type"::text FROM "public"."Transaction" WHERE "public"."Transaction"."userId" = $1 GROUP BY "public"."Transaction"."categoryId", "public"."Transaction"."type" ORDER BY SUM("public"."Transaction"."amount") DESC OFFSET $2
prisma:query SELECT SUM("amount") AS "_sum$amount", COUNT(*) AS "_count$_all" FROM (SELECT "public"."Transaction"."amount", "public"."Transaction"."id" FROM "public"."Transaction" WHERE ("public"."Transaction"."userId" = $1 AND "public"."Transaction"."type" = CAST($2::text AS "public"."TransactionType")) OFFSET $3) AS "sub"
prisma:query SELECT "public"."Category"."id", "public"."Category"."name", "public"."Category"."nameFa", "public"."Category"."icon", "public"."Category"."color" FROM "public"."Category" WHERE "public"."Category"."id" IN ($1,$2) OFFSET $3
prisma:query SELECT "public"."Category"."id", "public"."Category"."name", "public"."Category"."nameFa", "public"."Category"."icon", "public"."Category"."color", "public"."Category"."type"::text FROM "public"."Category" WHERE ("public"."Category"."userId" = $1 OR "public"."Category"."userId" IS NULL) OFFSET $2
 GET /api/dashboard 200 in 527ms (next.js: 15ms, proxy.ts: 46ms, application-code: 466ms)
 GET /api/auth/session 200 in 458ms (next.js: 81ms, proxy.ts: 158ms, application-code: 219ms)
prisma:query SELECT SUM("amount") AS "_sum$amount", COUNT(*) AS "_count$_all" FROM (SELECT "public"."Transaction"."amount", "public"."Transaction"."id" FROM "public"."Transaction" WHERE ("public"."Transaction"."userId" = $1 AND "public"."Transaction"."type" = CAST($2::text AS "public"."TransactionType")) OFFSET $3) AS "sub"
prisma:query SELECT SUM("public"."Transaction"."amount") AS "_sum$amount", COUNT(*) AS "_count$_all", "public"."Transaction"."categoryId", "public"."Transaction"."type"::text FROM "public"."Transaction" WHERE "public"."Transaction"."userId" = $1 GROUP BY "public"."Transaction"."categoryId", "public"."Transaction"."type" ORDER BY SUM("public"."Transaction"."amount") DESC OFFSET $2
prisma:query SELECT "public"."Transaction"."id", "public"."Transaction"."amount", "public"."Transaction"."type"::text, "public"."Transaction"."description", "public"."Transaction"."date", "public"."Transaction"."receiptUrl", "public"."Transaction"."userId", "public"."Transaction"."categoryId", "public"."Transaction"."createdAt", "public"."Transaction"."updatedAt" FROM "public"."Transaction" WHERE "public"."Transaction"."userId" = $1 ORDER BY "public"."Transaction"."date" DESC LIMIT $2 OFFSET $3
prisma:query SELECT SUM("amount") AS "_sum$amount", COUNT(*) AS "_count$_all" FROM (SELECT "public"."Transaction"."amount", "public"."Transaction"."id" FROM "public"."Transaction" WHERE ("public"."Transaction"."userId" = $1 AND "public"."Transaction"."type" = CAST($2::text AS "public"."TransactionType")) OFFSET $3) AS "sub"
 GET /api/auth/session 200 in 426ms (next.js: 65ms, proxy.ts: 133ms, application-code: 228ms)
prisma:query SELECT "public"."Category"."id", "public"."Category"."name", "public"."Category"."nameFa", "public"."Category"."icon", "public"."Category"."color" FROM "public"."Category" WHERE "public"."Category"."id" IN ($1,$2) OFFSET $3
prisma:query SELECT "public"."Category"."id", "public"."Category"."name", "public"."Category"."nameFa", "public"."Category"."icon", "public"."Category"."color", "public"."Category"."type"::text FROM "public"."Category" WHERE ("public"."Category"."userId" = $1 OR "public"."Category"."userId" IS NULL) OFFSET $2
 GET /api/dashboard 200 in 498ms (next.js: 30ms, proxy.ts: 132ms, application-code: 336ms)
prisma:query SELECT SUM("amount") AS "_sum$amount", COUNT(*) AS "_count$_all" FROM (SELECT "public"."Transaction"."amount", "public"."Transaction"."id" FROM "public"."Transaction" WHERE ("public"."Transaction"."userId" = $1 AND "public"."Transaction"."type" = CAST($2::text AS "public"."TransactionType")) OFFSET $3) AS "sub"
prisma:query SELECT "public"."Transaction"."id", "public"."Transaction"."amount", "public"."Transaction"."type"::text, "public"."Transaction"."description", "public"."Transaction"."date", "public"."Transaction"."receiptUrl", "public"."Transaction"."userId", "public"."Transaction"."categoryId", "public"."Transaction"."createdAt", "public"."Transaction"."updatedAt" FROM "public"."Transaction" WHERE "public"."Transaction"."userId" = $1 ORDER BY "public"."Transaction"."date" DESC LIMIT $2 OFFSET $3
prisma:query SELECT "public"."Category"."id", "public"."Category"."name", "public"."Category"."nameFa", "public"."Category"."icon", "public"."Category"."color" FROM "public"."Category" WHERE "public"."Category"."id" IN ($1,$2) OFFSET $3
prisma:query SELECT SUM("public"."Transaction"."amount") AS "_sum$amount", COUNT(*) AS "_count$_all", "public"."Transaction"."categoryId", "public"."Transaction"."type"::text FROM "public"."Transaction" WHERE "public"."Transaction"."userId" = $1 GROUP BY "public"."Transaction"."categoryId", "public"."Transaction"."type" ORDER BY SUM("public"."Transaction"."amount") DESC OFFSET $2
prisma:query SELECT "public"."Category"."id", "public"."Category"."name", "public"."Category"."nameFa", "public"."Category"."icon", "public"."Category"."color", "public"."Category"."type"::text FROM "public"."Category" WHERE ("public"."Category"."userId" = $1 OR "public"."Category"."userId" IS NULL) OFFSET $2
 GET /api/dashboard 200 in 739ms (next.js: 22ms, proxy.ts: 159ms, application-code: 558ms)
 GET /api/auth/session 200 in 526ms (next.js: 123ms, proxy.ts: 223ms, application-code: 181ms)
 GET /dashboard/transactions 200 in 363ms (next.js: 32ms, proxy.ts: 211ms, application-code: 120ms)
 GET /dashboard/categories 200 in 404ms (next.js: 36ms, proxy.ts: 237ms, application-code: 131ms)
 GET /dashboard/transactions/new 200 in 791ms (next.js: 41ms, proxy.ts: 142ms, application-code: 608ms)
 GET /api/auth/session 200 in 501ms (next.js: 136ms, proxy.ts: 265ms, application-code: 101ms)
 GET /api/auth/session 200 in 440ms (next.js: 132ms, proxy.ts: 213ms, application-code: 96ms)
prisma:query SELECT "public"."Category"."id", "public"."Category"."name", "public"."Category"."nameFa", "public"."Category"."icon", "public"."Category"."color", "public"."Category"."type"::text, "public"."Category"."isDefault", "public"."Category"."userId", "public"."Category"."createdAt", "public"."Category"."updatedAt" FROM "public"."Category" WHERE ("public"."Category"."userId" = $1 OR "public"."Category"."userId" IS NULL) ORDER BY "public"."Category"."type" ASC, "public"."Category"."nameFa" ASC OFFSET $2
 GET /api/categories 200 in 162ms (next.js: 15ms, proxy.ts: 76ms, application-code: 72ms)
 GET /api/transactions?sortBy=date&sortOrder=desc&page=1&limit=20 400 in 164ms (next.js: 37ms, proxy.ts: 59ms, application-code: 68ms)
prisma:query SELECT "public"."Category"."id", "public"."Category"."name", "public"."Category"."nameFa", "public"."Category"."icon", "public"."Category"."color", "public"."Category"."type"::text, "public"."Category"."isDefault", "public"."Category"."userId", "public"."Category"."createdAt", "public"."Category"."updatedAt" FROM "public"."Category" WHERE ("public"."Category"."userId" = $1 OR "public"."Category"."userId" IS NULL) ORDER BY "public"."Category"."type" ASC, "public"."Category"."nameFa" ASC OFFSET $2
 GET /api/categories 200 in 172ms (next.js: 25ms, proxy.ts: 67ms, application-code: 80ms)
prisma:query SELECT "public"."Category"."id", "public"."Category"."name", "public"."Category"."nameFa", "public"."Category"."icon", "public"."Category"."color", "public"."Category"."type"::text, "public"."Category"."isDefault", "public"."Category"."userId", "public"."Category"."createdAt", "public"."Category"."updatedAt" FROM "public"."Category" WHERE ("public"."Category"."userId" = $1 OR "public"."Category"."userId" IS NULL) ORDER BY "public"."Category"."type" ASC, "public"."Category"."nameFa" ASC OFFSET $2
 GET /api/categories 200 in 94ms (next.js: 7ms, proxy.ts: 48ms, application-code: 39ms)
 GET /login 200 in 329ms (next.js: 32ms, proxy.ts: 51ms, application-code: 246ms)
 GET /dashboard/transactions 200 in 540ms (next.js: 7ms, proxy.ts: 28ms, application-code: 505ms)
 GET /login 200 in 286ms (next.js: 14ms, proxy.ts: 11ms, application-code: 260ms)
prisma:query SELECT "public"."Category"."id", "public"."Category"."name", "public"."Category"."nameFa", "public"."Category"."icon", "public"."Category"."color", "public"."Category"."type"::text, "public"."Category"."isDefault", "public"."Category"."userId", "public"."Category"."createdAt", "public"."Category"."updatedAt" FROM "public"."Category" WHERE ("public"."Category"."userId" = $1 OR "public"."Category"."userId" IS NULL) ORDER BY "public"."Category"."type" ASC, "public"."Category"."nameFa" ASC OFFSET $2
 GET /api/categories 200 in 529ms (next.js: 38ms, proxy.ts: 255ms, application-code: 237ms)
 GET /api/auth/session 200 in 556ms (next.js: 135ms, proxy.ts: 256ms, application-code: 165ms)
prisma:query SELECT "public"."Category"."id", "public"."Category"."name", "public"."Category"."nameFa", "public"."Category"."icon", "public"."Category"."type"::text FROM "public"."Category" WHERE (("public"."Category"."userId" = $1 OR "public"."Category"."userId" IS NULL) AND "public"."Category"."type" = CAST($2::text AS "public"."TransactionType")) OFFSET $3
prisma:query SELECT COUNT(*) AS "_count$_all" FROM (SELECT "public"."Category"."id" FROM "public"."Category" WHERE "public"."Category"."userId" = $1 OFFSET $2) AS "sub"
prisma:query SELECT "public"."Category"."id", "public"."Category"."name", "public"."Category"."nameFa", "public"."Category"."icon", "public"."Category"."type"::text FROM "public"."Category" WHERE (("public"."Category"."userId" = $1 OR "public"."Category"."userId" IS NULL) AND "public"."Category"."type" = CAST($2::text AS "public"."TransactionType")) OFFSET $3
 GET /api/auth/session 200 in 90ms (next.js: 28ms, proxy.ts: 44ms, application-code: 18ms)
 GET /api/auth/session 200 in 37ms (next.js: 21ms, proxy.ts: 7ms, application-code: 9ms)
 GET /api/auth/session 200 in 39ms (next.js: 18ms, proxy.ts: 12ms, application-code: 9ms)
 GET /api/auth/session 200 in 47ms (next.js: 27ms, proxy.ts: 12ms, application-code: 8ms)
 GET /api/auth/session 200 in 39ms (next.js: 19ms, proxy.ts: 11ms, application-code: 9ms)
[11:03:21 UTC] [33mWARN[39m: [36mZhipu categorization failed, using fallback[39m
    [35mservice[39m: "finance-app"
    [35muserId[39m: "cmspyvf2w0000u4vsyj6pjwgw"
    [35mdescription[39m: "تست تراکنش"
    error: {
      "status": 401,
      "headers": {},
      "requestID": null,
      "error": {
        "code": "401",
        "message": "令牌已过期或验证不正确"
      },
      "code": "401"
    }
prisma:query INSERT INTO "public"."Transaction" ("id","amount","type","description","date","userId","categoryId","createdAt","updatedAt") VALUES ($1,$2,CAST($3::text AS "public"."TransactionType"),$4,$5,$6,$7,$8,$9) RETURNING "public"."Transaction"."id"
prisma:query SELECT "public"."Transaction"."id", "public"."Transaction"."amount", "public"."Transaction"."type"::text, "public"."Transaction"."description", "public"."Transaction"."date", "public"."Transaction"."receiptUrl", "public"."Transaction"."userId", "public"."Transaction"."categoryId", "public"."Transaction"."createdAt", "public"."Transaction"."updatedAt" FROM "public"."Transaction" WHERE "public"."Transaction"."id" = $1 LIMIT $2 OFFSET $3
prisma:query SELECT "public"."Category"."id", "public"."Category"."name", "public"."Category"."nameFa", "public"."Category"."icon", "public"."Category"."color" FROM "public"."Category" WHERE "public"."Category"."id" = $1 OFFSET $2
prisma:query COMMIT
 POST /api/transactions 201 in 1966ms (next.js: 30ms, proxy.ts: 164ms, application-code: 1772ms)
[11:03:21 UTC] [32mINFO[39m: [36mTransaction created[39m
    [35mservice[39m: "finance-app"
    [35muserId[39m: "cmspyvf2w0000u4vsyj6pjwgw"
    [35mtransactionId[39m: "cmspzdtx1003qnuvsm0kwii0z"
    [35mcategorization[39m: "fallback"
 GET /dashboard/transactions 200 in 88ms (next.js: 8ms, proxy.ts: 25ms, application-code: 56ms)
 GET /dashboard/transactions 200 in 257ms (next.js: 69ms, proxy.ts: 30ms, application-code: 157ms)
 POST /api/transactions/categorize 200 in 2.7s (next.js: 35ms, proxy.ts: 167ms, application-code: 2.5s)
 GET /login?callbackUrl=%2Fdashboard 200 in 277ms (next.js: 20ms, proxy.ts: 15ms, application-code: 242ms)
 GET /login 200 in 172ms (next.js: 14ms, proxy.ts: 17ms, application-code: 142ms)
[11:03:22 UTC] [33mWARN[39m: [36mZhipu categorization failed, using fallback[39m
    [35mservice[39m: "finance-app"
    [35muserId[39m: "cmspyvf2w0000u4vsyj6pjwgw"
    [35mdescription[39m: "تست تراکنش"
    error: {
      "status": 401,
      "headers": {},
      "requestID": null,
      "error": {
        "code": "401",
        "message": "令牌已过期或验证不正确"
      },
      "code": "401"
    }
 GET /register 200 in 282ms (next.js: 108ms, proxy.ts: 14ms, application-code: 160ms)
 GET /api/auth/session 200 in 91ms (next.js: 68ms, proxy.ts: 8ms, application-code: 15ms)
 GET /api/auth/session 200 in 73ms (next.js: 33ms, proxy.ts: 17ms, application-code: 22ms)
 GET /api/auth/session 200 in 70ms (next.js: 36ms, proxy.ts: 9ms, application-code: 25ms)
 GET /api/auth/session 200 in 39ms (next.js: 17ms, proxy.ts: 6ms, application-code: 16ms)
 GET /api/auth/session 200 in 35ms (next.js: 12ms, proxy.ts: 13ms, application-code: 10ms)
 GET /api/auth/session 200 in 17ms (next.js: 6ms, proxy.ts: 6ms, application-code: 6ms)
 GET /register 200 in 219ms (next.js: 10ms, proxy.ts: 9ms, application-code: 200ms)
 GET /dashboard 200 in 564ms (next.js: 9ms, proxy.ts: 88ms, application-code: 468ms)
 GET /dashboard 200 in 592ms (next.js: 12ms, proxy.ts: 125ms, application-code: 455ms)
 GET /dashboard 200 in 543ms (next.js: 35ms, proxy.ts: 152ms, application-code: 356ms)
 GET /api/auth/session 200 in 87ms (next.js: 65ms, proxy.ts: 12ms, application-code: 10ms)
 GET /api/auth/session 200 in 28ms (next.js: 10ms, proxy.ts: 11ms, application-code: 7ms)
prisma:query SELECT SUM("amount") AS "_sum$amount", COUNT(*) AS "_count$_all" FROM (SELECT "public"."Transaction"."amount", "public"."Transaction"."id" FROM "public"."Transaction" WHERE ("public"."Transaction"."userId" = $1 AND "public"."Transaction"."type" = CAST($2::text AS "public"."TransactionType")) OFFSET $3) AS "sub"
prisma:query SELECT "public"."Transaction"."id", "public"."Transaction"."amount", "public"."Transaction"."type"::text, "public"."Transaction"."description", "public"."Transaction"."date", "public"."Transaction"."receiptUrl", "public"."Transaction"."userId", "public"."Transaction"."categoryId", "public"."Transaction"."createdAt", "public"."Transaction"."updatedAt" FROM "public"."Transaction" WHERE "public"."Transaction"."userId" = $1 ORDER BY "public"."Transaction"."date" DESC LIMIT $2 OFFSET $3
prisma:query SELECT SUM("amount") AS "_sum$amount", COUNT(*) AS "_count$_all" FROM (SELECT "public"."Transaction"."amount", "public"."Transaction"."id" FROM "public"."Transaction" WHERE ("public"."Transaction"."userId" = $1 AND "public"."Transaction"."type" = CAST($2::text AS "public"."TransactionType")) OFFSET $3) AS "sub"
prisma:query SELECT "public"."Category"."id", "public"."Category"."name", "public"."Category"."nameFa", "public"."Category"."icon", "public"."Category"."color" FROM "public"."Category" WHERE "public"."Category"."id" IN ($1,$2,$3) OFFSET $4
prisma:query SELECT SUM("public"."Transaction"."amount") AS "_sum$amount", COUNT(*) AS "_count$_all", "public"."Transaction"."categoryId", "public"."Transaction"."type"::text FROM "public"."Transaction" WHERE "public"."Transaction"."userId" = $1 GROUP BY "public"."Transaction"."categoryId", "public"."Transaction"."type" ORDER BY SUM("public"."Transaction"."amount") DESC OFFSET $2
prisma:query SELECT "public"."Category"."id", "public"."Category"."name", "public"."Category"."nameFa", "public"."Category"."icon", "public"."Category"."color", "public"."Category"."type"::text FROM "public"."Category" WHERE ("public"."Category"."userId" = $1 OR "public"."Category"."userId" IS NULL) OFFSET $2
 GET /api/dashboard 200 in 191ms (next.js: 12ms, proxy.ts: 106ms, application-code: 74ms)
 GET /api/auth/session 200 in 182ms (next.js: 25ms, proxy.ts: 101ms, application-code: 56ms)
prisma:query SELECT SUM("amount") AS "_sum$amount", COUNT(*) AS "_count$_all" FROM (SELECT "public"."Transaction"."amount", "public"."Transaction"."id" FROM "public"."Transaction" WHERE ("public"."Transaction"."userId" = $1 AND "public"."Transaction"."type" = CAST($2::text AS "public"."TransactionType")) OFFSET $3) AS "sub"
prisma:query SELECT SUM("amount") AS "_sum$amount", COUNT(*) AS "_count$_all" FROM (SELECT "public"."Transaction"."amount", "public"."Transaction"."id" FROM "public"."Transaction" WHERE ("public"."Transaction"."userId" = $1 AND "public"."Transaction"."type" = CAST($2::text AS "public"."TransactionType")) OFFSET $3) AS "sub"
prisma:query SELECT "public"."Transaction"."id", "public"."Transaction"."amount", "public"."Transaction"."type"::text, "public"."Transaction"."description", "public"."Transaction"."date", "public"."Transaction"."receiptUrl", "public"."Transaction"."userId", "public"."Transaction"."categoryId", "public"."Transaction"."createdAt", "public"."Transaction"."updatedAt" FROM "public"."Transaction" WHERE "public"."Transaction"."userId" = $1 ORDER BY "public"."Transaction"."date" DESC LIMIT $2 OFFSET $3
prisma:query SELECT SUM("public"."Transaction"."amount") AS "_sum$amount", COUNT(*) AS "_count$_all", "public"."Transaction"."categoryId", "public"."Transaction"."type"::text FROM "public"."Transaction" WHERE "public"."Transaction"."userId" = $1 GROUP BY "public"."Transaction"."categoryId", "public"."Transaction"."type" ORDER BY SUM("public"."Transaction"."amount") DESC OFFSET $2
prisma:query SELECT "public"."Category"."id", "public"."Category"."name", "public"."Category"."nameFa", "public"."Category"."icon", "public"."Category"."color" FROM "public"."Category" WHERE "public"."Category"."id" IN ($1,$2,$3) OFFSET $4
prisma:query SELECT "public"."Category"."id", "public"."Category"."name", "public"."Category"."nameFa", "public"."Category"."icon", "public"."Category"."color", "public"."Category"."type"::text FROM "public"."Category" WHERE ("public"."Category"."userId" = $1 OR "public"."Category"."userId" IS NULL) OFFSET $2
 GET /api/dashboard 200 in 102ms (next.js: 10ms, proxy.ts: 36ms, application-code: 56ms)
 GET /api/auth/session 200 in 109ms (next.js: 18ms, proxy.ts: 36ms, application-code: 56ms)
prisma:query SELECT SUM("amount") AS "_sum$amount", COUNT(*) AS "_count$_all" FROM (SELECT "public"."Transaction"."amount", "public"."Transaction"."id" FROM "public"."Transaction" WHERE ("public"."Transaction"."userId" = $1 AND "public"."Transaction"."type" = CAST($2::text AS "public"."TransactionType")) OFFSET $3) AS "sub"
prisma:query SELECT SUM("amount") AS "_sum$amount", COUNT(*) AS "_count$_all" FROM (SELECT "public"."Transaction"."amount", "public"."Transaction"."id" FROM "public"."Transaction" WHERE ("public"."Transaction"."userId" = $1 AND "public"."Transaction"."type" = CAST($2::text AS "public"."TransactionType")) OFFSET $3) AS "sub"
prisma:query SELECT "public"."Transaction"."id", "public"."Transaction"."amount", "public"."Transaction"."type"::text, "public"."Transaction"."description", "public"."Transaction"."date", "public"."Transaction"."receiptUrl", "public"."Transaction"."userId", "public"."Transaction"."categoryId", "public"."Transaction"."createdAt", "public"."Transaction"."updatedAt" FROM "public"."Transaction" WHERE "public"."Transaction"."userId" = $1 ORDER BY "public"."Transaction"."date" DESC LIMIT $2 OFFSET $3
prisma:query SELECT SUM("public"."Transaction"."amount") AS "_sum$amount", COUNT(*) AS "_count$_all", "public"."Transaction"."categoryId", "public"."Transaction"."type"::text FROM "public"."Transaction" WHERE "public"."Transaction"."userId" = $1 GROUP BY "public"."Transaction"."categoryId", "public"."Transaction"."type" ORDER BY SUM("public"."Transaction"."amount") DESC OFFSET $2
prisma:query SELECT "public"."Category"."id", "public"."Category"."name", "public"."Category"."nameFa", "public"."Category"."icon", "public"."Category"."color" FROM "public"."Category" WHERE "public"."Category"."id" IN ($1,$2,$3) OFFSET $4
 GET /api/auth/session 200 in 168ms (next.js: 34ms, proxy.ts: 54ms, application-code: 80ms)
 GET /api/auth/session 200 in 169ms (next.js: 35ms, proxy.ts: 51ms, application-code: 82ms)
prisma:query SELECT "public"."Category"."id", "public"."Category"."name", "public"."Category"."nameFa", "public"."Category"."icon", "public"."Category"."color", "public"."Category"."type"::text FROM "public"."Category" WHERE ("public"."Category"."userId" = $1 OR "public"."Category"."userId" IS NULL) OFFSET $2
 GET /api/dashboard 200 in 191ms (next.js: 15ms, proxy.ts: 52ms, application-code: 124ms)
 GET /api/auth/session 200 in 199ms (next.js: 72ms, proxy.ts: 91ms, application-code: 36ms)
 GET /api/auth/session 200 in 129ms (next.js: 23ms, proxy.ts: 85ms, application-code: 20ms)
prisma:query SELECT "public"."User"."id", "public"."User"."name", "public"."User"."email", "public"."User"."emailVerified", "public"."User"."passwordHash", "public"."User"."image", "public"."User"."createdAt", "public"."User"."updatedAt" FROM "public"."User" WHERE ("public"."User"."email" = $1 AND 1=1) LIMIT $2 OFFSET $3
prisma:query INSERT INTO "public"."User" ("id","name","email","passwordHash","createdAt","updatedAt") VALUES ($1,$2,$3,$4,$5,$6) RETURNING "public"."User"."id", "public"."User"."email", "public"."User"."name", "public"."User"."createdAt"
prisma:query SELECT "public"."Category"."id", "public"."Category"."name", "public"."Category"."nameFa", "public"."Category"."icon", "public"."Category"."color", "public"."Category"."type"::text, "public"."Category"."isDefault", "public"."Category"."userId", "public"."Category"."createdAt", "public"."Category"."updatedAt" FROM "public"."Category" WHERE ("public"."Category"."name" = $1 AND "public"."Category"."userId" = $2) LIMIT $3 OFFSET $4
prisma:query INSERT INTO "public"."Category" ("id","name","nameFa","icon","color","type","isDefault","userId","createdAt","updatedAt") VALUES ($1,$2,$3,$4,$5,CAST($6::text AS "public"."TransactionType"),$7,$8,$9,$10) RETURNING "public"."Category"."id", "public"."Category"."name", "public"."Category"."nameFa", "public"."Category"."icon", "public"."Category"."color", "public"."Category"."type"::text, "public"."Category"."isDefault", "public"."Category"."userId", "public"."Category"."createdAt", "public"."Category"."updatedAt"
prisma:query SELECT "public"."Category"."id", "public"."Category"."name", "public"."Category"."nameFa", "public"."Category"."icon", "public"."Category"."color", "public"."Category"."type"::text, "public"."Category"."isDefault", "public"."Category"."userId", "public"."Category"."createdAt", "public"."Category"."updatedAt" FROM "public"."Category" WHERE ("public"."Category"."name" = $1 AND "public"."Category"."userId" = $2) LIMIT $3 OFFSET $4
prisma:query INSERT INTO "public"."Category" ("id","name","nameFa","icon","color","type","isDefault","userId","createdAt","updatedAt") VALUES ($1,$2,$3,$4,$5,CAST($6::text AS "public"."TransactionType"),$7,$8,$9,$10) RETURNING "public"."Category"."id", "public"."Category"."name", "public"."Category"."nameFa", "public"."Category"."icon", "public"."Category"."color", "public"."Category"."type"::text, "public"."Category"."isDefault", "public"."Category"."userId", "public"."Category"."createdAt", "public"."Category"."updatedAt"
prisma:query SELECT "public"."Category"."id", "public"."Category"."name", "public"."Category"."nameFa", "public"."Category"."icon", "public"."Category"."color", "public"."Category"."type"::text, "public"."Category"."isDefault", "public"."Category"."userId", "public"."Category"."createdAt", "public"."Category"."updatedAt" FROM "public"."Category" WHERE ("public"."Category"."name" = $1 AND "public"."Category"."userId" = $2) LIMIT $3 OFFSET $4
prisma:query INSERT INTO "public"."Category" ("id","name","nameFa","icon","color","type","isDefault","userId","createdAt","updatedAt") VALUES ($1,$2,$3,$4,$5,CAST($6::text AS "public"."TransactionType"),$7,$8,$9,$10) RETURNING "public"."Category"."id", "public"."Category"."name", "public"."Category"."nameFa", "public"."Category"."icon", "public"."Category"."color", "public"."Category"."type"::text, "public"."Category"."isDefault", "public"."Category"."userId", "public"."Category"."createdAt", "public"."Category"."updatedAt"
prisma:query SELECT "public"."Category"."id", "public"."Category"."name", "public"."Category"."nameFa", "public"."Category"."icon", "public"."Category"."color", "public"."Category"."type"::text, "public"."Category"."isDefault", "public"."Category"."userId", "public"."Category"."createdAt", "public"."Category"."updatedAt" FROM "public"."Category" WHERE ("public"."Category"."name" = $1 AND "public"."Category"."userId" = $2) LIMIT $3 OFFSET $4
prisma:query INSERT INTO "public"."Category" ("id","name","nameFa","icon","color","type","isDefault","userId","createdAt","updatedAt") VALUES ($1,$2,$3,$4,$5,CAST($6::text AS "public"."TransactionType"),$7,$8,$9,$10) RETURNING "public"."Category"."id", "public"."Category"."name", "public"."Category"."nameFa", "public"."Category"."icon", "public"."Category"."color", "public"."Category"."type"::text, "public"."Category"."isDefault", "public"."Category"."userId", "public"."Category"."createdAt", "public"."Category"."updatedAt"
prisma:query SELECT "public"."Category"."id", "public"."Category"."name", "public"."Category"."nameFa", "public"."Category"."icon", "public"."Category"."color", "public"."Category"."type"::text, "public"."Category"."isDefault", "public"."Category"."userId", "public"."Category"."createdAt", "public"."Category"."updatedAt" FROM "public"."Category" WHERE ("public"."Category"."name" = $1 AND "public"."Category"."userId" = $2) LIMIT $3 OFFSET $4
prisma:query INSERT INTO "public"."Category" ("id","name","nameFa","icon","color","type","isDefault","userId","createdAt","updatedAt") VALUES ($1,$2,$3,$4,$5,CAST($6::text AS "public"."TransactionType"),$7,$8,$9,$10) RETURNING "public"."Category"."id", "public"."Category"."name", "public"."Category"."nameFa", "public"."Category"."icon", "public"."Category"."color", "public"."Category"."type"::text, "public"."Category"."isDefault", "public"."Category"."userId", "public"."Category"."createdAt", "public"."Category"."updatedAt"
prisma:query SELECT "public"."Category"."id", "public"."Category"."name", "public"."Category"."nameFa", "public"."Category"."icon", "public"."Category"."color", "public"."Category"."type"::text, "public"."Category"."isDefault", "public"."Category"."userId", "public"."Category"."createdAt", "public"."Category"."updatedAt" FROM "public"."Category" WHERE ("public"."Category"."name" = $1 AND "public"."Category"."userId" = $2) LIMIT $3 OFFSET $4
prisma:query INSERT INTO "public"."Category" ("id","name","nameFa","icon","color","type","isDefault","userId","createdAt","updatedAt") VALUES ($1,$2,$3,$4,$5,CAST($6::text AS "public"."TransactionType"),$7,$8,$9,$10) RETURNING "public"."Category"."id", "public"."Category"."name", "public"."Category"."nameFa", "public"."Category"."icon", "public"."Category"."color", "public"."Category"."type"::text, "public"."Category"."isDefault", "public"."Category"."userId", "public"."Category"."createdAt", "public"."Category"."updatedAt"
prisma:query SELECT "public"."Category"."id", "public"."Category"."name", "public"."Category"."nameFa", "public"."Category"."icon", "public"."Category"."color", "public"."Category"."type"::text, "public"."Category"."isDefault", "public"."Category"."userId", "public"."Category"."createdAt", "public"."Category"."updatedAt" FROM "public"."Category" WHERE ("public"."Category"."name" = $1 AND "public"."Category"."userId" = $2) LIMIT $3 OFFSET $4
prisma:query INSERT INTO "public"."Category" ("id","name","nameFa","icon","color","type","isDefault","userId","createdAt","updatedAt") VALUES ($1,$2,$3,$4,$5,CAST($6::text AS "public"."TransactionType"),$7,$8,$9,$10) RETURNING "public"."Category"."id", "public"."Category"."name", "public"."Category"."nameFa", "public"."Category"."icon", "public"."Category"."color", "public"."Category"."type"::text, "public"."Category"."isDefault", "public"."Category"."userId", "public"."Category"."createdAt", "public"."Category"."updatedAt"
prisma:query SELECT "public"."Category"."id", "public"."Category"."name", "public"."Category"."nameFa", "public"."Category"."icon", "public"."Category"."color", "public"."Category"."type"::text, "public"."Category"."isDefault", "public"."Category"."userId", "public"."Category"."createdAt", "public"."Category"."updatedAt" FROM "public"."Category" WHERE ("public"."Category"."name" = $1 AND "public"."Category"."userId" = $2) LIMIT $3 OFFSET $4
prisma:query INSERT INTO "public"."Category" ("id","name","nameFa","icon","color","type","isDefault","userId","createdAt","updatedAt") VALUES ($1,$2,$3,$4,$5,CAST($6::text AS "public"."TransactionType"),$7,$8,$9,$10) RETURNING "public"."Category"."id", "public"."Category"."name", "public"."Category"."nameFa", "public"."Category"."icon", "public"."Category"."color", "public"."Category"."type"::text, "public"."Category"."isDefault", "public"."Category"."userId", "public"."Category"."createdAt", "public"."Category"."updatedAt"
 GET /dashboard/transactions/new 200 in 328ms (next.js: 4ms, proxy.ts: 126ms, application-code: 198ms)
prisma:query SELECT "public"."Category"."id", "public"."Category"."name", "public"."Category"."nameFa", "public"."Category"."icon", "public"."Category"."color", "public"."Category"."type"::text, "public"."Category"."isDefault", "public"."Category"."userId", "public"."Category"."createdAt", "public"."Category"."updatedAt" FROM "public"."Category" WHERE ("public"."Category"."name" = $1 AND "public"."Category"."userId" = $2) LIMIT $3 OFFSET $4
prisma:query INSERT INTO "public"."Category" ("id","name","nameFa","icon","color","type","isDefault","userId","createdAt","updatedAt") VALUES ($1,$2,$3,$4,$5,CAST($6::text AS "public"."TransactionType"),$7,$8,$9,$10) RETURNING "public"."Category"."id", "public"."Category"."name", "public"."Category"."nameFa", "public"."Category"."icon", "public"."Category"."color", "public"."Category"."type"::text, "public"."Category"."isDefault", "public"."Category"."userId", "public"."Category"."createdAt", "public"."Category"."updatedAt"
prisma:query SELECT "public"."Category"."id", "public"."Category"."name", "public"."Category"."nameFa", "public"."Category"."icon", "public"."Category"."color", "public"."Category"."type"::text, "public"."Category"."isDefault", "public"."Category"."userId", "public"."Category"."createdAt", "public"."Category"."updatedAt" FROM "public"."Category" WHERE ("public"."Category"."name" = $1 AND "public"."Category"."userId" = $2) LIMIT $3 OFFSET $4
prisma:query INSERT INTO "public"."Category" ("id","name","nameFa","icon","color","type","isDefault","userId","createdAt","updatedAt") VALUES ($1,$2,$3,$4,$5,CAST($6::text AS "public"."TransactionType"),$7,$8,$9,$10) RETURNING "public"."Category"."id", "public"."Category"."name", "public"."Category"."nameFa", "public"."Category"."icon", "public"."Category"."color", "public"."Category"."type"::text, "public"."Category"."isDefault", "public"."Category"."userId", "public"."Category"."createdAt", "public"."Category"."updatedAt"
prisma:query SELECT "public"."Category"."id", "public"."Category"."name", "public"."Category"."nameFa", "public"."Category"."icon", "public"."Category"."color", "public"."Category"."type"::text, "public"."Category"."isDefault", "public"."Category"."userId", "public"."Category"."createdAt", "public"."Category"."updatedAt" FROM "public"."Category" WHERE ("public"."Category"."name" = $1 AND "public"."Category"."userId" = $2) LIMIT $3 OFFSET $4
prisma:query INSERT INTO "public"."Category" ("id","name","nameFa","icon","color","type","isDefault","userId","createdAt","updatedAt") VALUES ($1,$2,$3,$4,$5,CAST($6::text AS "public"."TransactionType"),$7,$8,$9,$10) RETURNING "public"."Category"."id", "public"."Category"."name", "public"."Category"."nameFa", "public"."Category"."icon", "public"."Category"."color", "public"."Category"."type"::text, "public"."Category"."isDefault", "public"."Category"."userId", "public"."Category"."createdAt", "public"."Category"."updatedAt"
 POST /api/auth/register 201 in 813ms (next.js: 8ms, proxy.ts: 10ms, application-code: 795ms)
[11:03:27 UTC] [32mINFO[39m: [36mUser registered[39m
    [35mservice[39m: "finance-app"
    [35muserId[39m: "cmspzdyfa003rnuvsm1vjqmy4"
    [35memail[39m: "test1786532604579@example.com"
 GET /login?registered=true 200 in 107ms (next.js: 53ms, proxy.ts: 10ms, application-code: 44ms)
prisma:query SELECT "public"."Category"."id", "public"."Category"."name", "public"."Category"."nameFa", "public"."Category"."icon", "public"."Category"."color", "public"."Category"."type"::text, "public"."Category"."isDefault", "public"."Category"."userId", "public"."Category"."createdAt", "public"."Category"."updatedAt" FROM "public"."Category" WHERE ("public"."Category"."userId" = $1 OR "public"."Category"."userId" IS NULL) ORDER BY "public"."Category"."type" ASC, "public"."Category"."nameFa" ASC OFFSET $2
 GET /api/categories 200 in 117ms (next.js: 9ms, proxy.ts: 19ms, application-code: 89ms)
 GET /api/auth/session 200 in 119ms (next.js: 67ms, proxy.ts: 19ms, application-code: 33ms)
 GET /api/auth/session 200 in 62ms (next.js: 17ms, proxy.ts: 19ms, application-code: 26ms)
 GET /dashboard/transactions 200 in 178ms (next.js: 10ms, proxy.ts: 17ms, application-code: 150ms)
prisma:query SELECT "public"."Category"."id", "public"."Category"."name", "public"."Category"."nameFa", "public"."Category"."icon", "public"."Category"."type"::text FROM "public"."Category" WHERE (("public"."Category"."userId" = $1 OR "public"."Category"."userId" IS NULL) AND "public"."Category"."type" = CAST($2::text AS "public"."TransactionType")) OFFSET $3
prisma:query SELECT COUNT(*) AS "_count$_all" FROM (SELECT "public"."Category"."id" FROM "public"."Category" WHERE "public"."Category"."userId" = $1 OFFSET $2) AS "sub"
prisma:query SELECT "public"."Category"."id", "public"."Category"."name", "public"."Category"."nameFa", "public"."Category"."icon", "public"."Category"."type"::text FROM "public"."Category" WHERE (("public"."Category"."userId" = $1 OR "public"."Category"."userId" IS NULL) AND "public"."Category"."type" = CAST($2::text AS "public"."TransactionType")) OFFSET $3
prisma:query SELECT "public"."Category"."id", "public"."Category"."name", "public"."Category"."nameFa", "public"."Category"."icon", "public"."Category"."color", "public"."Category"."type"::text, "public"."Category"."isDefault", "public"."Category"."userId", "public"."Category"."createdAt", "public"."Category"."updatedAt" FROM "public"."Category" WHERE ("public"."Category"."userId" = $1 OR "public"."Category"."userId" IS NULL) ORDER BY "public"."Category"."type" ASC, "public"."Category"."nameFa" ASC OFFSET $2
 GET /api/categories 200 in 121ms (next.js: 7ms, proxy.ts: 28ms, application-code: 86ms)
 GET /api/transactions?sortBy=date&sortOrder=desc&page=1&limit=20 400 in 122ms (next.js: 14ms, proxy.ts: 28ms, application-code: 80ms)
 GET /api/auth/session 200 in 126ms (next.js: 57ms, proxy.ts: 34ms, application-code: 35ms)
 GET /api/auth/session 200 in 40ms (next.js: 6ms, proxy.ts: 18ms, application-code: 16ms)
 POST /api/transactions/categorize 200 in 1195ms (next.js: 6ms, proxy.ts: 30ms, application-code: 1159ms)
[11:03:30 UTC] [33mWARN[39m: [36mZhipu categorization failed, using fallback[39m
    [35mservice[39m: "finance-app"
    [35muserId[39m: "cmspyvf2w0000u4vsyj6pjwgw"
    [35mdescription[39m: "تست تراکنش"
    error: {
      "status": 401,
      "headers": {},
      "requestID": null,
      "error": {
        "code": "401",
        "message": "令牌已过期或验证不正确"
      },
      "code": "401"
    }
 GET /login 200 in 90ms (next.js: 26ms, proxy.ts: 8ms, application-code: 57ms)
[11:03:30 UTC] [33mWARN[39m: [36mZhipu categorization failed, using fallback[39m
    [35mservice[39m: "finance-app"
    [35muserId[39m: "cmspyvf2w0000u4vsyj6pjwgw"
    [35mdescription[39m: "تست تراکنش"
    error: {
      "status": 401,
      "headers": {},
      "requestID": null,
      "error": {
        "code": "401",
        "message": "令牌已过期或验证不正确"
      },
      "code": "401"
    }
prisma:query INSERT INTO "public"."Transaction" ("id","amount","type","description","date","userId","categoryId","createdAt","updatedAt") VALUES ($1,$2,CAST($3::text AS "public"."TransactionType"),$4,$5,$6,$7,$8,$9) RETURNING "public"."Transaction"."id"
prisma:query SELECT "public"."Transaction"."id", "public"."Transaction"."amount", "public"."Transaction"."type"::text, "public"."Transaction"."description", "public"."Transaction"."date", "public"."Transaction"."receiptUrl", "public"."Transaction"."userId", "public"."Transaction"."categoryId", "public"."Transaction"."createdAt", "public"."Transaction"."updatedAt" FROM "public"."Transaction" WHERE "public"."Transaction"."id" = $1 LIMIT $2 OFFSET $3
prisma:query SELECT "public"."Category"."id", "public"."Category"."name", "public"."Category"."nameFa", "public"."Category"."icon", "public"."Category"."color" FROM "public"."Category" WHERE "public"."Category"."id" = $1 OFFSET $2
prisma:query COMMIT
 POST /api/transactions 201 in 1484ms (next.js: 6ms, proxy.ts: 35ms, application-code: 1444ms)
[11:03:30 UTC] [32mINFO[39m: [36mTransaction created[39m
    [35mservice[39m: "finance-app"
    [35muserId[39m: "cmspyvf2w0000u4vsyj6pjwgw"
    [35mtransactionId[39m: "cmspze0oz0043nuvsw5id04gk"
    [35mcategorization[39m: "fallback"
 GET /dashboard/transactions 200 in 77ms (next.js: 4ms, proxy.ts: 12ms, application-code: 60ms)
 GET /dashboard/transactions 200 in 127ms (next.js: 28ms, proxy.ts: 17ms, application-code: 82ms)
 GET /api/transactions?sortBy=date&sortOrder=desc&page=1&limit=20 400 in 63ms (next.js: 11ms, proxy.ts: 28ms, application-code: 23ms)
prisma:query SELECT "public"."Category"."id", "public"."Category"."name", "public"."Category"."nameFa", "public"."Category"."icon", "public"."Category"."color", "public"."Category"."type"::text, "public"."Category"."isDefault", "public"."Category"."userId", "public"."Category"."createdAt", "public"."Category"."updatedAt" FROM "public"."Category" WHERE ("public"."Category"."userId" = $1 OR "public"."Category"."userId" IS NULL) ORDER BY "public"."Category"."type" ASC, "public"."Category"."nameFa" ASC OFFSET $2
 GET /api/categories 200 in 73ms (next.js: 8ms, proxy.ts: 29ms, application-code: 37ms)
 GET /api/auth/session 200 in 106ms (next.js: 82ms, proxy.ts: 11ms, application-code: 13ms)
 GET /api/categories 200 in 138ms (next.js: 15ms, proxy.ts: 37ms, application-code: 86ms)
 GET /api/transactions?sortBy=date&sortOrder=desc&page=1&limit=20 200 in 141ms (next.js: 11ms, proxy.ts: 35ms, application-code: 95ms)
prisma:query SELECT "public"."Category"."id", "public"."Category"."name", "public"."Category"."nameFa", "public"."Category"."icon", "public"."Category"."color", "public"."Category"."type"::text, "public"."Category"."isDefault", "public"."Category"."userId", "public"."Category"."createdAt", "public"."Category"."updatedAt" FROM "public"."Category" WHERE ("public"."Category"."userId" = $1 OR "public"."Category"."userId" IS NULL) ORDER BY "public"."Category"."type" ASC, "public"."Category"."nameFa" ASC OFFSET $2
 GET /api/auth/session 200 in 38ms (next.js: 15ms, proxy.ts: 10ms, application-code: 12ms)
 GET /login 200 in 71ms (next.js: 5ms, proxy.ts: 6ms, application-code: 61ms)
 GET /api/auth/session 200 in 23ms (next.js: 6ms, proxy.ts: 5ms, application-code: 11ms)
 GET /api/auth/session 200 in 43ms (next.js: 8ms, proxy.ts: 31ms, application-code: 5ms)
 GET / 307 in 62ms (next.js: 3ms, proxy.ts: 5ms, application-code: 55ms)
 GET /login 200 in 50ms (next.js: 2ms, proxy.ts: 3ms, application-code: 44ms)
 GET / 307 in 68ms (next.js: 3ms, proxy.ts: 4ms, application-code: 61ms)
 GET /login 200 in 56ms (next.js: 3ms, proxy.ts: 4ms, application-code: 50ms)
 GET /login?callbackUrl=%2Fdashboard 200 in 442ms (next.js: 5ms, proxy.ts: 7ms, application-code: 430ms)
 GET /register 200 in 390ms (next.js: 19ms, proxy.ts: 60ms, application-code: 311ms)
 GET /login 200 in 378ms (next.js: 89ms, proxy.ts: 28ms, application-code: 261ms)
 GET /register 200 in 418ms (next.js: 99ms, proxy.ts: 82ms, application-code: 237ms)
 GET /api/auth/session 200 in 86ms (next.js: 66ms, proxy.ts: 7ms, application-code: 13ms)
 GET /api/auth/session 200 in 46ms (next.js: 27ms, proxy.ts: 12ms, application-code: 7ms)
 GET /api/auth/session 200 in 56ms (next.js: 33ms, proxy.ts: 15ms, application-code: 8ms)
 GET /api/auth/session 200 in 58ms (next.js: 37ms, proxy.ts: 12ms, application-code: 10ms)
 GET /api/auth/session 200 in 79ms (next.js: 47ms, proxy.ts: 12ms, application-code: 20ms)
 GET /api/auth/session 200 in 79ms (next.js: 39ms, proxy.ts: 34ms, application-code: 5ms)
 GET /api/auth/session 200 in 69ms (next.js: 25ms, proxy.ts: 37ms, application-code: 7ms)
 GET /api/auth/session 200 in 69ms (next.js: 33ms, proxy.ts: 30ms, application-code: 5ms)
 GET /dashboard 200 in 427ms (next.js: 5ms, proxy.ts: 45ms, application-code: 377ms)
prisma:query SELECT "public"."User"."id", "public"."User"."name", "public"."User"."email", "public"."User"."emailVerified", "public"."User"."passwordHash", "public"."User"."image", "public"."User"."createdAt", "public"."User"."updatedAt" FROM "public"."User" WHERE ("public"."User"."email" = $1 AND 1=1) LIMIT $2 OFFSET $3
 GET /dashboard 200 in 885ms (next.js: 26ms, proxy.ts: 76ms, application-code: 783ms)
prisma:query INSERT INTO "public"."User" ("id","name","email","passwordHash","createdAt","updatedAt") VALUES ($1,$2,$3,$4,$5,$6) RETURNING "public"."User"."id", "public"."User"."email", "public"."User"."name", "public"."User"."createdAt"
prisma:query SELECT "public"."Category"."id", "public"."Category"."name", "public"."Category"."nameFa", "public"."Category"."icon", "public"."Category"."color", "public"."Category"."type"::text, "public"."Category"."isDefault", "public"."Category"."userId", "public"."Category"."createdAt", "public"."Category"."updatedAt" FROM "public"."Category" WHERE ("public"."Category"."name" = $1 AND "public"."Category"."userId" = $2) LIMIT $3 OFFSET $4
prisma:query INSERT INTO "public"."Category" ("id","name","nameFa","icon","color","type","isDefault","userId","createdAt","updatedAt") VALUES ($1,$2,$3,$4,$5,CAST($6::text AS "public"."TransactionType"),$7,$8,$9,$10) RETURNING "public"."Category"."id", "public"."Category"."name", "public"."Category"."nameFa", "public"."Category"."icon", "public"."Category"."color", "public"."Category"."type"::text, "public"."Category"."isDefault", "public"."Category"."userId", "public"."Category"."createdAt", "public"."Category"."updatedAt"
prisma:query SELECT "public"."Category"."id", "public"."Category"."name", "public"."Category"."nameFa", "public"."Category"."icon", "public"."Category"."color", "public"."Category"."type"::text, "public"."Category"."isDefault", "public"."Category"."userId", "public"."Category"."createdAt", "public"."Category"."updatedAt" FROM "public"."Category" WHERE ("public"."Category"."name" = $1 AND "public"."Category"."userId" = $2) LIMIT $3 OFFSET $4
prisma:query INSERT INTO "public"."Category" ("id","name","nameFa","icon","color","type","isDefault","userId","createdAt","updatedAt") VALUES ($1,$2,$3,$4,$5,CAST($6::text AS "public"."TransactionType"),$7,$8,$9,$10) RETURNING "public"."Category"."id", "public"."Category"."name", "public"."Category"."nameFa", "public"."Category"."icon", "public"."Category"."color", "public"."Category"."type"::text, "public"."Category"."isDefault", "public"."Category"."userId", "public"."Category"."createdAt", "public"."Category"."updatedAt"
prisma:query SELECT "public"."Category"."id", "public"."Category"."name", "public"."Category"."nameFa", "public"."Category"."icon", "public"."Category"."color", "public"."Category"."type"::text, "public"."Category"."isDefault", "public"."Category"."userId", "public"."Category"."createdAt", "public"."Category"."updatedAt" FROM "public"."Category" WHERE ("public"."Category"."name" = $1 AND "public"."Category"."userId" = $2) LIMIT $3 OFFSET $4
prisma:query INSERT INTO "public"."Category" ("id","name","nameFa","icon","color","type","isDefault","userId","createdAt","updatedAt") VALUES ($1,$2,$3,$4,$5,CAST($6::text AS "public"."TransactionType"),$7,$8,$9,$10) RETURNING "public"."Category"."id", "public"."Category"."name", "public"."Category"."nameFa", "public"."Category"."icon", "public"."Category"."color", "public"."Category"."type"::text, "public"."Category"."isDefault", "public"."Category"."userId", "public"."Category"."createdAt", "public"."Category"."updatedAt"
prisma:query SELECT "public"."Category"."id", "public"."Category"."name", "public"."Category"."nameFa", "public"."Category"."icon", "public"."Category"."color", "public"."Category"."type"::text, "public"."Category"."isDefault", "public"."Category"."userId", "public"."Category"."createdAt", "public"."Category"."updatedAt" FROM "public"."Category" WHERE ("public"."Category"."name" = $1 AND "public"."Category"."userId" = $2) LIMIT $3 OFFSET $4
prisma:query INSERT INTO "public"."Category" ("id","name","nameFa","icon","color","type","isDefault","userId","createdAt","updatedAt") VALUES ($1,$2,$3,$4,$5,CAST($6::text AS "public"."TransactionType"),$7,$8,$9,$10) RETURNING "public"."Category"."id", "public"."Category"."name", "public"."Category"."nameFa", "public"."Category"."icon", "public"."Category"."color", "public"."Category"."type"::text, "public"."Category"."isDefault", "public"."Category"."userId", "public"."Category"."createdAt", "public"."Category"."updatedAt"
prisma:query SELECT "public"."Category"."id", "public"."Category"."name", "public"."Category"."nameFa", "public"."Category"."icon", "public"."Category"."color", "public"."Category"."type"::text, "public"."Category"."isDefault", "public"."Category"."userId", "public"."Category"."createdAt", "public"."Category"."updatedAt" FROM "public"."Category" WHERE ("public"."Category"."name" = $1 AND "public"."Category"."userId" = $2) LIMIT $3 OFFSET $4
prisma:query INSERT INTO "public"."Category" ("id","name","nameFa","icon","color","type","isDefault","userId","createdAt","updatedAt") VALUES ($1,$2,$3,$4,$5,CAST($6::text AS "public"."TransactionType"),$7,$8,$9,$10) RETURNING "public"."Category"."id", "public"."Category"."name", "public"."Category"."nameFa", "public"."Category"."icon", "public"."Category"."color", "public"."Category"."type"::text, "public"."Category"."isDefault", "public"."Category"."userId", "public"."Category"."createdAt", "public"."Category"."updatedAt"
prisma:query SELECT "public"."Category"."id", "public"."Category"."name", "public"."Category"."nameFa", "public"."Category"."icon", "public"."Category"."color", "public"."Category"."type"::text, "public"."Category"."isDefault", "public"."Category"."userId", "public"."Category"."createdAt", "public"."Category"."updatedAt" FROM "public"."Category" WHERE ("public"."Category"."name" = $1 AND "public"."Category"."userId" = $2) LIMIT $3 OFFSET $4
prisma:query INSERT INTO "public"."Category" ("id","name","nameFa","icon","color","type","isDefault","userId","createdAt","updatedAt") VALUES ($1,$2,$3,$4,$5,CAST($6::text AS "public"."TransactionType"),$7,$8,$9,$10) RETURNING "public"."Category"."id", "public"."Category"."name", "public"."Category"."nameFa", "public"."Category"."icon", "public"."Category"."color", "public"."Category"."type"::text, "public"."Category"."isDefault", "public"."Category"."userId", "public"."Category"."createdAt", "public"."Category"."updatedAt"
prisma:query SELECT "public"."Category"."id", "public"."Category"."name", "public"."Category"."nameFa", "public"."Category"."icon", "public"."Category"."color", "public"."Category"."type"::text, "public"."Category"."isDefault", "public"."Category"."userId", "public"."Category"."createdAt", "public"."Category"."updatedAt" FROM "public"."Category" WHERE ("public"."Category"."name" = $1 AND "public"."Category"."userId" = $2) LIMIT $3 OFFSET $4
prisma:query INSERT INTO "public"."Category" ("id","name","nameFa","icon","color","type","isDefault","userId","createdAt","updatedAt") VALUES ($1,$2,$3,$4,$5,CAST($6::text AS "public"."TransactionType"),$7,$8,$9,$10) RETURNING "public"."Category"."id", "public"."Category"."name", "public"."Category"."nameFa", "public"."Category"."icon", "public"."Category"."color", "public"."Category"."type"::text, "public"."Category"."isDefault", "public"."Category"."userId", "public"."Category"."createdAt", "public"."Category"."updatedAt"
prisma:query SELECT "public"."Category"."id", "public"."Category"."name", "public"."Category"."nameFa", "public"."Category"."icon", "public"."Category"."color", "public"."Category"."type"::text, "public"."Category"."isDefault", "public"."Category"."userId", "public"."Category"."createdAt", "public"."Category"."updatedAt" FROM "public"."Category" WHERE ("public"."Category"."name" = $1 AND "public"."Category"."userId" = $2) LIMIT $3 OFFSET $4
prisma:query INSERT INTO "public"."Category" ("id","name","nameFa","icon","color","type","isDefault","userId","createdAt","updatedAt") VALUES ($1,$2,$3,$4,$5,CAST($6::text AS "public"."TransactionType"),$7,$8,$9,$10) RETURNING "public"."Category"."id", "public"."Category"."name", "public"."Category"."nameFa", "public"."Category"."icon", "public"."Category"."color", "public"."Category"."type"::text, "public"."Category"."isDefault", "public"."Category"."userId", "public"."Category"."createdAt", "public"."Category"."updatedAt"
 GET /dashboard 200 in 969ms (next.js: 230ms, proxy.ts: 93ms, application-code: 645ms)
prisma:query SELECT "public"."Category"."id", "public"."Category"."name", "public"."Category"."nameFa", "public"."Category"."icon", "public"."Category"."color", "public"."Category"."type"::text, "public"."Category"."isDefault", "public"."Category"."userId", "public"."Category"."createdAt", "public"."Category"."updatedAt" FROM "public"."Category" WHERE ("public"."Category"."name" = $1 AND "public"."Category"."userId" = $2) LIMIT $3 OFFSET $4
prisma:query INSERT INTO "public"."Category" ("id","name","nameFa","icon","color","type","isDefault","userId","createdAt","updatedAt") VALUES ($1,$2,$3,$4,$5,CAST($6::text AS "public"."TransactionType"),$7,$8,$9,$10) RETURNING "public"."Category"."id", "public"."Category"."name", "public"."Category"."nameFa", "public"."Category"."icon", "public"."Category"."color", "public"."Category"."type"::text, "public"."Category"."isDefault", "public"."Category"."userId", "public"."Category"."createdAt", "public"."Category"."updatedAt"
prisma:query SELECT "public"."Category"."id", "public"."Category"."name", "public"."Category"."nameFa", "public"."Category"."icon", "public"."Category"."color", "public"."Category"."type"::text, "public"."Category"."isDefault", "public"."Category"."userId", "public"."Category"."createdAt", "public"."Category"."updatedAt" FROM "public"."Category" WHERE ("public"."Category"."name" = $1 AND "public"."Category"."userId" = $2) LIMIT $3 OFFSET $4
prisma:query INSERT INTO "public"."Category" ("id","name","nameFa","icon","color","type","isDefault","userId","createdAt","updatedAt") VALUES ($1,$2,$3,$4,$5,CAST($6::text AS "public"."TransactionType"),$7,$8,$9,$10) RETURNING "public"."Category"."id", "public"."Category"."name", "public"."Category"."nameFa", "public"."Category"."icon", "public"."Category"."color", "public"."Category"."type"::text, "public"."Category"."isDefault", "public"."Category"."userId", "public"."Category"."createdAt", "public"."Category"."updatedAt"
prisma:query SELECT "public"."Category"."id", "public"."Category"."name", "public"."Category"."nameFa", "public"."Category"."icon", "public"."Category"."color", "public"."Category"."type"::text, "public"."Category"."isDefault", "public"."Category"."userId", "public"."Category"."createdAt", "public"."Category"."updatedAt" FROM "public"."Category" WHERE ("public"."Category"."name" = $1 AND "public"."Category"."userId" = $2) LIMIT $3 OFFSET $4
prisma:query INSERT INTO "public"."Category" ("id","name","nameFa","icon","color","type","isDefault","userId","createdAt","updatedAt") VALUES ($1,$2,$3,$4,$5,CAST($6::text AS "public"."TransactionType"),$7,$8,$9,$10) RETURNING "public"."Category"."id", "public"."Category"."name", "public"."Category"."nameFa", "public"."Category"."icon", "public"."Category"."color", "public"."Category"."type"::text, "public"."Category"."isDefault", "public"."Category"."userId", "public"."Category"."createdAt", "public"."Category"."updatedAt"
 POST /api/auth/register 201 in 1088ms (next.js: 14ms, proxy.ts: 15ms, application-code: 1059ms)
[11:04:16 UTC] [32mINFO[39m: [36mUser registered[39m
    [35mservice[39m: "finance-app"
    [35muserId[39m: "cmspzezv60044nuvsqaubnvqh"
    [35memail[39m: "test1786532652624@example.com"
 GET /login?registered=true 200 in 88ms (next.js: 18ms, proxy.ts: 22ms, application-code: 48ms)
prisma:query SELECT SUM("amount") AS "_sum$amount", COUNT(*) AS "_count$_all" FROM (SELECT "public"."Transaction"."amount", "public"."Transaction"."id" FROM "public"."Transaction" WHERE ("public"."Transaction"."userId" = $1 AND "public"."Transaction"."type" = CAST($2::text AS "public"."TransactionType")) OFFSET $3) AS "sub"
 GET /api/auth/session 200 in 311ms (next.js: 87ms, proxy.ts: 41ms, application-code: 184ms)
prisma:query SELECT "public"."Transaction"."id", "public"."Transaction"."amount", "public"."Transaction"."type"::text, "public"."Transaction"."description", "public"."Transaction"."date", "public"."Transaction"."receiptUrl", "public"."Transaction"."userId", "public"."Transaction"."categoryId", "public"."Transaction"."createdAt", "public"."Transaction"."updatedAt" FROM "public"."Transaction" WHERE "public"."Transaction"."userId" = $1 ORDER BY "public"."Transaction"."date" DESC LIMIT $2 OFFSET $3
prisma:query SELECT SUM("amount") AS "_sum$amount", COUNT(*) AS "_count$_all" FROM (SELECT "public"."Transaction"."amount", "public"."Transaction"."id" FROM "public"."Transaction" WHERE ("public"."Transaction"."userId" = $1 AND "public"."Transaction"."type" = CAST($2::text AS "public"."TransactionType")) OFFSET $3) AS "sub"
prisma:query SELECT "public"."Category"."id", "public"."Category"."name", "public"."Category"."nameFa", "public"."Category"."icon", "public"."Category"."color" FROM "public"."Category" WHERE "public"."Category"."id" IN ($1,$2,$3,$4) OFFSET $5
prisma:query SELECT SUM("public"."Transaction"."amount") AS "_sum$amount", COUNT(*) AS "_count$_all", "public"."Transaction"."categoryId", "public"."Transaction"."type"::text FROM "public"."Transaction" WHERE "public"."Transaction"."userId" = $1 GROUP BY "public"."Transaction"."categoryId", "public"."Transaction"."type" ORDER BY SUM("public"."Transaction"."amount") DESC OFFSET $2
prisma:query SELECT "public"."Category"."id", "public"."Category"."name", "public"."Category"."nameFa", "public"."Category"."icon", "public"."Category"."color", "public"."Category"."type"::text FROM "public"."Category" WHERE ("public"."Category"."userId" = $1 OR "public"."Category"."userId" IS NULL) OFFSET $2
 GET /api/dashboard 200 in 581ms (next.js: 15ms, proxy.ts: 39ms, application-code: 528ms)
prisma:query SELECT SUM("amount") AS "_sum$amount", COUNT(*) AS "_count$_all" FROM (SELECT "public"."Transaction"."amount", "public"."Transaction"."id" FROM "public"."Transaction" WHERE ("public"."Transaction"."userId" = $1 AND "public"."Transaction"."type" = CAST($2::text AS "public"."TransactionType")) OFFSET $3) AS "sub"
prisma:query SELECT SUM("amount") AS "_sum$amount", COUNT(*) AS "_count$_all" FROM (SELECT "public"."Transaction"."amount", "public"."Transaction"."id" FROM "public"."Transaction" WHERE ("public"."Transaction"."userId" = $1 AND "public"."Transaction"."type" = CAST($2::text AS "public"."TransactionType")) OFFSET $3) AS "sub"
prisma:query SELECT SUM("public"."Transaction"."amount") AS "_sum$amount", COUNT(*) AS "_count$_all", "public"."Transaction"."categoryId", "public"."Transaction"."type"::text FROM "public"."Transaction" WHERE "public"."Transaction"."userId" = $1 GROUP BY "public"."Transaction"."categoryId", "public"."Transaction"."type" ORDER BY SUM("public"."Transaction"."amount") DESC OFFSET $2
 GET /api/auth/session 200 in 533ms (next.js: 68ms, proxy.ts: 212ms, application-code: 252ms)
 GET /dashboard/transactions 200 in 382ms (next.js: 44ms, proxy.ts: 153ms, application-code: 185ms)
prisma:query SELECT SUM("amount") AS "_sum$amount", COUNT(*) AS "_count$_all" FROM (SELECT "public"."Transaction"."amount", "public"."Transaction"."id" FROM "public"."Transaction" WHERE ("public"."Transaction"."userId" = $1 AND "public"."Transaction"."type" = CAST($2::text AS "public"."TransactionType")) OFFSET $3) AS "sub"
prisma:query SELECT SUM("amount") AS "_sum$amount", COUNT(*) AS "_count$_all" FROM (SELECT "public"."Transaction"."amount", "public"."Transaction"."id" FROM "public"."Transaction" WHERE ("public"."Transaction"."userId" = $1 AND "public"."Transaction"."type" = CAST($2::text AS "public"."TransactionType")) OFFSET $3) AS "sub"
prisma:query SELECT "public"."Transaction"."id", "public"."Transaction"."amount", "public"."Transaction"."type"::text, "public"."Transaction"."description", "public"."Transaction"."date", "public"."Transaction"."receiptUrl", "public"."Transaction"."userId", "public"."Transaction"."categoryId", "public"."Transaction"."createdAt", "public"."Transaction"."updatedAt" FROM "public"."Transaction" WHERE "public"."Transaction"."userId" = $1 ORDER BY "public"."Transaction"."date" DESC LIMIT $2 OFFSET $3
prisma:query SELECT SUM("public"."Transaction"."amount") AS "_sum$amount", COUNT(*) AS "_count$_all", "public"."Transaction"."categoryId", "public"."Transaction"."type"::text FROM "public"."Transaction" WHERE "public"."Transaction"."userId" = $1 GROUP BY "public"."Transaction"."categoryId", "public"."Transaction"."type" ORDER BY SUM("public"."Transaction"."amount") DESC OFFSET $2
prisma:query SELECT "public"."Category"."id", "public"."Category"."name", "public"."Category"."nameFa", "public"."Category"."icon", "public"."Category"."color" FROM "public"."Category" WHERE "public"."Category"."id" IN ($1,$2,$3,$4) OFFSET $5
 GET /api/auth/session 200 in 469ms (next.js: 176ms, proxy.ts: 155ms, application-code: 138ms)
prisma:query SELECT "public"."Transaction"."id", "public"."Transaction"."amount", "public"."Transaction"."type"::text, "public"."Transaction"."description", "public"."Transaction"."date", "public"."Transaction"."receiptUrl", "public"."Transaction"."userId", "public"."Transaction"."categoryId", "public"."Transaction"."createdAt", "public"."Transaction"."updatedAt" FROM "public"."Transaction" WHERE "public"."Transaction"."userId" = $1 ORDER BY "public"."Transaction"."date" DESC LIMIT $2 OFFSET $3
prisma:query SELECT "public"."Category"."id", "public"."Category"."name", "public"."Category"."nameFa", "public"."Category"."icon", "public"."Category"."color", "public"."Category"."type"::text FROM "public"."Category" WHERE ("public"."Category"."userId" = $1 OR "public"."Category"."userId" IS NULL) OFFSET $2
 GET /api/dashboard 200 in 542ms (next.js: 83ms, proxy.ts: 154ms, application-code: 305ms)
prisma:query SELECT "public"."Category"."id", "public"."Category"."name", "public"."Category"."nameFa", "public"."Category"."icon", "public"."Category"."color" FROM "public"."Category" WHERE "public"."Category"."id" IN ($1,$2,$3,$4) OFFSET $5
 GET /dashboard/transactions/new 200 in 829ms (next.js: 21ms, proxy.ts: 135ms, application-code: 673ms)
prisma:query SELECT "public"."Category"."id", "public"."Category"."name", "public"."Category"."nameFa", "public"."Category"."icon", "public"."Category"."color", "public"."Category"."type"::text FROM "public"."Category" WHERE ("public"."Category"."userId" = $1 OR "public"."Category"."userId" IS NULL) OFFSET $2
 GET /api/dashboard 200 in 813ms (next.js: 38ms, proxy.ts: 211ms, application-code: 564ms)
 GET /api/auth/session 200 in 559ms (next.js: 85ms, proxy.ts: 272ms, application-code: 202ms)
 GET /dashboard/categories 200 in 419ms (next.js: 42ms, proxy.ts: 180ms, application-code: 197ms)
 GET /api/auth/session 200 in 458ms (next.js: 114ms, proxy.ts: 215ms, application-code: 129ms)
prisma:query SELECT "public"."Category"."id", "public"."Category"."name", "public"."Category"."nameFa", "public"."Category"."icon", "public"."Category"."color", "public"."Category"."type"::text, "public"."Category"."isDefault", "public"."Category"."userId", "public"."Category"."createdAt", "public"."Category"."updatedAt" FROM "public"."Category" WHERE ("public"."Category"."userId" = $1 OR "public"."Category"."userId" IS NULL) ORDER BY "public"."Category"."type" ASC, "public"."Category"."nameFa" ASC OFFSET $2
 GET /api/categories 200 in 295ms (next.js: 51ms, proxy.ts: 125ms, application-code: 120ms)
 GET /api/transactions?sortBy=date&sortOrder=desc&page=1&limit=20 400 in 293ms (next.js: 48ms, proxy.ts: 130ms, application-code: 115ms)
 GET /api/auth/session 200 in 364ms (next.js: 95ms, proxy.ts: 153ms, application-code: 116ms)
prisma:query SELECT "public"."Category"."id", "public"."Category"."name", "public"."Category"."nameFa", "public"."Category"."icon", "public"."Category"."color", "public"."Category"."type"::text, "public"."Category"."isDefault", "public"."Category"."userId", "public"."Category"."createdAt", "public"."Category"."updatedAt" FROM "public"."Category" WHERE ("public"."Category"."userId" = $1 OR "public"."Category"."userId" IS NULL) ORDER BY "public"."Category"."type" ASC, "public"."Category"."nameFa" ASC OFFSET $2
 GET /api/categories 200 in 242ms (next.js: 29ms, proxy.ts: 89ms, application-code: 124ms)
 GET /login 200 in 186ms (next.js: 24ms, proxy.ts: 43ms, application-code: 120ms)
 GET /dashboard/transactions 200 in 483ms (next.js: 19ms, proxy.ts: 126ms, application-code: 339ms)
 GET /api/categories 200 in 251ms (next.js: 20ms, proxy.ts: 90ms, application-code: 141ms)
prisma:query SELECT "public"."Category"."id", "public"."Category"."name", "public"."Category"."nameFa", "public"."Category"."icon", "public"."Category"."color", "public"."Category"."type"::text, "public"."Category"."isDefault", "public"."Category"."userId", "public"."Category"."createdAt", "public"."Category"."updatedAt" FROM "public"."Category" WHERE ("public"."Category"."userId" = $1 OR "public"."Category"."userId" IS NULL) ORDER BY "public"."Category"."type" ASC, "public"."Category"."nameFa" ASC OFFSET $2
prisma:query SELECT "public"."Category"."id", "public"."Category"."name", "public"."Category"."nameFa", "public"."Category"."icon", "public"."Category"."color", "public"."Category"."type"::text, "public"."Category"."isDefault", "public"."Category"."userId", "public"."Category"."createdAt", "public"."Category"."updatedAt" FROM "public"."Category" WHERE ("public"."Category"."userId" = $1 OR "public"."Category"."userId" IS NULL) ORDER BY "public"."Category"."type" ASC, "public"."Category"."nameFa" ASC OFFSET $2
 GET /api/categories 200 in 353ms (next.js: 11ms, proxy.ts: 104ms, application-code: 238ms)
 GET /api/auth/session 200 in 361ms (next.js: 80ms, proxy.ts: 105ms, application-code: 176ms)
 GET /login 200 in 200ms (next.js: 12ms, proxy.ts: 12ms, application-code: 176ms)
prisma:query SELECT "public"."Category"."id", "public"."Category"."name", "public"."Category"."nameFa", "public"."Category"."icon", "public"."Category"."type"::text FROM "public"."Category" WHERE (("public"."Category"."userId" = $1 OR "public"."Category"."userId" IS NULL) AND "public"."Category"."type" = CAST($2::text AS "public"."TransactionType")) OFFSET $3
prisma:query SELECT COUNT(*) AS "_count$_all" FROM (SELECT "public"."Category"."id" FROM "public"."Category" WHERE "public"."Category"."userId" = $1 OFFSET $2) AS "sub"
prisma:query SELECT "public"."Category"."id", "public"."Category"."name", "public"."Category"."nameFa", "public"."Category"."icon", "public"."Category"."type"::text FROM "public"."Category" WHERE (("public"."Category"."userId" = $1 OR "public"."Category"."userId" IS NULL) AND "public"."Category"."type" = CAST($2::text AS "public"."TransactionType")) OFFSET $3
 GET /api/auth/session 200 in 328ms (next.js: 64ms, proxy.ts: 118ms, application-code: 146ms)
 GET /api/auth/session 200 in 48ms (next.js: 21ms, proxy.ts: 19ms, application-code: 8ms)
 GET /api/auth/session 200 in 40ms (next.js: 10ms, proxy.ts: 14ms, application-code: 16ms)
 GET /api/auth/session 200 in 22ms (next.js: 9ms, proxy.ts: 6ms, application-code: 7ms)
 GET /api/auth/session 200 in 23ms (next.js: 9ms, proxy.ts: 6ms, application-code: 8ms)
[11:04:21 UTC] [33mWARN[39m: [36mZhipu categorization failed, using fallback[39m
    [35mservice[39m: "finance-app"
    [35muserId[39m: "cmspyvf2w0000u4vsyj6pjwgw"
    [35mdescription[39m: "تست تراکنش"
    error: {
      "status": 401,
      "headers": {},
      "requestID": null,
      "error": {
        "code": "401",
        "message": "令牌已过期或验证不正确"
      },
      "code": "401"
    }
prisma:query INSERT INTO "public"."Transaction" ("id","amount","type","description","date","userId","categoryId","createdAt","updatedAt") VALUES ($1,$2,CAST($3::text AS "public"."TransactionType"),$4,$5,$6,$7,$8,$9) RETURNING "public"."Transaction"."id"
prisma:query SELECT "public"."Transaction"."id", "public"."Transaction"."amount", "public"."Transaction"."type"::text, "public"."Transaction"."description", "public"."Transaction"."date", "public"."Transaction"."receiptUrl", "public"."Transaction"."userId", "public"."Transaction"."categoryId", "public"."Transaction"."createdAt", "public"."Transaction"."updatedAt" FROM "public"."Transaction" WHERE "public"."Transaction"."id" = $1 LIMIT $2 OFFSET $3
prisma:query SELECT "public"."Category"."id", "public"."Category"."name", "public"."Category"."nameFa", "public"."Category"."icon", "public"."Category"."color" FROM "public"."Category" WHERE "public"."Category"."id" = $1 OFFSET $2
prisma:query COMMIT
 POST /api/transactions 201 in 1751ms (next.js: 19ms, proxy.ts: 119ms, application-code: 1614ms)
[11:04:21 UTC] [32mINFO[39m: [36mTransaction created[39m
    [35mservice[39m: "finance-app"
    [35muserId[39m: "cmspyvf2w0000u4vsyj6pjwgw"
    [35mtransactionId[39m: "cmspzf3tp004gnuvs92u91uym"
    [35mcategorization[39m: "fallback"
 GET /dashboard/transactions 200 in 91ms (next.js: 15ms, proxy.ts: 28ms, application-code: 48ms)
 GET /dashboard/transactions 200 in 220ms (next.js: 23ms, proxy.ts: 114ms, application-code: 83ms)
prisma:query SELECT "public"."Category"."id", "public"."Category"."name", "public"."Category"."nameFa", "public"."Category"."icon", "public"."Category"."color", "public"."Category"."type"::text, "public"."Category"."isDefault", "public"."Category"."userId", "public"."Category"."createdAt", "public"."Category"."updatedAt" FROM "public"."Category" WHERE ("public"."Category"."userId" = $1 OR "public"."Category"."userId" IS NULL) ORDER BY "public"."Category"."type" ASC, "public"."Category"."nameFa" ASC OFFSET $2
 GET /api/categories 200 in 86ms (next.js: 7ms, proxy.ts: 35ms, application-code: 44ms)
 GET /api/transactions?sortBy=date&sortOrder=desc&page=1&limit=20 400 in 96ms (next.js: 7ms, proxy.ts: 41ms, application-code: 48ms)
prisma:query SELECT "public"."Category"."id", "public"."Category"."name", "public"."Category"."nameFa", "public"."Category"."icon", "public"."Category"."color", "public"."Category"."type"::text, "public"."Category"."isDefault", "public"."Category"."userId", "public"."Category"."createdAt", "public"."Category"."updatedAt" FROM "public"."Category" WHERE ("public"."Category"."userId" = $1 OR "public"."Category"."userId" IS NULL) ORDER BY "public"."Category"."type" ASC, "public"."Category"."nameFa" ASC OFFSET $2
 GET /api/categories 200 in 248ms (next.js: 10ms, proxy.ts: 56ms, application-code: 183ms)
 GET /login?callbackUrl=%2Fdashboard 200 in 233ms (next.js: 19ms, proxy.ts: 9ms, application-code: 205ms)
 GET /api/transactions?sortBy=date&sortOrder=desc&page=1&limit=20 400 in 265ms (next.js: 15ms, proxy.ts: 128ms, application-code: 123ms)
 GET /login 200 in 210ms (next.js: 15ms, proxy.ts: 8ms, application-code: 188ms)
 POST /api/transactions/categorize 200 in 2.8s (next.js: 13ms, proxy.ts: 45ms, application-code: 2.7s)
[11:04:22 UTC] [33mWARN[39m: [36mZhipu categorization failed, using fallback[39m
    [35mservice[39m: "finance-app"
    [35muserId[39m: "cmspyvf2w0000u4vsyj6pjwgw"
    [35mdescription[39m: "تست تراکنش"
    error: {
      "status": 401,
      "headers": {},
      "requestID": null,
      "error": {
        "code": "401",
        "message": "令牌已过期或验证不正确"
      },
      "code": "401"
    }
 GET /api/auth/session 200 in 90ms (next.js: 71ms, proxy.ts: 11ms, application-code: 8ms)
 GET /register 200 in 190ms (next.js: 4ms, proxy.ts: 19ms, application-code: 167ms)
 GET /api/auth/session 200 in 76ms (next.js: 48ms, proxy.ts: 13ms, application-code: 15ms)
 GET /api/auth/session 200 in 82ms (next.js: 60ms, proxy.ts: 11ms, application-code: 10ms)
 GET /api/auth/session 200 in 68ms (next.js: 40ms, proxy.ts: 15ms, application-code: 13ms)
 GET /api/auth/session 200 in 30ms (next.js: 12ms, proxy.ts: 9ms, application-code: 9ms)
 GET /api/auth/session 200 in 110ms (next.js: 65ms, proxy.ts: 38ms, application-code: 7ms)
 GET /dashboard 200 in 306ms (next.js: 6ms, proxy.ts: 32ms, application-code: 268ms)
 GET /register 200 in 213ms (next.js: 20ms, proxy.ts: 8ms, application-code: 185ms)
 GET /dashboard 200 in 337ms (next.js: 17ms, proxy.ts: 110ms, application-code: 210ms)
prisma:query SELECT "public"."Transaction"."id", "public"."Transaction"."amount", "public"."Transaction"."type"::text, "public"."Transaction"."description", "public"."Transaction"."date", "public"."Transaction"."receiptUrl", "public"."Transaction"."userId", "public"."Transaction"."categoryId", "public"."Transaction"."createdAt", "public"."Transaction"."updatedAt" FROM "public"."Transaction" WHERE "public"."Transaction"."userId" = $1 ORDER BY "public"."Transaction"."date" DESC LIMIT $2 OFFSET $3
prisma:query SELECT SUM("public"."Transaction"."amount") AS "_sum$amount", COUNT(*) AS "_count$_all", "public"."Transaction"."categoryId", "public"."Transaction"."type"::text FROM "public"."Transaction" WHERE "public"."Transaction"."userId" = $1 GROUP BY "public"."Transaction"."categoryId", "public"."Transaction"."type" ORDER BY SUM("public"."Transaction"."amount") DESC OFFSET $2
prisma:query SELECT SUM("amount") AS "_sum$amount", COUNT(*) AS "_count$_all" FROM (SELECT "public"."Transaction"."amount", "public"."Transaction"."id" FROM "public"."Transaction" WHERE ("public"."Transaction"."userId" = $1 AND "public"."Transaction"."type" = CAST($2::text AS "public"."TransactionType")) OFFSET $3) AS "sub"
prisma:query SELECT SUM("amount") AS "_sum$amount", COUNT(*) AS "_count$_all" FROM (SELECT "public"."Transaction"."amount", "public"."Transaction"."id" FROM "public"."Transaction" WHERE ("public"."Transaction"."userId" = $1 AND "public"."Transaction"."type" = CAST($2::text AS "public"."TransactionType")) OFFSET $3) AS "sub"
 GET /api/auth/session 200 in 192ms (next.js: 84ms, proxy.ts: 28ms, application-code: 80ms)
prisma:query SELECT "public"."Category"."id", "public"."Category"."name", "public"."Category"."nameFa", "public"."Category"."icon", "public"."Category"."color" FROM "public"."Category" WHERE "public"."Category"."id" IN ($1,$2,$3,$4,$5) OFFSET $6
prisma:query SELECT "public"."Category"."id", "public"."Category"."name", "public"."Category"."nameFa", "public"."Category"."icon", "public"."Category"."color", "public"."Category"."type"::text FROM "public"."Category" WHERE ("public"."Category"."userId" = $1 OR "public"."Category"."userId" IS NULL) OFFSET $2
 GET /api/dashboard 200 in 257ms (next.js: 7ms, proxy.ts: 28ms, application-code: 222ms)
 GET /api/auth/session 200 in 336ms (next.js: 58ms, proxy.ts: 144ms, application-code: 135ms)
 GET /api/auth/session 200 in 45ms (next.js: 22ms, proxy.ts: 13ms, application-code: 10ms)
 GET /api/auth/session 200 in 74ms (next.js: 38ms, proxy.ts: 25ms, application-code: 11ms)
 GET /dashboard 200 in 369ms (next.js: 12ms, proxy.ts: 58ms, application-code: 300ms)
prisma:query SELECT SUM("amount") AS "_sum$amount", COUNT(*) AS "_count$_all" FROM (SELECT "public"."Transaction"."amount", "public"."Transaction"."id" FROM "public"."Transaction" WHERE ("public"."Transaction"."userId" = $1 AND "public"."Transaction"."type" = CAST($2::text AS "public"."TransactionType")) OFFSET $3) AS "sub"
prisma:query SELECT SUM("amount") AS "_sum$amount", COUNT(*) AS "_count$_all" FROM (SELECT "public"."Transaction"."amount", "public"."Transaction"."id" FROM "public"."Transaction" WHERE ("public"."Transaction"."userId" = $1 AND "public"."Transaction"."type" = CAST($2::text AS "public"."TransactionType")) OFFSET $3) AS "sub"
prisma:query SELECT "public"."Transaction"."id", "public"."Transaction"."amount", "public"."Transaction"."type"::text, "public"."Transaction"."description", "public"."Transaction"."date", "public"."Transaction"."receiptUrl", "public"."Transaction"."userId", "public"."Transaction"."categoryId", "public"."Transaction"."createdAt", "public"."Transaction"."updatedAt" FROM "public"."Transaction" WHERE "public"."Transaction"."userId" = $1 ORDER BY "public"."Transaction"."date" DESC LIMIT $2 OFFSET $3
prisma:query SELECT SUM("public"."Transaction"."amount") AS "_sum$amount", COUNT(*) AS "_count$_all", "public"."Transaction"."categoryId", "public"."Transaction"."type"::text FROM "public"."Transaction" WHERE "public"."Transaction"."userId" = $1 GROUP BY "public"."Transaction"."categoryId", "public"."Transaction"."type" ORDER BY SUM("public"."Transaction"."amount") DESC OFFSET $2
 GET /api/auth/session 200 in 160ms (next.js: 28ms, proxy.ts: 73ms, application-code: 59ms)
prisma:query SELECT "public"."Category"."id", "public"."Category"."name", "public"."Category"."nameFa", "public"."Category"."icon", "public"."Category"."color" FROM "public"."Category" WHERE "public"."Category"."id" IN ($1,$2,$3,$4,$5) OFFSET $6
prisma:query SELECT "public"."Category"."id", "public"."Category"."name", "public"."Category"."nameFa", "public"."Category"."icon", "public"."Category"."color", "public"."Category"."type"::text FROM "public"."Category" WHERE ("public"."Category"."userId" = $1 OR "public"."Category"."userId" IS NULL) OFFSET $2
 GET /api/dashboard 200 in 179ms (next.js: 12ms, proxy.ts: 74ms, application-code: 94ms)
 GET /api/auth/session 200 in 123ms (next.js: 25ms, proxy.ts: 60ms, application-code: 37ms)
prisma:query SELECT SUM("amount") AS "_sum$amount", COUNT(*) AS "_count$_all" FROM (SELECT "public"."Transaction"."amount", "public"."Transaction"."id" FROM "public"."Transaction" WHERE ("public"."Transaction"."userId" = $1 AND "public"."Transaction"."type" = CAST($2::text AS "public"."TransactionType")) OFFSET $3) AS "sub"
prisma:query SELECT SUM("amount") AS "_sum$amount", COUNT(*) AS "_count$_all" FROM (SELECT "public"."Transaction"."amount", "public"."Transaction"."id" FROM "public"."Transaction" WHERE ("public"."Transaction"."userId" = $1 AND "public"."Transaction"."type" = CAST($2::text AS "public"."TransactionType")) OFFSET $3) AS "sub"
prisma:query SELECT "public"."Transaction"."id", "public"."Transaction"."amount", "public"."Transaction"."type"::text, "public"."Transaction"."description", "public"."Transaction"."date", "public"."Transaction"."receiptUrl", "public"."Transaction"."userId", "public"."Transaction"."categoryId", "public"."Transaction"."createdAt", "public"."Transaction"."updatedAt" FROM "public"."Transaction" WHERE "public"."Transaction"."userId" = $1 ORDER BY "public"."Transaction"."date" DESC LIMIT $2 OFFSET $3
 GET /api/auth/session 200 in 241ms (next.js: 80ms, proxy.ts: 38ms, application-code: 122ms)
prisma:query SELECT SUM("public"."Transaction"."amount") AS "_sum$amount", COUNT(*) AS "_count$_all", "public"."Transaction"."categoryId", "public"."Transaction"."type"::text FROM "public"."Transaction" WHERE "public"."Transaction"."userId" = $1 GROUP BY "public"."Transaction"."categoryId", "public"."Transaction"."type" ORDER BY SUM("public"."Transaction"."amount") DESC OFFSET $2
prisma:query SELECT "public"."Category"."id", "public"."Category"."name", "public"."Category"."nameFa", "public"."Category"."icon", "public"."Category"."color" FROM "public"."Category" WHERE "public"."Category"."id" IN ($1,$2,$3,$4,$5) OFFSET $6
prisma:query SELECT "public"."Category"."id", "public"."Category"."name", "public"."Category"."nameFa", "public"."Category"."icon", "public"."Category"."color", "public"."Category"."type"::text FROM "public"."Category" WHERE ("public"."Category"."userId" = $1 OR "public"."Category"."userId" IS NULL) OFFSET $2
 GET /api/dashboard 200 in 262ms (next.js: 14ms, proxy.ts: 40ms, application-code: 208ms)
prisma:query SELECT "public"."User"."id", "public"."User"."name", "public"."User"."email", "public"."User"."emailVerified", "public"."User"."passwordHash", "public"."User"."image", "public"."User"."createdAt", "public"."User"."updatedAt" FROM "public"."User" WHERE ("public"."User"."email" = $1 AND 1=1) LIMIT $2 OFFSET $3
prisma:query INSERT INTO "public"."User" ("id","name","email","passwordHash","createdAt","updatedAt") VALUES ($1,$2,$3,$4,$5,$6) RETURNING "public"."User"."id", "public"."User"."email", "public"."User"."name", "public"."User"."createdAt"
prisma:query SELECT "public"."Category"."id", "public"."Category"."name", "public"."Category"."nameFa", "public"."Category"."icon", "public"."Category"."color", "public"."Category"."type"::text, "public"."Category"."isDefault", "public"."Category"."userId", "public"."Category"."createdAt", "public"."Category"."updatedAt" FROM "public"."Category" WHERE ("public"."Category"."name" = $1 AND "public"."Category"."userId" = $2) LIMIT $3 OFFSET $4
prisma:query INSERT INTO "public"."Category" ("id","name","nameFa","icon","color","type","isDefault","userId","createdAt","updatedAt") VALUES ($1,$2,$3,$4,$5,CAST($6::text AS "public"."TransactionType"),$7,$8,$9,$10) RETURNING "public"."Category"."id", "public"."Category"."name", "public"."Category"."nameFa", "public"."Category"."icon", "public"."Category"."color", "public"."Category"."type"::text, "public"."Category"."isDefault", "public"."Category"."userId", "public"."Category"."createdAt", "public"."Category"."updatedAt"
prisma:query SELECT "public"."Category"."id", "public"."Category"."name", "public"."Category"."nameFa", "public"."Category"."icon", "public"."Category"."color", "public"."Category"."type"::text, "public"."Category"."isDefault", "public"."Category"."userId", "public"."Category"."createdAt", "public"."Category"."updatedAt" FROM "public"."Category" WHERE ("public"."Category"."name" = $1 AND "public"."Category"."userId" = $2) LIMIT $3 OFFSET $4
 GET /api/auth/session 200 in 755ms (next.js: 502ms, proxy.ts: 162ms, application-code: 91ms)
prisma:query INSERT INTO "public"."Category" ("id","name","nameFa","icon","color","type","isDefault","userId","createdAt","updatedAt") VALUES ($1,$2,$3,$4,$5,CAST($6::text AS "public"."TransactionType"),$7,$8,$9,$10) RETURNING "public"."Category"."id", "public"."Category"."name", "public"."Category"."nameFa", "public"."Category"."icon", "public"."Category"."color", "public"."Category"."type"::text, "public"."Category"."isDefault", "public"."Category"."userId", "public"."Category"."createdAt", "public"."Category"."updatedAt"
prisma:query SELECT "public"."Category"."id", "public"."Category"."name", "public"."Category"."nameFa", "public"."Category"."icon", "public"."Category"."color", "public"."Category"."type"::text, "public"."Category"."isDefault", "public"."Category"."userId", "public"."Category"."createdAt", "public"."Category"."updatedAt" FROM "public"."Category" WHERE ("public"."Category"."name" = $1 AND "public"."Category"."userId" = $2) LIMIT $3 OFFSET $4
prisma:query INSERT INTO "public"."Category" ("id","name","nameFa","icon","color","type","isDefault","userId","createdAt","updatedAt") VALUES ($1,$2,$3,$4,$5,CAST($6::text AS "public"."TransactionType"),$7,$8,$9,$10) RETURNING "public"."Category"."id", "public"."Category"."name", "public"."Category"."nameFa", "public"."Category"."icon", "public"."Category"."color", "public"."Category"."type"::text, "public"."Category"."isDefault", "public"."Category"."userId", "public"."Category"."createdAt", "public"."Category"."updatedAt"
prisma:query SELECT "public"."Category"."id", "public"."Category"."name", "public"."Category"."nameFa", "public"."Category"."icon", "public"."Category"."color", "public"."Category"."type"::text, "public"."Category"."isDefault", "public"."Category"."userId", "public"."Category"."createdAt", "public"."Category"."updatedAt" FROM "public"."Category" WHERE ("public"."Category"."name" = $1 AND "public"."Category"."userId" = $2) LIMIT $3 OFFSET $4
prisma:query INSERT INTO "public"."Category" ("id","name","nameFa","icon","color","type","isDefault","userId","createdAt","updatedAt") VALUES ($1,$2,$3,$4,$5,CAST($6::text AS "public"."TransactionType"),$7,$8,$9,$10) RETURNING "public"."Category"."id", "public"."Category"."name", "public"."Category"."nameFa", "public"."Category"."icon", "public"."Category"."color", "public"."Category"."type"::text, "public"."Category"."isDefault", "public"."Category"."userId", "public"."Category"."createdAt", "public"."Category"."updatedAt"
prisma:query SELECT "public"."Category"."id", "public"."Category"."name", "public"."Category"."nameFa", "public"."Category"."icon", "public"."Category"."color", "public"."Category"."type"::text, "public"."Category"."isDefault", "public"."Category"."userId", "public"."Category"."createdAt", "public"."Category"."updatedAt" FROM "public"."Category" WHERE ("public"."Category"."name" = $1 AND "public"."Category"."userId" = $2) LIMIT $3 OFFSET $4
prisma:query INSERT INTO "public"."Category" ("id","name","nameFa","icon","color","type","isDefault","userId","createdAt","updatedAt") VALUES ($1,$2,$3,$4,$5,CAST($6::text AS "public"."TransactionType"),$7,$8,$9,$10) RETURNING "public"."Category"."id", "public"."Category"."name", "public"."Category"."nameFa", "public"."Category"."icon", "public"."Category"."color", "public"."Category"."type"::text, "public"."Category"."isDefault", "public"."Category"."userId", "public"."Category"."createdAt", "public"."Category"."updatedAt"
 GET /dashboard/transactions/new 200 in 925ms (next.js: 125ms, proxy.ts: 60ms, application-code: 741ms)
 GET /dashboard/categories 200 in 463ms (next.js: 46ms, proxy.ts: 287ms, application-code: 130ms)
 GET /dashboard/transactions 200 in 695ms (next.js: 111ms, proxy.ts: 487ms, application-code: 97ms)
prisma:query SELECT "public"."Category"."id", "public"."Category"."name", "public"."Category"."nameFa", "public"."Category"."icon", "public"."Category"."color", "public"."Category"."type"::text, "public"."Category"."isDefault", "public"."Category"."userId", "public"."Category"."createdAt", "public"."Category"."updatedAt" FROM "public"."Category" WHERE ("public"."Category"."name" = $1 AND "public"."Category"."userId" = $2) LIMIT $3 OFFSET $4
prisma:query INSERT INTO "public"."Category" ("id","name","nameFa","icon","color","type","isDefault","userId","createdAt","updatedAt") VALUES ($1,$2,$3,$4,$5,CAST($6::text AS "public"."TransactionType"),$7,$8,$9,$10) RETURNING "public"."Category"."id", "public"."Category"."name", "public"."Category"."nameFa", "public"."Category"."icon", "public"."Category"."color", "public"."Category"."type"::text, "public"."Category"."isDefault", "public"."Category"."userId", "public"."Category"."createdAt", "public"."Category"."updatedAt"
prisma:query SELECT "public"."Category"."id", "public"."Category"."name", "public"."Category"."nameFa", "public"."Category"."icon", "public"."Category"."color", "public"."Category"."type"::text, "public"."Category"."isDefault", "public"."Category"."userId", "public"."Category"."createdAt", "public"."Category"."updatedAt" FROM "public"."Category" WHERE ("public"."Category"."name" = $1 AND "public"."Category"."userId" = $2) LIMIT $3 OFFSET $4
prisma:query INSERT INTO "public"."Category" ("id","name","nameFa","icon","color","type","isDefault","userId","createdAt","updatedAt") VALUES ($1,$2,$3,$4,$5,CAST($6::text AS "public"."TransactionType"),$7,$8,$9,$10) RETURNING "public"."Category"."id", "public"."Category"."name", "public"."Category"."nameFa", "public"."Category"."icon", "public"."Category"."color", "public"."Category"."type"::text, "public"."Category"."isDefault", "public"."Category"."userId", "public"."Category"."createdAt", "public"."Category"."updatedAt"
prisma:query SELECT "public"."Category"."id", "public"."Category"."name", "public"."Category"."nameFa", "public"."Category"."icon", "public"."Category"."color", "public"."Category"."type"::text, "public"."Category"."isDefault", "public"."Category"."userId", "public"."Category"."createdAt", "public"."Category"."updatedAt" FROM "public"."Category" WHERE ("public"."Category"."name" = $1 AND "public"."Category"."userId" = $2) LIMIT $3 OFFSET $4
prisma:query INSERT INTO "public"."Category" ("id","name","nameFa","icon","color","type","isDefault","userId","createdAt","updatedAt") VALUES ($1,$2,$3,$4,$5,CAST($6::text AS "public"."TransactionType"),$7,$8,$9,$10) RETURNING "public"."Category"."id", "public"."Category"."name", "public"."Category"."nameFa", "public"."Category"."icon", "public"."Category"."color", "public"."Category"."type"::text, "public"."Category"."isDefault", "public"."Category"."userId", "public"."Category"."createdAt", "public"."Category"."updatedAt"
prisma:query SELECT "public"."Category"."id", "public"."Category"."name", "public"."Category"."nameFa", "public"."Category"."icon", "public"."Category"."color", "public"."Category"."type"::text, "public"."Category"."isDefault", "public"."Category"."userId", "public"."Category"."createdAt", "public"."Category"."updatedAt" FROM "public"."Category" WHERE ("public"."Category"."name" = $1 AND "public"."Category"."userId" = $2) LIMIT $3 OFFSET $4
prisma:query INSERT INTO "public"."Category" ("id","name","nameFa","icon","color","type","isDefault","userId","createdAt","updatedAt") VALUES ($1,$2,$3,$4,$5,CAST($6::text AS "public"."TransactionType"),$7,$8,$9,$10) RETURNING "public"."Category"."id", "public"."Category"."name", "public"."Category"."nameFa", "public"."Category"."icon", "public"."Category"."color", "public"."Category"."type"::text, "public"."Category"."isDefault", "public"."Category"."userId", "public"."Category"."createdAt", "public"."Category"."updatedAt"
prisma:query SELECT "public"."Category"."id", "public"."Category"."name", "public"."Category"."nameFa", "public"."Category"."icon", "public"."Category"."color", "public"."Category"."type"::text, "public"."Category"."isDefault", "public"."Category"."userId", "public"."Category"."createdAt", "public"."Category"."updatedAt" FROM "public"."Category" WHERE ("public"."Category"."name" = $1 AND "public"."Category"."userId" = $2) LIMIT $3 OFFSET $4
prisma:query INSERT INTO "public"."Category" ("id","name","nameFa","icon","color","type","isDefault","userId","createdAt","updatedAt") VALUES ($1,$2,$3,$4,$5,CAST($6::text AS "public"."TransactionType"),$7,$8,$9,$10) RETURNING "public"."Category"."id", "public"."Category"."name", "public"."Category"."nameFa", "public"."Category"."icon", "public"."Category"."color", "public"."Category"."type"::text, "public"."Category"."isDefault", "public"."Category"."userId", "public"."Category"."createdAt", "public"."Category"."updatedAt"
prisma:query SELECT "public"."Category"."id", "public"."Category"."name", "public"."Category"."nameFa", "public"."Category"."icon", "public"."Category"."color", "public"."Category"."type"::text, "public"."Category"."isDefault", "public"."Category"."userId", "public"."Category"."createdAt", "public"."Category"."updatedAt" FROM "public"."Category" WHERE ("public"."Category"."name" = $1 AND "public"."Category"."userId" = $2) LIMIT $3 OFFSET $4
prisma:query INSERT INTO "public"."Category" ("id","name","nameFa","icon","color","type","isDefault","userId","createdAt","updatedAt") VALUES ($1,$2,$3,$4,$5,CAST($6::text AS "public"."TransactionType"),$7,$8,$9,$10) RETURNING "public"."Category"."id", "public"."Category"."name", "public"."Category"."nameFa", "public"."Category"."icon", "public"."Category"."color", "public"."Category"."type"::text, "public"."Category"."isDefault", "public"."Category"."userId", "public"."Category"."createdAt", "public"."Category"."updatedAt"
 POST /api/auth/register 201 in 1046ms (next.js: 12ms, proxy.ts: 11ms, application-code: 1023ms)
[11:04:28 UTC] [32mINFO[39m: [36mUser registered[39m
    [35mservice[39m: "finance-app"
    [35muserId[39m: "cmspzf8v2004hnuvshzejmf2s"
    [35memail[39m: "test1786532664703@example.com"
 GET /login?registered=true 200 in 134ms (next.js: 27ms, proxy.ts: 19ms, application-code: 88ms)
prisma:query SELECT "public"."Category"."id", "public"."Category"."name", "public"."Category"."nameFa", "public"."Category"."icon", "public"."Category"."color", "public"."Category"."type"::text, "public"."Category"."isDefault", "public"."Category"."userId", "public"."Category"."createdAt", "public"."Category"."updatedAt" FROM "public"."Category" WHERE ("public"."Category"."userId" = $1 OR "public"."Category"."userId" IS NULL) ORDER BY "public"."Category"."type" ASC, "public"."Category"."nameFa" ASC OFFSET $2
 GET /api/categories 200 in 223ms (next.js: 62ms, proxy.ts: 73ms, application-code: 87ms)
 GET /api/transactions?sortBy=date&sortOrder=desc&page=1&limit=20 400 in 202ms (next.js: 20ms, proxy.ts: 122ms, application-code: 59ms)
prisma:query SELECT "public"."Category"."id", "public"."Category"."name", "public"."Category"."nameFa", "public"."Category"."icon", "public"."Category"."color", "public"."Category"."type"::text, "public"."Category"."isDefault", "public"."Category"."userId", "public"."Category"."createdAt", "public"."Category"."updatedAt" FROM "public"."Category" WHERE ("public"."Category"."userId" = $1 OR "public"."Category"."userId" IS NULL) ORDER BY "public"."Category"."type" ASC, "public"."Category"."nameFa" ASC OFFSET $2
 GET /api/categories 200 in 213ms (next.js: 14ms, proxy.ts: 122ms, application-code: 77ms)
 GET /api/categories 200 in 102ms (next.js: 14ms, proxy.ts: 54ms, application-code: 34ms)
prisma:query SELECT "public"."Category"."id", "public"."Category"."name", "public"."Category"."nameFa", "public"."Category"."icon", "public"."Category"."color", "public"."Category"."type"::text, "public"."Category"."isDefault", "public"."Category"."userId", "public"."Category"."createdAt", "public"."Category"."updatedAt" FROM "public"."Category" WHERE ("public"."Category"."userId" = $1 OR "public"."Category"."userId" IS NULL) ORDER BY "public"."Category"."type" ASC, "public"."Category"."nameFa" ASC OFFSET $2
 GET /api/transactions?sortBy=date&sortOrder=desc&page=1&limit=20 400 in 114ms (next.js: 12ms, proxy.ts: 57ms, application-code: 44ms)
prisma:query SELECT "public"."Category"."id", "public"."Category"."name", "public"."Category"."nameFa", "public"."Category"."icon", "public"."Category"."color", "public"."Category"."type"::text, "public"."Category"."isDefault", "public"."Category"."userId", "public"."Category"."createdAt", "public"."Category"."updatedAt" FROM "public"."Category" WHERE ("public"."Category"."userId" = $1 OR "public"."Category"."userId" IS NULL) ORDER BY "public"."Category"."type" ASC, "public"."Category"."nameFa" ASC OFFSET $2
 GET /api/categories 200 in 130ms (next.js: 19ms, proxy.ts: 55ms, application-code: 56ms)
 GET /login 200 in 291ms (next.js: 7ms, proxy.ts: 9ms, application-code: 275ms)
 GET /login 200 in 322ms (next.js: 44ms, proxy.ts: 47ms, application-code: 231ms)
 GET /dashboard/transactions 200 in 556ms (next.js: 8ms, proxy.ts: 23ms, application-code: 526ms)
prisma:query SELECT "public"."Category"."id", "public"."Category"."name", "public"."Category"."nameFa", "public"."Category"."icon", "public"."Category"."color", "public"."Category"."type"::text, "public"."Category"."isDefault", "public"."Category"."userId", "public"."Category"."createdAt", "public"."Category"."updatedAt" FROM "public"."Category" WHERE ("public"."Category"."userId" = $1 OR "public"."Category"."userId" IS NULL) ORDER BY "public"."Category"."type" ASC, "public"."Category"."nameFa" ASC OFFSET $2
 GET /api/categories 200 in 487ms (next.js: 32ms, proxy.ts: 125ms, application-code: 330ms)
 GET /api/auth/session 200 in 509ms (next.js: 169ms, proxy.ts: 132ms, application-code: 207ms)
prisma:query SELECT "public"."Category"."id", "public"."Category"."name", "public"."Category"."nameFa", "public"."Category"."icon", "public"."Category"."type"::text FROM "public"."Category" WHERE (("public"."Category"."userId" = $1 OR "public"."Category"."userId" IS NULL) AND "public"."Category"."type" = CAST($2::text AS "public"."TransactionType")) OFFSET $3
prisma:query SELECT COUNT(*) AS "_count$_all" FROM (SELECT "public"."Category"."id" FROM "public"."Category" WHERE "public"."Category"."userId" = $1 OFFSET $2) AS "sub"
prisma:query SELECT "public"."Category"."id", "public"."Category"."name", "public"."Category"."nameFa", "public"."Category"."icon", "public"."Category"."type"::text FROM "public"."Category" WHERE (("public"."Category"."userId" = $1 OR "public"."Category"."userId" IS NULL) AND "public"."Category"."type" = CAST($2::text AS "public"."TransactionType")) OFFSET $3
 GET /api/auth/session 200 in 98ms (next.js: 6ms, proxy.ts: 73ms, application-code: 19ms)
 GET /api/auth/session 200 in 49ms (next.js: 28ms, proxy.ts: 12ms, application-code: 10ms)
 GET /api/auth/session 200 in 43ms (next.js: 19ms, proxy.ts: 10ms, application-code: 14ms)
 GET /api/auth/session 200 in 101ms (next.js: 36ms, proxy.ts: 56ms, application-code: 8ms)
 GET /api/categories 200 in 116ms (next.js: 17ms, proxy.ts: 61ms, application-code: 39ms)
 GET /api/transactions?sortBy=date&sortOrder=desc&page=1&limit=20 200 in 114ms (next.js: 16ms, proxy.ts: 65ms, application-code: 32ms)
prisma:query SELECT "public"."Category"."id", "public"."Category"."name", "public"."Category"."nameFa", "public"."Category"."icon", "public"."Category"."color", "public"."Category"."type"::text, "public"."Category"."isDefault", "public"."Category"."userId", "public"."Category"."createdAt", "public"."Category"."updatedAt" FROM "public"."Category" WHERE ("public"."Category"."userId" = $1 OR "public"."Category"."userId" IS NULL) ORDER BY "public"."Category"."type" ASC, "public"."Category"."nameFa" ASC OFFSET $2
 POST /api/transactions/categorize 200 in 1643ms (next.js: 28ms, proxy.ts: 306ms, application-code: 1309ms)
[11:04:30 UTC] [33mWARN[39m: [36mZhipu categorization failed, using fallback[39m
    [35mservice[39m: "finance-app"
    [35muserId[39m: "cmspyvf2w0000u4vsyj6pjwgw"
    [35mdescription[39m: "تست تراکنش"
    error: {
      "status": 401,
      "headers": {},
      "requestID": null,
      "error": {
        "code": "401",
        "message": "令牌已过期或验证不正确"
      },
      "code": "401"
    }
[11:04:31 UTC] [33mWARN[39m: [36mZhipu categorization failed, using fallback[39m
    [35mservice[39m: "finance-app"
    [35muserId[39m: "cmspyvf2w0000u4vsyj6pjwgw"
    [35mdescription[39m: "تست تراکنش"
    error: {
      "status": 401,
      "headers": {},
      "requestID": null,
      "error": {
        "code": "401",
        "message": "令牌已过期或验证不正确"
      },
      "code": "401"
    }
prisma:query INSERT INTO "public"."Transaction" ("id","amount","type","description","date","userId","categoryId","createdAt","updatedAt") VALUES ($1,$2,CAST($3::text AS "public"."TransactionType"),$4,$5,$6,$7,$8,$9) RETURNING "public"."Transaction"."id"
prisma:query SELECT "public"."Transaction"."id", "public"."Transaction"."amount", "public"."Transaction"."type"::text, "public"."Transaction"."description", "public"."Transaction"."date", "public"."Transaction"."receiptUrl", "public"."Transaction"."userId", "public"."Transaction"."categoryId", "public"."Transaction"."createdAt", "public"."Transaction"."updatedAt" FROM "public"."Transaction" WHERE "public"."Transaction"."id" = $1 LIMIT $2 OFFSET $3
prisma:query SELECT "public"."Category"."id", "public"."Category"."name", "public"."Category"."nameFa", "public"."Category"."icon", "public"."Category"."color" FROM "public"."Category" WHERE "public"."Category"."id" = $1 OFFSET $2
prisma:query COMMIT
 POST /api/transactions 201 in 1734ms (next.js: 35ms, proxy.ts: 193ms, application-code: 1506ms)
[11:04:31 UTC] [32mINFO[39m: [36mTransaction created[39m
    [35mservice[39m: "finance-app"
    [35muserId[39m: "cmspyvf2w0000u4vsyj6pjwgw"
    [35mtransactionId[39m: "cmspzfbgo004tnuvsbzorghd3"
    [35mcategorization[39m: "fallback"
 GET /dashboard/transactions 200 in 56ms (next.js: 16ms, proxy.ts: 15ms, application-code: 24ms)
 GET /dashboard/transactions 200 in 106ms (next.js: 30ms, proxy.ts: 14ms, application-code: 62ms)
prisma:query SELECT "public"."Category"."id", "public"."Category"."name", "public"."Category"."nameFa", "public"."Category"."icon", "public"."Category"."color", "public"."Category"."type"::text, "public"."Category"."isDefault", "public"."Category"."userId", "public"."Category"."createdAt", "public"."Category"."updatedAt" FROM "public"."Category" WHERE ("public"."Category"."userId" = $1 OR "public"."Category"."userId" IS NULL) ORDER BY "public"."Category"."type" ASC, "public"."Category"."nameFa" ASC OFFSET $2
 GET /api/categories 200 in 49ms (next.js: 4ms, proxy.ts: 21ms, application-code: 24ms)
 GET /api/transactions?sortBy=date&sortOrder=desc&page=1&limit=20 400 in 47ms (next.js: 9ms, proxy.ts: 19ms, application-code: 19ms)
 GET /api/transactions?sortBy=date&sortOrder=desc&page=1&limit=20 400 in 76ms (next.js: 8ms, proxy.ts: 27ms, application-code: 41ms)
prisma:query SELECT "public"."Category"."id", "public"."Category"."name", "public"."Category"."nameFa", "public"."Category"."icon", "public"."Category"."color", "public"."Category"."type"::text, "public"."Category"."isDefault", "public"."Category"."userId", "public"."Category"."createdAt", "public"."Category"."updatedAt" FROM "public"."Category" WHERE ("public"."Category"."userId" = $1 OR "public"."Category"."userId" IS NULL) ORDER BY "public"."Category"."type" ASC, "public"."Category"."nameFa" ASC OFFSET $2
 GET /api/categories 200 in 82ms (next.js: 6ms, proxy.ts: 27ms, application-code: 49ms)
 GET /login 200 in 136ms (next.js: 38ms, proxy.ts: 14ms, application-code: 84ms)
✓ Compiled in 85ms
✓ Compiled in 59ms
 GET / 307 in 94ms (next.js: 6ms, proxy.ts: 8ms, application-code: 80ms)
 GET /login 200 in 68ms (next.js: 9ms, proxy.ts: 6ms, application-code: 53ms)
 GET / 307 in 73ms (next.js: 3ms, proxy.ts: 5ms, application-code: 65ms)
 GET /login 200 in 61ms (next.js: 3ms, proxy.ts: 5ms, application-code: 53ms)
 GET /register 200 in 368ms (next.js: 10ms, proxy.ts: 17ms, application-code: 340ms)
 GET /register 200 in 334ms (next.js: 18ms, proxy.ts: 19ms, application-code: 297ms)
 GET /login?callbackUrl=%2Fdashboard 200 in 360ms (next.js: 21ms, proxy.ts: 71ms, application-code: 268ms)
 GET /login 200 in 334ms (next.js: 57ms, proxy.ts: 25ms, application-code: 251ms)
 GET /api/auth/session 200 in 99ms (next.js: 72ms, proxy.ts: 9ms, application-code: 17ms)
 GET /api/auth/session 200 in 64ms (next.js: 26ms, proxy.ts: 18ms, application-code: 20ms)
 GET /api/auth/session 200 in 67ms (next.js: 32ms, proxy.ts: 17ms, application-code: 18ms)
 GET /api/auth/session 200 in 68ms (next.js: 36ms, proxy.ts: 15ms, application-code: 17ms)
 GET /api/auth/session 200 in 89ms (next.js: 54ms, proxy.ts: 11ms, application-code: 24ms)
 GET /api/auth/session 200 in 42ms (next.js: 16ms, proxy.ts: 14ms, application-code: 12ms)
 GET /api/auth/session 200 in 44ms (next.js: 19ms, proxy.ts: 13ms, application-code: 12ms)
 GET /api/auth/session 200 in 44ms (next.js: 31ms, proxy.ts: 7ms, application-code: 7ms)
prisma:query SELECT "public"."User"."id", "public"."User"."name", "public"."User"."email", "public"."User"."emailVerified", "public"."User"."passwordHash", "public"."User"."image", "public"."User"."createdAt", "public"."User"."updatedAt" FROM "public"."User" WHERE ("public"."User"."email" = $1 AND 1=1) LIMIT $2 OFFSET $3
prisma:query INSERT INTO "public"."User" ("id","name","email","passwordHash","createdAt","updatedAt") VALUES ($1,$2,$3,$4,$5,$6) RETURNING "public"."User"."id", "public"."User"."email", "public"."User"."name", "public"."User"."createdAt"
prisma:query SELECT "public"."Category"."id", "public"."Category"."name", "public"."Category"."nameFa", "public"."Category"."icon", "public"."Category"."color", "public"."Category"."type"::text, "public"."Category"."isDefault", "public"."Category"."userId", "public"."Category"."createdAt", "public"."Category"."updatedAt" FROM "public"."Category" WHERE ("public"."Category"."name" = $1 AND "public"."Category"."userId" = $2) LIMIT $3 OFFSET $4
prisma:query INSERT INTO "public"."Category" ("id","name","nameFa","icon","color","type","isDefault","userId","createdAt","updatedAt") VALUES ($1,$2,$3,$4,$5,CAST($6::text AS "public"."TransactionType"),$7,$8,$9,$10) RETURNING "public"."Category"."id", "public"."Category"."name", "public"."Category"."nameFa", "public"."Category"."icon", "public"."Category"."color", "public"."Category"."type"::text, "public"."Category"."isDefault", "public"."Category"."userId", "public"."Category"."createdAt", "public"."Category"."updatedAt"
prisma:query SELECT "public"."Category"."id", "public"."Category"."name", "public"."Category"."nameFa", "public"."Category"."icon", "public"."Category"."color", "public"."Category"."type"::text, "public"."Category"."isDefault", "public"."Category"."userId", "public"."Category"."createdAt", "public"."Category"."updatedAt" FROM "public"."Category" WHERE ("public"."Category"."name" = $1 AND "public"."Category"."userId" = $2) LIMIT $3 OFFSET $4
prisma:query INSERT INTO "public"."Category" ("id","name","nameFa","icon","color","type","isDefault","userId","createdAt","updatedAt") VALUES ($1,$2,$3,$4,$5,CAST($6::text AS "public"."TransactionType"),$7,$8,$9,$10) RETURNING "public"."Category"."id", "public"."Category"."name", "public"."Category"."nameFa", "public"."Category"."icon", "public"."Category"."color", "public"."Category"."type"::text, "public"."Category"."isDefault", "public"."Category"."userId", "public"."Category"."createdAt", "public"."Category"."updatedAt"
prisma:query SELECT "public"."Category"."id", "public"."Category"."name", "public"."Category"."nameFa", "public"."Category"."icon", "public"."Category"."color", "public"."Category"."type"::text, "public"."Category"."isDefault", "public"."Category"."userId", "public"."Category"."createdAt", "public"."Category"."updatedAt" FROM "public"."Category" WHERE ("public"."Category"."name" = $1 AND "public"."Category"."userId" = $2) LIMIT $3 OFFSET $4
prisma:query INSERT INTO "public"."Category" ("id","name","nameFa","icon","color","type","isDefault","userId","createdAt","updatedAt") VALUES ($1,$2,$3,$4,$5,CAST($6::text AS "public"."TransactionType"),$7,$8,$9,$10) RETURNING "public"."Category"."id", "public"."Category"."name", "public"."Category"."nameFa", "public"."Category"."icon", "public"."Category"."color", "public"."Category"."type"::text, "public"."Category"."isDefault", "public"."Category"."userId", "public"."Category"."createdAt", "public"."Category"."updatedAt"
prisma:query SELECT "public"."Category"."id", "public"."Category"."name", "public"."Category"."nameFa", "public"."Category"."icon", "public"."Category"."color", "public"."Category"."type"::text, "public"."Category"."isDefault", "public"."Category"."userId", "public"."Category"."createdAt", "public"."Category"."updatedAt" FROM "public"."Category" WHERE ("public"."Category"."name" = $1 AND "public"."Category"."userId" = $2) LIMIT $3 OFFSET $4
prisma:query INSERT INTO "public"."Category" ("id","name","nameFa","icon","color","type","isDefault","userId","createdAt","updatedAt") VALUES ($1,$2,$3,$4,$5,CAST($6::text AS "public"."TransactionType"),$7,$8,$9,$10) RETURNING "public"."Category"."id", "public"."Category"."name", "public"."Category"."nameFa", "public"."Category"."icon", "public"."Category"."color", "public"."Category"."type"::text, "public"."Category"."isDefault", "public"."Category"."userId", "public"."Category"."createdAt", "public"."Category"."updatedAt"
prisma:query SELECT "public"."Category"."id", "public"."Category"."name", "public"."Category"."nameFa", "public"."Category"."icon", "public"."Category"."color", "public"."Category"."type"::text, "public"."Category"."isDefault", "public"."Category"."userId", "public"."Category"."createdAt", "public"."Category"."updatedAt" FROM "public"."Category" WHERE ("public"."Category"."name" = $1 AND "public"."Category"."userId" = $2) LIMIT $3 OFFSET $4
prisma:query INSERT INTO "public"."Category" ("id","name","nameFa","icon","color","type","isDefault","userId","createdAt","updatedAt") VALUES ($1,$2,$3,$4,$5,CAST($6::text AS "public"."TransactionType"),$7,$8,$9,$10) RETURNING "public"."Category"."id", "public"."Category"."name", "public"."Category"."nameFa", "public"."Category"."icon", "public"."Category"."color", "public"."Category"."type"::text, "public"."Category"."isDefault", "public"."Category"."userId", "public"."Category"."createdAt", "public"."Category"."updatedAt"
prisma:query SELECT "public"."Category"."id", "public"."Category"."name", "public"."Category"."nameFa", "public"."Category"."icon", "public"."Category"."color", "public"."Category"."type"::text, "public"."Category"."isDefault", "public"."Category"."userId", "public"."Category"."createdAt", "public"."Category"."updatedAt" FROM "public"."Category" WHERE ("public"."Category"."name" = $1 AND "public"."Category"."userId" = $2) LIMIT $3 OFFSET $4
prisma:query INSERT INTO "public"."Category" ("id","name","nameFa","icon","color","type","isDefault","userId","createdAt","updatedAt") VALUES ($1,$2,$3,$4,$5,CAST($6::text AS "public"."TransactionType"),$7,$8,$9,$10) RETURNING "public"."Category"."id", "public"."Category"."name", "public"."Category"."nameFa", "public"."Category"."icon", "public"."Category"."color", "public"."Category"."type"::text, "public"."Category"."isDefault", "public"."Category"."userId", "public"."Category"."createdAt", "public"."Category"."updatedAt"
prisma:query SELECT "public"."Category"."id", "public"."Category"."name", "public"."Category"."nameFa", "public"."Category"."icon", "public"."Category"."color", "public"."Category"."type"::text, "public"."Category"."isDefault", "public"."Category"."userId", "public"."Category"."createdAt", "public"."Category"."updatedAt" FROM "public"."Category" WHERE ("public"."Category"."name" = $1 AND "public"."Category"."userId" = $2) LIMIT $3 OFFSET $4
prisma:query INSERT INTO "public"."Category" ("id","name","nameFa","icon","color","type","isDefault","userId","createdAt","updatedAt") VALUES ($1,$2,$3,$4,$5,CAST($6::text AS "public"."TransactionType"),$7,$8,$9,$10) RETURNING "public"."Category"."id", "public"."Category"."name", "public"."Category"."nameFa", "public"."Category"."icon", "public"."Category"."color", "public"."Category"."type"::text, "public"."Category"."isDefault", "public"."Category"."userId", "public"."Category"."createdAt", "public"."Category"."updatedAt"
prisma:query SELECT "public"."Category"."id", "public"."Category"."name", "public"."Category"."nameFa", "public"."Category"."icon", "public"."Category"."color", "public"."Category"."type"::text, "public"."Category"."isDefault", "public"."Category"."userId", "public"."Category"."createdAt", "public"."Category"."updatedAt" FROM "public"."Category" WHERE ("public"."Category"."name" = $1 AND "public"."Category"."userId" = $2) LIMIT $3 OFFSET $4
prisma:query INSERT INTO "public"."Category" ("id","name","nameFa","icon","color","type","isDefault","userId","createdAt","updatedAt") VALUES ($1,$2,$3,$4,$5,CAST($6::text AS "public"."TransactionType"),$7,$8,$9,$10) RETURNING "public"."Category"."id", "public"."Category"."name", "public"."Category"."nameFa", "public"."Category"."icon", "public"."Category"."color", "public"."Category"."type"::text, "public"."Category"."isDefault", "public"."Category"."userId", "public"."Category"."createdAt", "public"."Category"."updatedAt"
prisma:query SELECT "public"."Category"."id", "public"."Category"."name", "public"."Category"."nameFa", "public"."Category"."icon", "public"."Category"."color", "public"."Category"."type"::text, "public"."Category"."isDefault", "public"."Category"."userId", "public"."Category"."createdAt", "public"."Category"."updatedAt" FROM "public"."Category" WHERE ("public"."Category"."name" = $1 AND "public"."Category"."userId" = $2) LIMIT $3 OFFSET $4
prisma:query INSERT INTO "public"."Category" ("id","name","nameFa","icon","color","type","isDefault","userId","createdAt","updatedAt") VALUES ($1,$2,$3,$4,$5,CAST($6::text AS "public"."TransactionType"),$7,$8,$9,$10) RETURNING "public"."Category"."id", "public"."Category"."name", "public"."Category"."nameFa", "public"."Category"."icon", "public"."Category"."color", "public"."Category"."type"::text, "public"."Category"."isDefault", "public"."Category"."userId", "public"."Category"."createdAt", "public"."Category"."updatedAt"
prisma:query SELECT "public"."Category"."id", "public"."Category"."name", "public"."Category"."nameFa", "public"."Category"."icon", "public"."Category"."color", "public"."Category"."type"::text, "public"."Category"."isDefault", "public"."Category"."userId", "public"."Category"."createdAt", "public"."Category"."updatedAt" FROM "public"."Category" WHERE ("public"."Category"."name" = $1 AND "public"."Category"."userId" = $2) LIMIT $3 OFFSET $4
prisma:query INSERT INTO "public"."Category" ("id","name","nameFa","icon","color","type","isDefault","userId","createdAt","updatedAt") VALUES ($1,$2,$3,$4,$5,CAST($6::text AS "public"."TransactionType"),$7,$8,$9,$10) RETURNING "public"."Category"."id", "public"."Category"."name", "public"."Category"."nameFa", "public"."Category"."icon", "public"."Category"."color", "public"."Category"."type"::text, "public"."Category"."isDefault", "public"."Category"."userId", "public"."Category"."createdAt", "public"."Category"."updatedAt"
prisma:query SELECT "public"."Category"."id", "public"."Category"."name", "public"."Category"."nameFa", "public"."Category"."icon", "public"."Category"."color", "public"."Category"."type"::text, "public"."Category"."isDefault", "public"."Category"."userId", "public"."Category"."createdAt", "public"."Category"."updatedAt" FROM "public"."Category" WHERE ("public"."Category"."name" = $1 AND "public"."Category"."userId" = $2) LIMIT $3 OFFSET $4
prisma:query INSERT INTO "public"."Category" ("id","name","nameFa","icon","color","type","isDefault","userId","createdAt","updatedAt") VALUES ($1,$2,$3,$4,$5,CAST($6::text AS "public"."TransactionType"),$7,$8,$9,$10) RETURNING "public"."Category"."id", "public"."Category"."name", "public"."Category"."nameFa", "public"."Category"."icon", "public"."Category"."color", "public"."Category"."type"::text, "public"."Category"."isDefault", "public"."Category"."userId", "public"."Category"."createdAt", "public"."Category"."updatedAt"
 POST /api/auth/register 201 in 1027ms (next.js: 5ms, proxy.ts: 11ms, application-code: 1011ms)
[11:07:45 UTC] [32mINFO[39m: [36mUser registered[39m
    [35mservice[39m: "finance-app"
    [35muserId[39m: "cmspzjh6x004unuvsp4w9rx1d"
    [35memail[39m: "test1786532862038@example.com"
 GET /dashboard 200 in 817ms (next.js: 7ms, proxy.ts: 380ms, application-code: 429ms)
 GET /dashboard 200 in 493ms (next.js: 16ms, proxy.ts: 81ms, application-code: 397ms)
 GET /login?registered=true 200 in 208ms (next.js: 83ms, proxy.ts: 18ms, application-code: 107ms)
 GET /dashboard 200 in 806ms (next.js: 183ms, proxy.ts: 140ms, application-code: 483ms)
 GET /dashboard/transactions/new 200 in 253ms (next.js: 7ms, proxy.ts: 23ms, application-code: 223ms)
prisma:query SELECT SUM("amount") AS "_sum$amount", COUNT(*) AS "_count$_all" FROM (SELECT "public"."Transaction"."amount", "public"."Transaction"."id" FROM "public"."Transaction" WHERE ("public"."Transaction"."userId" = $1 AND "public"."Transaction"."type" = CAST($2::text AS "public"."TransactionType")) OFFSET $3) AS "sub"
 GET /api/auth/session 200 in 424ms (next.js: 117ms, proxy.ts: 160ms, application-code: 147ms)
prisma:query SELECT "public"."Transaction"."id", "public"."Transaction"."amount", "public"."Transaction"."type"::text, "public"."Transaction"."description", "public"."Transaction"."date", "public"."Transaction"."receiptUrl", "public"."Transaction"."userId", "public"."Transaction"."categoryId", "public"."Transaction"."createdAt", "public"."Transaction"."updatedAt" FROM "public"."Transaction" WHERE "public"."Transaction"."userId" = $1 ORDER BY "public"."Transaction"."date" DESC LIMIT $2 OFFSET $3
prisma:query SELECT SUM("amount") AS "_sum$amount", COUNT(*) AS "_count$_all" FROM (SELECT "public"."Transaction"."amount", "public"."Transaction"."id" FROM "public"."Transaction" WHERE ("public"."Transaction"."userId" = $1 AND "public"."Transaction"."type" = CAST($2::text AS "public"."TransactionType")) OFFSET $3) AS "sub"
prisma:query SELECT SUM("public"."Transaction"."amount") AS "_sum$amount", COUNT(*) AS "_count$_all", "public"."Transaction"."categoryId", "public"."Transaction"."type"::text FROM "public"."Transaction" WHERE "public"."Transaction"."userId" = $1 GROUP BY "public"."Transaction"."categoryId", "public"."Transaction"."type" ORDER BY SUM("public"."Transaction"."amount") DESC OFFSET $2
prisma:query SELECT "public"."Category"."id", "public"."Category"."name", "public"."Category"."nameFa", "public"."Category"."icon", "public"."Category"."color" FROM "public"."Category" WHERE "public"."Category"."id" IN ($1,$2,$3,$4,$5,$6) OFFSET $7
prisma:query SELECT "public"."Category"."id", "public"."Category"."name", "public"."Category"."nameFa", "public"."Category"."icon", "public"."Category"."color", "public"."Category"."type"::text FROM "public"."Category" WHERE ("public"."Category"."userId" = $1 OR "public"."Category"."userId" IS NULL) OFFSET $2
 GET /api/dashboard 200 in 664ms (next.js: 27ms, proxy.ts: 160ms, application-code: 477ms)
prisma:query SELECT SUM("amount") AS "_sum$amount", COUNT(*) AS "_count$_all" FROM (SELECT "public"."Transaction"."amount", "public"."Transaction"."id" FROM "public"."Transaction" WHERE ("public"."Transaction"."userId" = $1 AND "public"."Transaction"."type" = CAST($2::text AS "public"."TransactionType")) OFFSET $3) AS "sub"
prisma:query SELECT SUM("amount") AS "_sum$amount", COUNT(*) AS "_count$_all" FROM (SELECT "public"."Transaction"."amount", "public"."Transaction"."id" FROM "public"."Transaction" WHERE ("public"."Transaction"."userId" = $1 AND "public"."Transaction"."type" = CAST($2::text AS "public"."TransactionType")) OFFSET $3) AS "sub"
prisma:query SELECT SUM("public"."Transaction"."amount") AS "_sum$amount", COUNT(*) AS "_count$_all", "public"."Transaction"."categoryId", "public"."Transaction"."type"::text FROM "public"."Transaction" WHERE "public"."Transaction"."userId" = $1 GROUP BY "public"."Transaction"."categoryId", "public"."Transaction"."type" ORDER BY SUM("public"."Transaction"."amount") DESC OFFSET $2
prisma:query SELECT SUM("amount") AS "_sum$amount", COUNT(*) AS "_count$_all" FROM (SELECT "public"."Transaction"."amount", "public"."Transaction"."id" FROM "public"."Transaction" WHERE ("public"."Transaction"."userId" = $1 AND "public"."Transaction"."type" = CAST($2::text AS "public"."TransactionType")) OFFSET $3) AS "sub"
 GET /api/auth/session 200 in 396ms (next.js: 93ms, proxy.ts: 161ms, application-code: 142ms)
 GET /api/auth/session 200 in 397ms (next.js: 96ms, proxy.ts: 161ms, application-code: 140ms)
 GET /dashboard/transactions 200 in 324ms (next.js: 30ms, proxy.ts: 168ms, application-code: 126ms)
 GET /api/auth/session 200 in 330ms (next.js: 79ms, proxy.ts: 180ms, application-code: 71ms)
prisma:query SELECT "public"."Transaction"."id", "public"."Transaction"."amount", "public"."Transaction"."type"::text, "public"."Transaction"."description", "public"."Transaction"."date", "public"."Transaction"."receiptUrl", "public"."Transaction"."userId", "public"."Transaction"."categoryId", "public"."Transaction"."createdAt", "public"."Transaction"."updatedAt" FROM "public"."Transaction" WHERE "public"."Transaction"."userId" = $1 ORDER BY "public"."Transaction"."date" DESC LIMIT $2 OFFSET $3
prisma:query SELECT SUM("public"."Transaction"."amount") AS "_sum$amount", COUNT(*) AS "_count$_all", "public"."Transaction"."categoryId", "public"."Transaction"."type"::text FROM "public"."Transaction" WHERE "public"."Transaction"."userId" = $1 GROUP BY "public"."Transaction"."categoryId", "public"."Transaction"."type" ORDER BY SUM("public"."Transaction"."amount") DESC OFFSET $2
prisma:query SELECT SUM("amount") AS "_sum$amount", COUNT(*) AS "_count$_all" FROM (SELECT "public"."Transaction"."amount", "public"."Transaction"."id" FROM "public"."Transaction" WHERE ("public"."Transaction"."userId" = $1 AND "public"."Transaction"."type" = CAST($2::text AS "public"."TransactionType")) OFFSET $3) AS "sub"
prisma:query SELECT "public"."Transaction"."id", "public"."Transaction"."amount", "public"."Transaction"."type"::text, "public"."Transaction"."description", "public"."Transaction"."date", "public"."Transaction"."receiptUrl", "public"."Transaction"."userId", "public"."Transaction"."categoryId", "public"."Transaction"."createdAt", "public"."Transaction"."updatedAt" FROM "public"."Transaction" WHERE "public"."Transaction"."userId" = $1 ORDER BY "public"."Transaction"."date" DESC LIMIT $2 OFFSET $3
prisma:query SELECT "public"."Category"."id", "public"."Category"."name", "public"."Category"."nameFa", "public"."Category"."icon", "public"."Category"."color" FROM "public"."Category" WHERE "public"."Category"."id" IN ($1,$2,$3,$4,$5,$6) OFFSET $7
prisma:query SELECT "public"."Category"."id", "public"."Category"."name", "public"."Category"."nameFa", "public"."Category"."icon", "public"."Category"."color" FROM "public"."Category" WHERE "public"."Category"."id" IN ($1,$2,$3,$4,$5,$6) OFFSET $7
prisma:query SELECT "public"."Category"."id", "public"."Category"."name", "public"."Category"."nameFa", "public"."Category"."icon", "public"."Category"."color", "public"."Category"."type"::text FROM "public"."Category" WHERE ("public"."Category"."userId" = $1 OR "public"."Category"."userId" IS NULL) OFFSET $2
 GET /api/dashboard 200 in 539ms (next.js: 56ms, proxy.ts: 162ms, application-code: 321ms)
prisma:query SELECT "public"."Category"."id", "public"."Category"."name", "public"."Category"."nameFa", "public"."Category"."icon", "public"."Category"."color", "public"."Category"."type"::text FROM "public"."Category" WHERE ("public"."Category"."userId" = $1 OR "public"."Category"."userId" IS NULL) OFFSET $2
 GET /api/dashboard 200 in 570ms (next.js: 54ms, proxy.ts: 153ms, application-code: 362ms)
 GET /api/auth/session 200 in 283ms (next.js: 104ms, proxy.ts: 98ms, application-code: 81ms)
 GET /api/auth/session 200 in 277ms (next.js: 117ms, proxy.ts: 93ms, application-code: 67ms)
 GET /api/transactions?sortBy=date&sortOrder=desc&page=1&limit=20 400 in 121ms (next.js: 6ms, proxy.ts: 62ms, application-code: 53ms)
prisma:query SELECT "public"."Category"."id", "public"."Category"."name", "public"."Category"."nameFa", "public"."Category"."icon", "public"."Category"."color", "public"."Category"."type"::text, "public"."Category"."isDefault", "public"."Category"."userId", "public"."Category"."createdAt", "public"."Category"."updatedAt" FROM "public"."Category" WHERE ("public"."Category"."userId" = $1 OR "public"."Category"."userId" IS NULL) ORDER BY "public"."Category"."type" ASC, "public"."Category"."nameFa" ASC OFFSET $2
 GET /api/categories 200 in 158ms (next.js: 16ms, proxy.ts: 66ms, application-code: 77ms)
 GET /api/transactions?sortBy=date&sortOrder=desc&page=1&limit=20 400 in 135ms (next.js: 11ms, proxy.ts: 62ms, application-code: 63ms)
prisma:query SELECT "public"."Category"."id", "public"."Category"."name", "public"."Category"."nameFa", "public"."Category"."icon", "public"."Category"."color", "public"."Category"."type"::text, "public"."Category"."isDefault", "public"."Category"."userId", "public"."Category"."createdAt", "public"."Category"."updatedAt" FROM "public"."Category" WHERE ("public"."Category"."userId" = $1 OR "public"."Category"."userId" IS NULL) ORDER BY "public"."Category"."type" ASC, "public"."Category"."nameFa" ASC OFFSET $2
 GET /api/categories 200 in 124ms (next.js: 14ms, proxy.ts: 39ms, application-code: 71ms)
 GET /dashboard/categories 200 in 244ms (next.js: 75ms, proxy.ts: 66ms, application-code: 104ms)
prisma:query SELECT "public"."Category"."id", "public"."Category"."name", "public"."Category"."nameFa", "public"."Category"."icon", "public"."Category"."color", "public"."Category"."type"::text, "public"."Category"."isDefault", "public"."Category"."userId", "public"."Category"."createdAt", "public"."Category"."updatedAt" FROM "public"."Category" WHERE ("public"."Category"."userId" = $1 OR "public"."Category"."userId" IS NULL) ORDER BY "public"."Category"."type" ASC, "public"."Category"."nameFa" ASC OFFSET $2
 GET /api/categories 200 in 129ms (next.js: 14ms, proxy.ts: 59ms, application-code: 56ms)
 GET /api/auth/session 200 in 134ms (next.js: 29ms, proxy.ts: 58ms, application-code: 47ms)
prisma:query SELECT "public"."Category"."id", "public"."Category"."name", "public"."Category"."nameFa", "public"."Category"."icon", "public"."Category"."color", "public"."Category"."type"::text, "public"."Category"."isDefault", "public"."Category"."userId", "public"."Category"."createdAt", "public"."Category"."updatedAt" FROM "public"."Category" WHERE ("public"."Category"."userId" = $1 OR "public"."Category"."userId" IS NULL) ORDER BY "public"."Category"."type" ASC, "public"."Category"."nameFa" ASC OFFSET $2
 GET /api/categories 200 in 311ms (next.js: 23ms, proxy.ts: 37ms, application-code: 250ms)
 GET /login 200 in 423ms (next.js: 26ms, proxy.ts: 103ms, application-code: 293ms)
prisma:query SELECT "public"."Category"."id", "public"."Category"."name", "public"."Category"."nameFa", "public"."Category"."icon", "public"."Category"."type"::text FROM "public"."Category" WHERE (("public"."Category"."userId" = $1 OR "public"."Category"."userId" IS NULL) AND "public"."Category"."type" = CAST($2::text AS "public"."TransactionType")) OFFSET $3
prisma:query SELECT COUNT(*) AS "_count$_all" FROM (SELECT "public"."Category"."id" FROM "public"."Category" WHERE "public"."Category"."userId" = $1 OFFSET $2) AS "sub"
prisma:query SELECT "public"."Category"."id", "public"."Category"."name", "public"."Category"."nameFa", "public"."Category"."icon", "public"."Category"."type"::text FROM "public"."Category" WHERE (("public"."Category"."userId" = $1 OR "public"."Category"."userId" IS NULL) AND "public"."Category"."type" = CAST($2::text AS "public"."TransactionType")) OFFSET $3
 GET /api/auth/session 200 in 469ms (next.js: 139ms, proxy.ts: 187ms, application-code: 143ms)
 GET /dashboard/transactions 200 in 792ms (next.js: 166ms, proxy.ts: 53ms, application-code: 573ms)
 GET /login 200 in 392ms (next.js: 66ms, proxy.ts: 20ms, application-code: 307ms)
 GET /api/auth/session 200 in 146ms (next.js: 107ms, proxy.ts: 11ms, application-code: 28ms)
 GET /api/auth/session 200 in 40ms (next.js: 14ms, proxy.ts: 18ms, application-code: 7ms)
 POST /api/transactions/categorize 200 in 2.7s (next.js: 55ms, proxy.ts: 228ms, application-code: 2.4s)
[11:07:51 UTC] [33mWARN[39m: [36mZhipu categorization failed, using fallback[39m
    [35mservice[39m: "finance-app"
    [35muserId[39m: "cmspyvf2w0000u4vsyj6pjwgw"
    [35mdescription[39m: "تست تراکنش"
    error: {
      "status": 401,
      "headers": {},
      "requestID": null,
      "error": {
        "code": "401",
        "message": "令牌已过期或验证不正确"
      },
      "code": "401"
    }
[11:07:51 UTC] [33mWARN[39m: [36mZhipu categorization failed, using fallback[39m
    [35mservice[39m: "finance-app"
    [35muserId[39m: "cmspyvf2w0000u4vsyj6pjwgw"
    [35mdescription[39m: "تست تراکنش"
    error: {
      "status": 401,
      "headers": {},
      "requestID": null,
      "error": {
        "code": "401",
        "message": "令牌已过期或验证不正确"
      },
      "code": "401"
    }
prisma:query INSERT INTO "public"."Transaction" ("id","amount","type","description","date","userId","categoryId","createdAt","updatedAt") VALUES ($1,$2,CAST($3::text AS "public"."TransactionType"),$4,$5,$6,$7,$8,$9) RETURNING "public"."Transaction"."id"
prisma:query SELECT "public"."Transaction"."id", "public"."Transaction"."amount", "public"."Transaction"."type"::text, "public"."Transaction"."description", "public"."Transaction"."date", "public"."Transaction"."receiptUrl", "public"."Transaction"."userId", "public"."Transaction"."categoryId", "public"."Transaction"."createdAt", "public"."Transaction"."updatedAt" FROM "public"."Transaction" WHERE "public"."Transaction"."id" = $1 LIMIT $2 OFFSET $3
prisma:query SELECT "public"."Category"."id", "public"."Category"."name", "public"."Category"."nameFa", "public"."Category"."icon", "public"."Category"."color" FROM "public"."Category" WHERE "public"."Category"."id" = $1 OFFSET $2
prisma:query COMMIT
 POST /api/transactions 201 in 2.6s (next.js: 40ms, proxy.ts: 167ms, application-code: 2.4s)
[11:07:51 UTC] [32mINFO[39m: [36mTransaction created[39m
    [35mservice[39m: "finance-app"
    [35muserId[39m: "cmspyvf2w0000u4vsyj6pjwgw"
    [35mtransactionId[39m: "cmspzjlqf0056nuvsb5ud7tyr"
    [35mcategorization[39m: "fallback"
 GET /dashboard/transactions 200 in 98ms (next.js: 24ms, proxy.ts: 29ms, application-code: 45ms)
 GET /dashboard/transactions 200 in 190ms (next.js: 52ms, proxy.ts: 28ms, application-code: 110ms)
prisma:query SELECT "public"."Category"."id", "public"."Category"."name", "public"."Category"."nameFa", "public"."Category"."icon", "public"."Category"."color", "public"."Category"."type"::text, "public"."Category"."isDefault", "public"."Category"."userId", "public"."Category"."createdAt", "public"."Category"."updatedAt" FROM "public"."Category" WHERE ("public"."Category"."userId" = $1 OR "public"."Category"."userId" IS NULL) ORDER BY "public"."Category"."type" ASC, "public"."Category"."nameFa" ASC OFFSET $2
 GET /api/categories 200 in 105ms (next.js: 20ms, proxy.ts: 52ms, application-code: 33ms)
 GET /api/transactions?sortBy=date&sortOrder=desc&page=1&limit=20 400 in 108ms (next.js: 7ms, proxy.ts: 68ms, application-code: 34ms)
prisma:query SELECT "public"."Category"."id", "public"."Category"."name", "public"."Category"."nameFa", "public"."Category"."icon", "public"."Category"."color", "public"."Category"."type"::text, "public"."Category"."isDefault", "public"."Category"."userId", "public"."Category"."createdAt", "public"."Category"."updatedAt" FROM "public"."Category" WHERE ("public"."Category"."userId" = $1 OR "public"."Category"."userId" IS NULL) ORDER BY "public"."Category"."type" ASC, "public"."Category"."nameFa" ASC OFFSET $2
 GET /api/categories 200 in 92ms (next.js: 9ms, proxy.ts: 35ms, application-code: 48ms)
 GET /api/transactions?sortBy=date&sortOrder=desc&page=1&limit=20 400 in 83ms (next.js: 13ms, proxy.ts: 27ms, application-code: 43ms)
 GET /login?callbackUrl=%2Fdashboard 200 in 152ms (next.js: 5ms, proxy.ts: 40ms, application-code: 107ms)
 GET /login 200 in 172ms (next.js: 24ms, proxy.ts: 25ms, application-code: 122ms)
 GET /register 200 in 115ms (next.js: 11ms, proxy.ts: 15ms, application-code: 90ms)
 GET /api/auth/session 200 in 96ms (next.js: 68ms, proxy.ts: 10ms, application-code: 18ms)
 GET /api/auth/session 200 in 44ms (next.js: 21ms, proxy.ts: 10ms, application-code: 14ms)
 GET /api/auth/session 200 in 61ms (next.js: 34ms, proxy.ts: 9ms, application-code: 18ms)
 GET /api/auth/session 200 in 83ms (next.js: 10ms, proxy.ts: 18ms, application-code: 55ms)
 GET /api/auth/session 200 in 22ms (next.js: 8ms, proxy.ts: 6ms, application-code: 8ms)
 GET /api/auth/session 200 in 24ms (next.js: 8ms, proxy.ts: 8ms, application-code: 8ms)
 GET /register 200 in 146ms (next.js: 24ms, proxy.ts: 7ms, application-code: 115ms)
 GET /dashboard 200 in 549ms (next.js: 71ms, proxy.ts: 46ms, application-code: 431ms)
 GET /dashboard 200 in 423ms (next.js: 18ms, proxy.ts: 91ms, application-code: 314ms)
 GET /dashboard 200 in 583ms (next.js: 204ms, proxy.ts: 150ms, application-code: 229ms)
 GET /api/auth/session 200 in 221ms (next.js: 134ms, proxy.ts: 30ms, application-code: 57ms)
 GET /api/auth/session 200 in 129ms (next.js: 72ms, proxy.ts: 45ms, application-code: 11ms)
prisma:query SELECT SUM("amount") AS "_sum$amount", COUNT(*) AS "_count$_all" FROM (SELECT "public"."Transaction"."amount", "public"."Transaction"."id" FROM "public"."Transaction" WHERE ("public"."Transaction"."userId" = $1 AND "public"."Transaction"."type" = CAST($2::text AS "public"."TransactionType")) OFFSET $3) AS "sub"
prisma:query SELECT "public"."Transaction"."id", "public"."Transaction"."amount", "public"."Transaction"."type"::text, "public"."Transaction"."description", "public"."Transaction"."date", "public"."Transaction"."receiptUrl", "public"."Transaction"."userId", "public"."Transaction"."categoryId", "public"."Transaction"."createdAt", "public"."Transaction"."updatedAt" FROM "public"."Transaction" WHERE "public"."Transaction"."userId" = $1 ORDER BY "public"."Transaction"."date" DESC LIMIT $2 OFFSET $3
prisma:query SELECT SUM("amount") AS "_sum$amount", COUNT(*) AS "_count$_all" FROM (SELECT "public"."Transaction"."amount", "public"."Transaction"."id" FROM "public"."Transaction" WHERE ("public"."Transaction"."userId" = $1 AND "public"."Transaction"."type" = CAST($2::text AS "public"."TransactionType")) OFFSET $3) AS "sub"
prisma:query SELECT SUM("public"."Transaction"."amount") AS "_sum$amount", COUNT(*) AS "_count$_all", "public"."Transaction"."categoryId", "public"."Transaction"."type"::text FROM "public"."Transaction" WHERE "public"."Transaction"."userId" = $1 GROUP BY "public"."Transaction"."categoryId", "public"."Transaction"."type" ORDER BY SUM("public"."Transaction"."amount") DESC OFFSET $2
prisma:query SELECT "public"."Category"."id", "public"."Category"."name", "public"."Category"."nameFa", "public"."Category"."icon", "public"."Category"."color" FROM "public"."Category" WHERE "public"."Category"."id" IN ($1,$2,$3,$4,$5,$6,$7) OFFSET $8
prisma:query SELECT "public"."Category"."id", "public"."Category"."name", "public"."Category"."nameFa", "public"."Category"."icon", "public"."Category"."color", "public"."Category"."type"::text FROM "public"."Category" WHERE ("public"."Category"."userId" = $1 OR "public"."Category"."userId" IS NULL) OFFSET $2
 GET /api/dashboard 200 in 190ms (next.js: 8ms, proxy.ts: 99ms, application-code: 83ms)
 GET /api/auth/session 200 in 165ms (next.js: 28ms, proxy.ts: 71ms, application-code: 66ms)
prisma:query SELECT "public"."User"."id", "public"."User"."name", "public"."User"."email", "public"."User"."emailVerified", "public"."User"."passwordHash", "public"."User"."image", "public"."User"."createdAt", "public"."User"."updatedAt" FROM "public"."User" WHERE ("public"."User"."email" = $1 AND 1=1) LIMIT $2 OFFSET $3
prisma:query INSERT INTO "public"."User" ("id","name","email","passwordHash","createdAt","updatedAt") VALUES ($1,$2,$3,$4,$5,$6) RETURNING "public"."User"."id", "public"."User"."email", "public"."User"."name", "public"."User"."createdAt"
prisma:query SELECT "public"."Category"."id", "public"."Category"."name", "public"."Category"."nameFa", "public"."Category"."icon", "public"."Category"."color", "public"."Category"."type"::text, "public"."Category"."isDefault", "public"."Category"."userId", "public"."Category"."createdAt", "public"."Category"."updatedAt" FROM "public"."Category" WHERE ("public"."Category"."name" = $1 AND "public"."Category"."userId" = $2) LIMIT $3 OFFSET $4
prisma:query INSERT INTO "public"."Category" ("id","name","nameFa","icon","color","type","isDefault","userId","createdAt","updatedAt") VALUES ($1,$2,$3,$4,$5,CAST($6::text AS "public"."TransactionType"),$7,$8,$9,$10) RETURNING "public"."Category"."id", "public"."Category"."name", "public"."Category"."nameFa", "public"."Category"."icon", "public"."Category"."color", "public"."Category"."type"::text, "public"."Category"."isDefault", "public"."Category"."userId", "public"."Category"."createdAt", "public"."Category"."updatedAt"
prisma:query SELECT "public"."Category"."id", "public"."Category"."name", "public"."Category"."nameFa", "public"."Category"."icon", "public"."Category"."color", "public"."Category"."type"::text, "public"."Category"."isDefault", "public"."Category"."userId", "public"."Category"."createdAt", "public"."Category"."updatedAt" FROM "public"."Category" WHERE ("public"."Category"."name" = $1 AND "public"."Category"."userId" = $2) LIMIT $3 OFFSET $4
prisma:query INSERT INTO "public"."Category" ("id","name","nameFa","icon","color","type","isDefault","userId","createdAt","updatedAt") VALUES ($1,$2,$3,$4,$5,CAST($6::text AS "public"."TransactionType"),$7,$8,$9,$10) RETURNING "public"."Category"."id", "public"."Category"."name", "public"."Category"."nameFa", "public"."Category"."icon", "public"."Category"."color", "public"."Category"."type"::text, "public"."Category"."isDefault", "public"."Category"."userId", "public"."Category"."createdAt", "public"."Category"."updatedAt"
prisma:query SELECT SUM("amount") AS "_sum$amount", COUNT(*) AS "_count$_all" FROM (SELECT "public"."Transaction"."amount", "public"."Transaction"."id" FROM "public"."Transaction" WHERE ("public"."Transaction"."userId" = $1 AND "public"."Transaction"."type" = CAST($2::text AS "public"."TransactionType")) OFFSET $3) AS "sub"
prisma:query SELECT SUM("amount") AS "_sum$amount", COUNT(*) AS "_count$_all" FROM (SELECT "public"."Transaction"."amount", "public"."Transaction"."id" FROM "public"."Transaction" WHERE ("public"."Transaction"."userId" = $1 AND "public"."Transaction"."type" = CAST($2::text AS "public"."TransactionType")) OFFSET $3) AS "sub"
prisma:query SELECT "public"."Transaction"."id", "public"."Transaction"."amount", "public"."Transaction"."type"::text, "public"."Transaction"."description", "public"."Transaction"."date", "public"."Transaction"."receiptUrl", "public"."Transaction"."userId", "public"."Transaction"."categoryId", "public"."Transaction"."createdAt", "public"."Transaction"."updatedAt" FROM "public"."Transaction" WHERE "public"."Transaction"."userId" = $1 ORDER BY "public"."Transaction"."date" DESC LIMIT $2 OFFSET $3
prisma:query SELECT SUM("public"."Transaction"."amount") AS "_sum$amount", COUNT(*) AS "_count$_all", "public"."Transaction"."categoryId", "public"."Transaction"."type"::text FROM "public"."Transaction" WHERE "public"."Transaction"."userId" = $1 GROUP BY "public"."Transaction"."categoryId", "public"."Transaction"."type" ORDER BY SUM("public"."Transaction"."amount") DESC OFFSET $2
prisma:query SELECT "public"."Category"."id", "public"."Category"."name", "public"."Category"."nameFa", "public"."Category"."icon", "public"."Category"."color" FROM "public"."Category" WHERE "public"."Category"."id" IN ($1,$2,$3,$4,$5,$6,$7) OFFSET $8
prisma:query SELECT "public"."Category"."id", "public"."Category"."name", "public"."Category"."nameFa", "public"."Category"."icon", "public"."Category"."color", "public"."Category"."type"::text, "public"."Category"."isDefault", "public"."Category"."userId", "public"."Category"."createdAt", "public"."Category"."updatedAt" FROM "public"."Category" WHERE ("public"."Category"."name" = $1 AND "public"."Category"."userId" = $2) LIMIT $3 OFFSET $4
 GET /api/auth/session 200 in 1080ms (next.js: 332ms, proxy.ts: 506ms, application-code: 241ms)
prisma:query SELECT "public"."Category"."id", "public"."Category"."name", "public"."Category"."nameFa", "public"."Category"."icon", "public"."Category"."color", "public"."Category"."type"::text FROM "public"."Category" WHERE ("public"."Category"."userId" = $1 OR "public"."Category"."userId" IS NULL) OFFSET $2
 GET /api/dashboard 200 in 1088ms (next.js: 245ms, proxy.ts: 507ms, application-code: 337ms)
prisma:query INSERT INTO "public"."Category" ("id","name","nameFa","icon","color","type","isDefault","userId","createdAt","updatedAt") VALUES ($1,$2,$3,$4,$5,CAST($6::text AS "public"."TransactionType"),$7,$8,$9,$10) RETURNING "public"."Category"."id", "public"."Category"."name", "public"."Category"."nameFa", "public"."Category"."icon", "public"."Category"."color", "public"."Category"."type"::text, "public"."Category"."isDefault", "public"."Category"."userId", "public"."Category"."createdAt", "public"."Category"."updatedAt"
prisma:query SELECT "public"."Category"."id", "public"."Category"."name", "public"."Category"."nameFa", "public"."Category"."icon", "public"."Category"."color", "public"."Category"."type"::text, "public"."Category"."isDefault", "public"."Category"."userId", "public"."Category"."createdAt", "public"."Category"."updatedAt" FROM "public"."Category" WHERE ("public"."Category"."name" = $1 AND "public"."Category"."userId" = $2) LIMIT $3 OFFSET $4
prisma:query INSERT INTO "public"."Category" ("id","name","nameFa","icon","color","type","isDefault","userId","createdAt","updatedAt") VALUES ($1,$2,$3,$4,$5,CAST($6::text AS "public"."TransactionType"),$7,$8,$9,$10) RETURNING "public"."Category"."id", "public"."Category"."name", "public"."Category"."nameFa", "public"."Category"."icon", "public"."Category"."color", "public"."Category"."type"::text, "public"."Category"."isDefault", "public"."Category"."userId", "public"."Category"."createdAt", "public"."Category"."updatedAt"
prisma:query SELECT "public"."Category"."id", "public"."Category"."name", "public"."Category"."nameFa", "public"."Category"."icon", "public"."Category"."color", "public"."Category"."type"::text, "public"."Category"."isDefault", "public"."Category"."userId", "public"."Category"."createdAt", "public"."Category"."updatedAt" FROM "public"."Category" WHERE ("public"."Category"."name" = $1 AND "public"."Category"."userId" = $2) LIMIT $3 OFFSET $4
 GET /dashboard/transactions 200 in 853ms (next.js: 124ms, proxy.ts: 587ms, application-code: 142ms)
prisma:query INSERT INTO "public"."Category" ("id","name","nameFa","icon","color","type","isDefault","userId","createdAt","updatedAt") VALUES ($1,$2,$3,$4,$5,CAST($6::text AS "public"."TransactionType"),$7,$8,$9,$10) RETURNING "public"."Category"."id", "public"."Category"."name", "public"."Category"."nameFa", "public"."Category"."icon", "public"."Category"."color", "public"."Category"."type"::text, "public"."Category"."isDefault", "public"."Category"."userId", "public"."Category"."createdAt", "public"."Category"."updatedAt"
prisma:query SELECT "public"."Category"."id", "public"."Category"."name", "public"."Category"."nameFa", "public"."Category"."icon", "public"."Category"."color", "public"."Category"."type"::text, "public"."Category"."isDefault", "public"."Category"."userId", "public"."Category"."createdAt", "public"."Category"."updatedAt" FROM "public"."Category" WHERE ("public"."Category"."name" = $1 AND "public"."Category"."userId" = $2) LIMIT $3 OFFSET $4
prisma:query INSERT INTO "public"."Category" ("id","name","nameFa","icon","color","type","isDefault","userId","createdAt","updatedAt") VALUES ($1,$2,$3,$4,$5,CAST($6::text AS "public"."TransactionType"),$7,$8,$9,$10) RETURNING "public"."Category"."id", "public"."Category"."name", "public"."Category"."nameFa", "public"."Category"."icon", "public"."Category"."color", "public"."Category"."type"::text, "public"."Category"."isDefault", "public"."Category"."userId", "public"."Category"."createdAt", "public"."Category"."updatedAt"
prisma:query SELECT SUM("amount") AS "_sum$amount", COUNT(*) AS "_count$_all" FROM (SELECT "public"."Transaction"."amount", "public"."Transaction"."id" FROM "public"."Transaction" WHERE ("public"."Transaction"."userId" = $1 AND "public"."Transaction"."type" = CAST($2::text AS "public"."TransactionType")) OFFSET $3) AS "sub"
prisma:query SELECT SUM("amount") AS "_sum$amount", COUNT(*) AS "_count$_all" FROM (SELECT "public"."Transaction"."amount", "public"."Transaction"."id" FROM "public"."Transaction" WHERE ("public"."Transaction"."userId" = $1 AND "public"."Transaction"."type" = CAST($2::text AS "public"."TransactionType")) OFFSET $3) AS "sub"
prisma:query SELECT "public"."Transaction"."id", "public"."Transaction"."amount", "public"."Transaction"."type"::text, "public"."Transaction"."description", "public"."Transaction"."date", "public"."Transaction"."receiptUrl", "public"."Transaction"."userId", "public"."Transaction"."categoryId", "public"."Transaction"."createdAt", "public"."Transaction"."updatedAt" FROM "public"."Transaction" WHERE "public"."Transaction"."userId" = $1 ORDER BY "public"."Transaction"."date" DESC LIMIT $2 OFFSET $3
prisma:query SELECT SUM("public"."Transaction"."amount") AS "_sum$amount", COUNT(*) AS "_count$_all", "public"."Transaction"."categoryId", "public"."Transaction"."type"::text FROM "public"."Transaction" WHERE "public"."Transaction"."userId" = $1 GROUP BY "public"."Transaction"."categoryId", "public"."Transaction"."type" ORDER BY SUM("public"."Transaction"."amount") DESC OFFSET $2
prisma:query SELECT "public"."Category"."id", "public"."Category"."name", "public"."Category"."nameFa", "public"."Category"."icon", "public"."Category"."color", "public"."Category"."type"::text, "public"."Category"."isDefault", "public"."Category"."userId", "public"."Category"."createdAt", "public"."Category"."updatedAt" FROM "public"."Category" WHERE ("public"."Category"."name" = $1 AND "public"."Category"."userId" = $2) LIMIT $3 OFFSET $4
prisma:query SELECT "public"."Category"."id", "public"."Category"."name", "public"."Category"."nameFa", "public"."Category"."icon", "public"."Category"."color" FROM "public"."Category" WHERE "public"."Category"."id" IN ($1,$2,$3,$4,$5,$6,$7) OFFSET $8
prisma:query SELECT "public"."Category"."id", "public"."Category"."name", "public"."Category"."nameFa", "public"."Category"."icon", "public"."Category"."color", "public"."Category"."type"::text FROM "public"."Category" WHERE ("public"."Category"."userId" = $1 OR "public"."Category"."userId" IS NULL) OFFSET $2
 GET /api/dashboard 200 in 690ms (next.js: 37ms, proxy.ts: 286ms, application-code: 367ms)
 GET /api/auth/session 200 in 696ms (next.js: 200ms, proxy.ts: 287ms, application-code: 209ms)
 GET /dashboard/categories 200 in 428ms (next.js: 68ms, proxy.ts: 241ms, application-code: 119ms)
prisma:query INSERT INTO "public"."Category" ("id","name","nameFa","icon","color","type","isDefault","userId","createdAt","updatedAt") VALUES ($1,$2,$3,$4,$5,CAST($6::text AS "public"."TransactionType"),$7,$8,$9,$10) RETURNING "public"."Category"."id", "public"."Category"."name", "public"."Category"."nameFa", "public"."Category"."icon", "public"."Category"."color", "public"."Category"."type"::text, "public"."Category"."isDefault", "public"."Category"."userId", "public"."Category"."createdAt", "public"."Category"."updatedAt"
prisma:query SELECT "public"."Category"."id", "public"."Category"."name", "public"."Category"."nameFa", "public"."Category"."icon", "public"."Category"."color", "public"."Category"."type"::text, "public"."Category"."isDefault", "public"."Category"."userId", "public"."Category"."createdAt", "public"."Category"."updatedAt" FROM "public"."Category" WHERE ("public"."Category"."name" = $1 AND "public"."Category"."userId" = $2) LIMIT $3 OFFSET $4
prisma:query INSERT INTO "public"."Category" ("id","name","nameFa","icon","color","type","isDefault","userId","createdAt","updatedAt") VALUES ($1,$2,$3,$4,$5,CAST($6::text AS "public"."TransactionType"),$7,$8,$9,$10) RETURNING "public"."Category"."id", "public"."Category"."name", "public"."Category"."nameFa", "public"."Category"."icon", "public"."Category"."color", "public"."Category"."type"::text, "public"."Category"."isDefault", "public"."Category"."userId", "public"."Category"."createdAt", "public"."Category"."updatedAt"
prisma:query SELECT "public"."Category"."id", "public"."Category"."name", "public"."Category"."nameFa", "public"."Category"."icon", "public"."Category"."color", "public"."Category"."type"::text, "public"."Category"."isDefault", "public"."Category"."userId", "public"."Category"."createdAt", "public"."Category"."updatedAt" FROM "public"."Category" WHERE ("public"."Category"."name" = $1 AND "public"."Category"."userId" = $2) LIMIT $3 OFFSET $4
prisma:query INSERT INTO "public"."Category" ("id","name","nameFa","icon","color","type","isDefault","userId","createdAt","updatedAt") VALUES ($1,$2,$3,$4,$5,CAST($6::text AS "public"."TransactionType"),$7,$8,$9,$10) RETURNING "public"."Category"."id", "public"."Category"."name", "public"."Category"."nameFa", "public"."Category"."icon", "public"."Category"."color", "public"."Category"."type"::text, "public"."Category"."isDefault", "public"."Category"."userId", "public"."Category"."createdAt", "public"."Category"."updatedAt"
prisma:query SELECT "public"."Category"."id", "public"."Category"."name", "public"."Category"."nameFa", "public"."Category"."icon", "public"."Category"."color", "public"."Category"."type"::text, "public"."Category"."isDefault", "public"."Category"."userId", "public"."Category"."createdAt", "public"."Category"."updatedAt" FROM "public"."Category" WHERE ("public"."Category"."name" = $1 AND "public"."Category"."userId" = $2) LIMIT $3 OFFSET $4
prisma:query INSERT INTO "public"."Category" ("id","name","nameFa","icon","color","type","isDefault","userId","createdAt","updatedAt") VALUES ($1,$2,$3,$4,$5,CAST($6::text AS "public"."TransactionType"),$7,$8,$9,$10) RETURNING "public"."Category"."id", "public"."Category"."name", "public"."Category"."nameFa", "public"."Category"."icon", "public"."Category"."color", "public"."Category"."type"::text, "public"."Category"."isDefault", "public"."Category"."userId", "public"."Category"."createdAt", "public"."Category"."updatedAt"
prisma:query SELECT "public"."Category"."id", "public"."Category"."name", "public"."Category"."nameFa", "public"."Category"."icon", "public"."Category"."color", "public"."Category"."type"::text, "public"."Category"."isDefault", "public"."Category"."userId", "public"."Category"."createdAt", "public"."Category"."updatedAt" FROM "public"."Category" WHERE ("public"."Category"."name" = $1 AND "public"."Category"."userId" = $2) LIMIT $3 OFFSET $4
 GET /api/auth/session 200 in 336ms (next.js: 25ms, proxy.ts: 215ms, application-code: 96ms)
 GET /dashboard/transactions/new 200 in 838ms (next.js: 39ms, proxy.ts: 288ms, application-code: 511ms)
prisma:query INSERT INTO "public"."Category" ("id","name","nameFa","icon","color","type","isDefault","userId","createdAt","updatedAt") VALUES ($1,$2,$3,$4,$5,CAST($6::text AS "public"."TransactionType"),$7,$8,$9,$10) RETURNING "public"."Category"."id", "public"."Category"."name", "public"."Category"."nameFa", "public"."Category"."icon", "public"."Category"."color", "public"."Category"."type"::text, "public"."Category"."isDefault", "public"."Category"."userId", "public"."Category"."createdAt", "public"."Category"."updatedAt"
 POST /api/auth/register 201 in 1376ms (next.js: 20ms, proxy.ts: 17ms, application-code: 1339ms)
[11:07:57 UTC] [32mINFO[39m: [36mUser registered[39m
    [35mservice[39m: "finance-app"
    [35muserId[39m: "cmspzjq8i0057nuvsykz1ngh9"
    [35memail[39m: "test1786532874199@example.com"
prisma:query SELECT "public"."Category"."id", "public"."Category"."name", "public"."Category"."nameFa", "public"."Category"."icon", "public"."Category"."color", "public"."Category"."type"::text, "public"."Category"."isDefault", "public"."Category"."userId", "public"."Category"."createdAt", "public"."Category"."updatedAt" FROM "public"."Category" WHERE ("public"."Category"."userId" = $1 OR "public"."Category"."userId" IS NULL) ORDER BY "public"."Category"."type" ASC, "public"."Category"."nameFa" ASC OFFSET $2
 GET /api/categories 200 in 266ms (next.js: 20ms, proxy.ts: 98ms, application-code: 148ms)
 GET /api/transactions?sortBy=date&sortOrder=desc&page=1&limit=20 400 in 258ms (next.js: 33ms, proxy.ts: 90ms, application-code: 135ms)
 GET /login?registered=true 200 in 155ms (next.js: 17ms, proxy.ts: 21ms, application-code: 117ms)
 GET /api/auth/session 200 in 363ms (next.js: 130ms, proxy.ts: 137ms, application-code: 96ms)
prisma:query SELECT "public"."Category"."id", "public"."Category"."name", "public"."Category"."nameFa", "public"."Category"."icon", "public"."Category"."color", "public"."Category"."type"::text, "public"."Category"."isDefault", "public"."Category"."userId", "public"."Category"."createdAt", "public"."Category"."updatedAt" FROM "public"."Category" WHERE ("public"."Category"."userId" = $1 OR "public"."Category"."userId" IS NULL) ORDER BY "public"."Category"."type" ASC, "public"."Category"."nameFa" ASC OFFSET $2
prisma:query SELECT "public"."Category"."id", "public"."Category"."name", "public"."Category"."nameFa", "public"."Category"."icon", "public"."Category"."color", "public"."Category"."type"::text, "public"."Category"."isDefault", "public"."Category"."userId", "public"."Category"."createdAt", "public"."Category"."updatedAt" FROM "public"."Category" WHERE ("public"."Category"."userId" = $1 OR "public"."Category"."userId" IS NULL) ORDER BY "public"."Category"."type" ASC, "public"."Category"."nameFa" ASC OFFSET $2
 GET /api/categories 200 in 214ms (next.js: 15ms, proxy.ts: 158ms, application-code: 41ms)
prisma:query SELECT "public"."Category"."id", "public"."Category"."name", "public"."Category"."nameFa", "public"."Category"."icon", "public"."Category"."color", "public"."Category"."type"::text, "public"."Category"."isDefault", "public"."Category"."userId", "public"."Category"."createdAt", "public"."Category"."updatedAt" FROM "public"."Category" WHERE ("public"."Category"."userId" = $1 OR "public"."Category"."userId" IS NULL) ORDER BY "public"."Category"."type" ASC, "public"."Category"."nameFa" ASC OFFSET $2
 GET /api/categories 200 in 88ms (next.js: 5ms, proxy.ts: 23ms, application-code: 60ms)
 GET /login 200 in 266ms (next.js: 17ms, proxy.ts: 10ms, application-code: 239ms)
 GET /login 200 in 237ms (next.js: 25ms, proxy.ts: 38ms, application-code: 174ms)
 GET /dashboard/transactions 200 in 645ms (next.js: 71ms, proxy.ts: 42ms, application-code: 532ms)
prisma:query SELECT "public"."Category"."id", "public"."Category"."name", "public"."Category"."nameFa", "public"."Category"."icon", "public"."Category"."color", "public"."Category"."type"::text, "public"."Category"."isDefault", "public"."Category"."userId", "public"."Category"."createdAt", "public"."Category"."updatedAt" FROM "public"."Category" WHERE ("public"."Category"."userId" = $1 OR "public"."Category"."userId" IS NULL) ORDER BY "public"."Category"."type" ASC, "public"."Category"."nameFa" ASC OFFSET $2
 GET /api/categories 200 in 465ms (next.js: 69ms, proxy.ts: 200ms, application-code: 196ms)
 GET /api/auth/session 200 in 514ms (next.js: 138ms, proxy.ts: 221ms, application-code: 156ms)
prisma:query SELECT "public"."Category"."id", "public"."Category"."name", "public"."Category"."nameFa", "public"."Category"."icon", "public"."Category"."type"::text FROM "public"."Category" WHERE (("public"."Category"."userId" = $1 OR "public"."Category"."userId" IS NULL) AND "public"."Category"."type" = CAST($2::text AS "public"."TransactionType")) OFFSET $3
prisma:query SELECT COUNT(*) AS "_count$_all" FROM (SELECT "public"."Category"."id" FROM "public"."Category" WHERE "public"."Category"."userId" = $1 OFFSET $2) AS "sub"
prisma:query SELECT "public"."Category"."id", "public"."Category"."name", "public"."Category"."nameFa", "public"."Category"."icon", "public"."Category"."type"::text FROM "public"."Category" WHERE (("public"."Category"."userId" = $1 OR "public"."Category"."userId" IS NULL) AND "public"."Category"."type" = CAST($2::text AS "public"."TransactionType")) OFFSET $3
 GET /api/auth/session 200 in 121ms (next.js: 26ms, proxy.ts: 70ms, application-code: 25ms)
 GET /api/auth/session 200 in 34ms (next.js: 16ms, proxy.ts: 7ms, application-code: 11ms)
 GET /api/auth/session 200 in 65ms (next.js: 41ms, proxy.ts: 14ms, application-code: 10ms)
 GET /api/auth/session 200 in 77ms (next.js: 44ms, proxy.ts: 18ms, application-code: 15ms)
 GET /api/auth/session 200 in 63ms (next.js: 39ms, proxy.ts: 15ms, application-code: 9ms)
 GET /api/transactions?sortBy=date&sortOrder=desc&page=1&limit=20 400 in 175ms (next.js: 33ms, proxy.ts: 86ms, application-code: 55ms)
prisma:query SELECT "public"."Category"."id", "public"."Category"."name", "public"."Category"."nameFa", "public"."Category"."icon", "public"."Category"."color", "public"."Category"."type"::text, "public"."Category"."isDefault", "public"."Category"."userId", "public"."Category"."createdAt", "public"."Category"."updatedAt" FROM "public"."Category" WHERE ("public"."Category"."userId" = $1 OR "public"."Category"."userId" IS NULL) ORDER BY "public"."Category"."type" ASC, "public"."Category"."nameFa" ASC OFFSET $2
 GET /api/categories 200 in 185ms (next.js: 33ms, proxy.ts: 83ms, application-code: 69ms)
 GET /api/auth/session 200 in 181ms (next.js: 41ms, proxy.ts: 92ms, application-code: 49ms)
 GET /api/auth/session 200 in 41ms (next.js: 7ms, proxy.ts: 14ms, application-code: 20ms)
 POST /api/transactions/categorize 200 in 2.8s (next.js: 24ms, proxy.ts: 208ms, application-code: 2.6s)
[11:08:01 UTC] [33mWARN[39m: [36mZhipu categorization failed, using fallback[39m
    [35mservice[39m: "finance-app"
    [35muserId[39m: "cmspyvf2w0000u4vsyj6pjwgw"
    [35mdescription[39m: "تست تراکنش"
    error: {
      "status": 401,
      "headers": {},
      "requestID": null,
      "error": {
        "code": "401",
        "message": "令牌已过期或验证不正确"
      },
      "code": "401"
    }
[11:08:01 UTC] [33mWARN[39m: [36mZhipu categorization failed, using fallback[39m
    [35mservice[39m: "finance-app"
    [35muserId[39m: "cmspyvf2w0000u4vsyj6pjwgw"
    [35mdescription[39m: "تست تراکنش"
    error: {
      "status": 401,
      "headers": {},
      "requestID": null,
      "error": {
        "code": "401",
        "message": "令牌已过期或验证不正确"
      },
      "code": "401"
    }
prisma:query INSERT INTO "public"."Transaction" ("id","amount","type","description","date","userId","categoryId","createdAt","updatedAt") VALUES ($1,$2,CAST($3::text AS "public"."TransactionType"),$4,$5,$6,$7,$8,$9) RETURNING "public"."Transaction"."id"
prisma:query SELECT "public"."Transaction"."id", "public"."Transaction"."amount", "public"."Transaction"."type"::text, "public"."Transaction"."description", "public"."Transaction"."date", "public"."Transaction"."receiptUrl", "public"."Transaction"."userId", "public"."Transaction"."categoryId", "public"."Transaction"."createdAt", "public"."Transaction"."updatedAt" FROM "public"."Transaction" WHERE "public"."Transaction"."id" = $1 LIMIT $2 OFFSET $3
prisma:query SELECT "public"."Category"."id", "public"."Category"."name", "public"."Category"."nameFa", "public"."Category"."icon", "public"."Category"."color" FROM "public"."Category" WHERE "public"."Category"."id" = $1 OFFSET $2
prisma:query COMMIT
 POST /api/transactions 201 in 2.7s (next.js: 20ms, proxy.ts: 168ms, application-code: 2.5s)
[11:08:01 UTC] [32mINFO[39m: [36mTransaction created[39m
    [35mservice[39m: "finance-app"
    [35muserId[39m: "cmspyvf2w0000u4vsyj6pjwgw"
    [35mtransactionId[39m: "cmspzju2c005jnuvs6l9prg7w"
    [35mcategorization[39m: "fallback"
 GET /dashboard/transactions 200 in 61ms (next.js: 18ms, proxy.ts: 17ms, application-code: 26ms)
 GET /dashboard/transactions 200 in 127ms (next.js: 32ms, proxy.ts: 16ms, application-code: 79ms)
 GET /api/transactions?sortBy=date&sortOrder=desc&page=1&limit=20 400 in 47ms (next.js: 8ms, proxy.ts: 20ms, application-code: 19ms)
prisma:query SELECT "public"."Category"."id", "public"."Category"."name", "public"."Category"."nameFa", "public"."Category"."icon", "public"."Category"."color", "public"."Category"."type"::text, "public"."Category"."isDefault", "public"."Category"."userId", "public"."Category"."createdAt", "public"."Category"."updatedAt" FROM "public"."Category" WHERE ("public"."Category"."userId" = $1 OR "public"."Category"."userId" IS NULL) ORDER BY "public"."Category"."type" ASC, "public"."Category"."nameFa" ASC OFFSET $2
 GET /api/categories 200 in 56ms (next.js: 5ms, proxy.ts: 21ms, application-code: 30ms)
 GET /api/transactions?sortBy=date&sortOrder=desc&page=1&limit=20 400 in 56ms (next.js: 6ms, proxy.ts: 28ms, application-code: 23ms)
prisma:query SELECT "public"."Category"."id", "public"."Category"."name", "public"."Category"."nameFa", "public"."Category"."icon", "public"."Category"."color", "public"."Category"."type"::text, "public"."Category"."isDefault", "public"."Category"."userId", "public"."Category"."createdAt", "public"."Category"."updatedAt" FROM "public"."Category" WHERE ("public"."Category"."userId" = $1 OR "public"."Category"."userId" IS NULL) ORDER BY "public"."Category"."type" ASC, "public"."Category"."nameFa" ASC OFFSET $2
 GET /api/categories 200 in 61ms (next.js: 9ms, proxy.ts: 28ms, application-code: 24ms)
 GET /login 200 in 61ms (next.js: 3ms, proxy.ts: 4ms, application-code: 53ms)
 GET / 307 in 108ms (next.js: 37ms, proxy.ts: 4ms, application-code: 67ms)
 GET /login 200 in 84ms (next.js: 34ms, proxy.ts: 5ms, application-code: 46ms)
 GET / 307 in 132ms (next.js: 7ms, proxy.ts: 11ms, application-code: 113ms)
 GET /login 200 in 89ms (next.js: 4ms, proxy.ts: 6ms, application-code: 78ms)
 GET /api/auth/session 200 in 55ms (next.js: 44ms, proxy.ts: 4ms, application-code: 7ms)
 GET /api/auth/session 200 in 18ms (next.js: 5ms, proxy.ts: 5ms, application-code: 9ms)
 GET /api/auth/providers 200 in 68ms (next.js: 46ms, proxy.ts: 9ms, application-code: 13ms)
 GET /api/auth/csrf 200 in 18ms (next.js: 5ms, proxy.ts: 6ms, application-code: 6ms)
[31m[auth][error][0m CallbackRouteError: Read more at https://errors.authjs.dev#callbackrouteerror
[31m[auth][cause][0m: Error: ایمیل و رمز عبور الزامی هستند
    at Object.authorize (/home/ashimashi/ai-financial-analyst/.next/dev/server/chunks/[root-of-the-server]__0sjwj-7._.js:449:27)
    at Module.callback (/home/ashimashi/ai-financial-analyst/.next/dev/server/chunks/node_modules_@auth_core_09h2y9.._.js:4318:54)
    at AuthInternal (/home/ashimashi/ai-financial-analyst/.next/dev/server/chunks/node_modules_@auth_core_09h2y9.._.js:5181:209)
    at async Auth (/home/ashimashi/ai-financial-analyst/.next/dev/server/chunks/node_modules_@auth_core_09h2y9.._.js:5403:34)
    at async AppRouteRouteModule.do (/home/ashimashi/ai-financial-analyst/node_modules/next/dist/compiled/next-server/app-route-turbo.runtime.dev.js:5:40115)
    at async AppRouteRouteModule.handle (/home/ashimashi/ai-financial-analyst/node_modules/next/dist/compiled/next-server/app-route-turbo.runtime.dev.js:5:47395)
    at async responseGenerator (/home/ashimashi/ai-financial-analyst/.next/dev/server/chunks/node_modules_next_05fqyxl._.js:18340:38)
    at async AppRouteRouteModule.handleResponse (/home/ashimashi/ai-financial-analyst/node_modules/next/dist/compiled/next-server/app-route-turbo.runtime.dev.js:1:228552)
    at async handleResponse (/home/ashimashi/ai-financial-analyst/.next/dev/server/chunks/node_modules_next_05fqyxl._.js:18403:32)
    at async Module.handler (/home/ashimashi/ai-financial-analyst/.next/dev/server/chunks/node_modules_next_05fqyxl._.js:18457:13)
    at async DevServer.renderToResponseWithComponentsImpl (/home/ashimashi/ai-financial-analyst/node_modules/next/dist/server/base-server.js:1462:9)
    at async DevServer.renderPageComponent (/home/ashimashi/ai-financial-analyst/node_modules/next/dist/server/base-server.js:1514:24)
    at async DevServer.renderToResponseImpl (/home/ashimashi/ai-financial-analyst/node_modules/next/dist/server/base-server.js:1564:32)
    at async DevServer.pipeImpl (/home/ashimashi/ai-financial-analyst/node_modules/next/dist/server/base-server.js:1044:25)
    at async NextNodeServer.handleCatchallRenderRequest (/home/ashimashi/ai-financial-analyst/node_modules/next/dist/server/next-server.js:338:17)
    at async DevServer.handleRequestImpl (/home/ashimashi/ai-financial-analyst/node_modules/next/dist/server/base-server.js:935:17)
    at async /home/ashimashi/ai-financial-analyst/node_modules/next/dist/server/dev/next-dev-server.js:394:20
    at async Span.traceAsyncFn (/home/ashimashi/ai-financial-analyst/node_modules/next/dist/trace/trace.js:164:20)
    at async DevServer.handleRequest (/home/ashimashi/ai-financial-analyst/node_modules/next/dist/server/dev/next-dev-server.js:390:24)
    at async invokeRender (/home/ashimashi/ai-financial-analyst/node_modules/next/dist/server/lib/router-server.js:266:21)
    at async handleRequest (/home/ashimashi/ai-financial-analyst/node_modules/next/dist/server/lib/router-server.js:465:24)
    at async requestHandlerImpl (/home/ashimashi/ai-financial-analyst/node_modules/next/dist/server/lib/router-server.js:514:13)
    at async Server.requestListener (/home/ashimashi/ai-financial-analyst/node_modules/next/dist/server/lib/start-server.js:225:13)
[31m[auth][details][0m: {
  "provider": "credentials"
}
 POST /api/auth/callback/credentials? 200 in 28ms (next.js: 8ms, proxy.ts: 6ms, application-code: 14ms)
 GET /api/auth/session 200 in 16ms (next.js: 4ms, proxy.ts: 6ms, application-code: 5ms)
 GET /register 200 in 58ms (next.js: 14ms, proxy.ts: 15ms, application-code: 29ms)
prisma:query SELECT "public"."User"."id", "public"."User"."name", "public"."User"."email", "public"."User"."emailVerified", "public"."User"."passwordHash", "public"."User"."image", "public"."User"."createdAt", "public"."User"."updatedAt" FROM "public"."User" WHERE ("public"."User"."email" = $1 AND 1=1) LIMIT $2 OFFSET $3
prisma:query INSERT INTO "public"."User" ("id","name","email","passwordHash","createdAt","updatedAt") VALUES ($1,$2,$3,$4,$5,$6) RETURNING "public"."User"."id", "public"."User"."email", "public"."User"."name", "public"."User"."createdAt"
prisma:query SELECT "public"."Category"."id", "public"."Category"."name", "public"."Category"."nameFa", "public"."Category"."icon", "public"."Category"."color", "public"."Category"."type"::text, "public"."Category"."isDefault", "public"."Category"."userId", "public"."Category"."createdAt", "public"."Category"."updatedAt" FROM "public"."Category" WHERE ("public"."Category"."name" = $1 AND "public"."Category"."userId" = $2) LIMIT $3 OFFSET $4
prisma:query INSERT INTO "public"."Category" ("id","name","nameFa","icon","color","type","isDefault","userId","createdAt","updatedAt") VALUES ($1,$2,$3,$4,$5,CAST($6::text AS "public"."TransactionType"),$7,$8,$9,$10) RETURNING "public"."Category"."id", "public"."Category"."name", "public"."Category"."nameFa", "public"."Category"."icon", "public"."Category"."color", "public"."Category"."type"::text, "public"."Category"."isDefault", "public"."Category"."userId", "public"."Category"."createdAt", "public"."Category"."updatedAt"
prisma:query SELECT "public"."Category"."id", "public"."Category"."name", "public"."Category"."nameFa", "public"."Category"."icon", "public"."Category"."color", "public"."Category"."type"::text, "public"."Category"."isDefault", "public"."Category"."userId", "public"."Category"."createdAt", "public"."Category"."updatedAt" FROM "public"."Category" WHERE ("public"."Category"."name" = $1 AND "public"."Category"."userId" = $2) LIMIT $3 OFFSET $4
prisma:query INSERT INTO "public"."Category" ("id","name","nameFa","icon","color","type","isDefault","userId","createdAt","updatedAt") VALUES ($1,$2,$3,$4,$5,CAST($6::text AS "public"."TransactionType"),$7,$8,$9,$10) RETURNING "public"."Category"."id", "public"."Category"."name", "public"."Category"."nameFa", "public"."Category"."icon", "public"."Category"."color", "public"."Category"."type"::text, "public"."Category"."isDefault", "public"."Category"."userId", "public"."Category"."createdAt", "public"."Category"."updatedAt"
prisma:query SELECT "public"."Category"."id", "public"."Category"."name", "public"."Category"."nameFa", "public"."Category"."icon", "public"."Category"."color", "public"."Category"."type"::text, "public"."Category"."isDefault", "public"."Category"."userId", "public"."Category"."createdAt", "public"."Category"."updatedAt" FROM "public"."Category" WHERE ("public"."Category"."name" = $1 AND "public"."Category"."userId" = $2) LIMIT $3 OFFSET $4
prisma:query INSERT INTO "public"."Category" ("id","name","nameFa","icon","color","type","isDefault","userId","createdAt","updatedAt") VALUES ($1,$2,$3,$4,$5,CAST($6::text AS "public"."TransactionType"),$7,$8,$9,$10) RETURNING "public"."Category"."id", "public"."Category"."name", "public"."Category"."nameFa", "public"."Category"."icon", "public"."Category"."color", "public"."Category"."type"::text, "public"."Category"."isDefault", "public"."Category"."userId", "public"."Category"."createdAt", "public"."Category"."updatedAt"
prisma:query SELECT "public"."Category"."id", "public"."Category"."name", "public"."Category"."nameFa", "public"."Category"."icon", "public"."Category"."color", "public"."Category"."type"::text, "public"."Category"."isDefault", "public"."Category"."userId", "public"."Category"."createdAt", "public"."Category"."updatedAt" FROM "public"."Category" WHERE ("public"."Category"."name" = $1 AND "public"."Category"."userId" = $2) LIMIT $3 OFFSET $4
prisma:query INSERT INTO "public"."Category" ("id","name","nameFa","icon","color","type","isDefault","userId","createdAt","updatedAt") VALUES ($1,$2,$3,$4,$5,CAST($6::text AS "public"."TransactionType"),$7,$8,$9,$10) RETURNING "public"."Category"."id", "public"."Category"."name", "public"."Category"."nameFa", "public"."Category"."icon", "public"."Category"."color", "public"."Category"."type"::text, "public"."Category"."isDefault", "public"."Category"."userId", "public"."Category"."createdAt", "public"."Category"."updatedAt"
prisma:query SELECT "public"."Category"."id", "public"."Category"."name", "public"."Category"."nameFa", "public"."Category"."icon", "public"."Category"."color", "public"."Category"."type"::text, "public"."Category"."isDefault", "public"."Category"."userId", "public"."Category"."createdAt", "public"."Category"."updatedAt" FROM "public"."Category" WHERE ("public"."Category"."name" = $1 AND "public"."Category"."userId" = $2) LIMIT $3 OFFSET $4
prisma:query INSERT INTO "public"."Category" ("id","name","nameFa","icon","color","type","isDefault","userId","createdAt","updatedAt") VALUES ($1,$2,$3,$4,$5,CAST($6::text AS "public"."TransactionType"),$7,$8,$9,$10) RETURNING "public"."Category"."id", "public"."Category"."name", "public"."Category"."nameFa", "public"."Category"."icon", "public"."Category"."color", "public"."Category"."type"::text, "public"."Category"."isDefault", "public"."Category"."userId", "public"."Category"."createdAt", "public"."Category"."updatedAt"
prisma:query SELECT "public"."Category"."id", "public"."Category"."name", "public"."Category"."nameFa", "public"."Category"."icon", "public"."Category"."color", "public"."Category"."type"::text, "public"."Category"."isDefault", "public"."Category"."userId", "public"."Category"."createdAt", "public"."Category"."updatedAt" FROM "public"."Category" WHERE ("public"."Category"."name" = $1 AND "public"."Category"."userId" = $2) LIMIT $3 OFFSET $4
prisma:query INSERT INTO "public"."Category" ("id","name","nameFa","icon","color","type","isDefault","userId","createdAt","updatedAt") VALUES ($1,$2,$3,$4,$5,CAST($6::text AS "public"."TransactionType"),$7,$8,$9,$10) RETURNING "public"."Category"."id", "public"."Category"."name", "public"."Category"."nameFa", "public"."Category"."icon", "public"."Category"."color", "public"."Category"."type"::text, "public"."Category"."isDefault", "public"."Category"."userId", "public"."Category"."createdAt", "public"."Category"."updatedAt"
prisma:query SELECT "public"."Category"."id", "public"."Category"."name", "public"."Category"."nameFa", "public"."Category"."icon", "public"."Category"."color", "public"."Category"."type"::text, "public"."Category"."isDefault", "public"."Category"."userId", "public"."Category"."createdAt", "public"."Category"."updatedAt" FROM "public"."Category" WHERE ("public"."Category"."name" = $1 AND "public"."Category"."userId" = $2) LIMIT $3 OFFSET $4
prisma:query INSERT INTO "public"."Category" ("id","name","nameFa","icon","color","type","isDefault","userId","createdAt","updatedAt") VALUES ($1,$2,$3,$4,$5,CAST($6::text AS "public"."TransactionType"),$7,$8,$9,$10) RETURNING "public"."Category"."id", "public"."Category"."name", "public"."Category"."nameFa", "public"."Category"."icon", "public"."Category"."color", "public"."Category"."type"::text, "public"."Category"."isDefault", "public"."Category"."userId", "public"."Category"."createdAt", "public"."Category"."updatedAt"
prisma:query SELECT "public"."Category"."id", "public"."Category"."name", "public"."Category"."nameFa", "public"."Category"."icon", "public"."Category"."color", "public"."Category"."type"::text, "public"."Category"."isDefault", "public"."Category"."userId", "public"."Category"."createdAt", "public"."Category"."updatedAt" FROM "public"."Category" WHERE ("public"."Category"."name" = $1 AND "public"."Category"."userId" = $2) LIMIT $3 OFFSET $4
prisma:query INSERT INTO "public"."Category" ("id","name","nameFa","icon","color","type","isDefault","userId","createdAt","updatedAt") VALUES ($1,$2,$3,$4,$5,CAST($6::text AS "public"."TransactionType"),$7,$8,$9,$10) RETURNING "public"."Category"."id", "public"."Category"."name", "public"."Category"."nameFa", "public"."Category"."icon", "public"."Category"."color", "public"."Category"."type"::text, "public"."Category"."isDefault", "public"."Category"."userId", "public"."Category"."createdAt", "public"."Category"."updatedAt"
prisma:query SELECT "public"."Category"."id", "public"."Category"."name", "public"."Category"."nameFa", "public"."Category"."icon", "public"."Category"."color", "public"."Category"."type"::text, "public"."Category"."isDefault", "public"."Category"."userId", "public"."Category"."createdAt", "public"."Category"."updatedAt" FROM "public"."Category" WHERE ("public"."Category"."name" = $1 AND "public"."Category"."userId" = $2) LIMIT $3 OFFSET $4
prisma:query INSERT INTO "public"."Category" ("id","name","nameFa","icon","color","type","isDefault","userId","createdAt","updatedAt") VALUES ($1,$2,$3,$4,$5,CAST($6::text AS "public"."TransactionType"),$7,$8,$9,$10) RETURNING "public"."Category"."id", "public"."Category"."name", "public"."Category"."nameFa", "public"."Category"."icon", "public"."Category"."color", "public"."Category"."type"::text, "public"."Category"."isDefault", "public"."Category"."userId", "public"."Category"."createdAt", "public"."Category"."updatedAt"
prisma:query SELECT "public"."Category"."id", "public"."Category"."name", "public"."Category"."nameFa", "public"."Category"."icon", "public"."Category"."color", "public"."Category"."type"::text, "public"."Category"."isDefault", "public"."Category"."userId", "public"."Category"."createdAt", "public"."Category"."updatedAt" FROM "public"."Category" WHERE ("public"."Category"."name" = $1 AND "public"."Category"."userId" = $2) LIMIT $3 OFFSET $4
prisma:query INSERT INTO "public"."Category" ("id","name","nameFa","icon","color","type","isDefault","userId","createdAt","updatedAt") VALUES ($1,$2,$3,$4,$5,CAST($6::text AS "public"."TransactionType"),$7,$8,$9,$10) RETURNING "public"."Category"."id", "public"."Category"."name", "public"."Category"."nameFa", "public"."Category"."icon", "public"."Category"."color", "public"."Category"."type"::text, "public"."Category"."isDefault", "public"."Category"."userId", "public"."Category"."createdAt", "public"."Category"."updatedAt"
prisma:query SELECT "public"."Category"."id", "public"."Category"."name", "public"."Category"."nameFa", "public"."Category"."icon", "public"."Category"."color", "public"."Category"."type"::text, "public"."Category"."isDefault", "public"."Category"."userId", "public"."Category"."createdAt", "public"."Category"."updatedAt" FROM "public"."Category" WHERE ("public"."Category"."name" = $1 AND "public"."Category"."userId" = $2) LIMIT $3 OFFSET $4
prisma:query INSERT INTO "public"."Category" ("id","name","nameFa","icon","color","type","isDefault","userId","createdAt","updatedAt") VALUES ($1,$2,$3,$4,$5,CAST($6::text AS "public"."TransactionType"),$7,$8,$9,$10) RETURNING "public"."Category"."id", "public"."Category"."name", "public"."Category"."nameFa", "public"."Category"."icon", "public"."Category"."color", "public"."Category"."type"::text, "public"."Category"."isDefault", "public"."Category"."userId", "public"."Category"."createdAt", "public"."Category"."updatedAt"
 POST /api/auth/register 201 in 501ms (next.js: 2ms, proxy.ts: 4ms, application-code: 495ms)
[11:10:13 UTC] [32mINFO[39m: [36mUser registered[39m
    [35mservice[39m: "finance-app"
    [35muserId[39m: "cmspzmnlr005knuvsiozmiqlv"
    [35memail[39m: "mashdi.mm2006@gmail.com"
 GET /login?registered=true 200 in 55ms (next.js: 30ms, proxy.ts: 4ms, application-code: 22ms)
 GET /api/auth/providers 200 in 67ms (next.js: 47ms, proxy.ts: 11ms, application-code: 9ms)
 GET /api/auth/csrf 200 in 13ms (next.js: 5ms, proxy.ts: 4ms, application-code: 4ms)
prisma:query SELECT "public"."User"."id", "public"."User"."name", "public"."User"."email", "public"."User"."emailVerified", "public"."User"."passwordHash", "public"."User"."image", "public"."User"."createdAt", "public"."User"."updatedAt" FROM "public"."User" WHERE ("public"."User"."email" = $1 AND 1=1) LIMIT $2 OFFSET $3
 POST /api/auth/callback/credentials? 200 in 465ms (next.js: 5ms, proxy.ts: 7ms, application-code: 453ms)
 GET /api/auth/session 200 in 28ms (next.js: 7ms, proxy.ts: 9ms, application-code: 12ms)
 GET /dashboard 200 in 94ms (next.js: 4ms, proxy.ts: 12ms, application-code: 79ms)
 GET /dashboard 200 in 117ms (next.js: 3ms, proxy.ts: 38ms, application-code: 76ms)
prisma:query SELECT SUM("amount") AS "_sum$amount", COUNT(*) AS "_count$_all" FROM (SELECT "public"."Transaction"."amount", "public"."Transaction"."id" FROM "public"."Transaction" WHERE ("public"."Transaction"."userId" = $1 AND "public"."Transaction"."type" = CAST($2::text AS "public"."TransactionType")) OFFSET $3) AS "sub"
prisma:query SELECT "public"."Transaction"."id", "public"."Transaction"."amount", "public"."Transaction"."type"::text, "public"."Transaction"."description", "public"."Transaction"."date", "public"."Transaction"."receiptUrl", "public"."Transaction"."userId", "public"."Transaction"."categoryId", "public"."Transaction"."createdAt", "public"."Transaction"."updatedAt" FROM "public"."Transaction" WHERE "public"."Transaction"."userId" = $1 ORDER BY "public"."Transaction"."date" DESC LIMIT $2 OFFSET $3
prisma:query SELECT "public"."Category"."id", "public"."Category"."name", "public"."Category"."nameFa", "public"."Category"."icon", "public"."Category"."color" FROM "public"."Category" WHERE "public"."Category"."id" IN (NULL) OFFSET $1
prisma:query SELECT SUM("amount") AS "_sum$amount", COUNT(*) AS "_count$_all" FROM (SELECT "public"."Transaction"."amount", "public"."Transaction"."id" FROM "public"."Transaction" WHERE ("public"."Transaction"."userId" = $1 AND "public"."Transaction"."type" = CAST($2::text AS "public"."TransactionType")) OFFSET $3) AS "sub"
prisma:query SELECT SUM("public"."Transaction"."amount") AS "_sum$amount", COUNT(*) AS "_count$_all", "public"."Transaction"."categoryId", "public"."Transaction"."type"::text FROM "public"."Transaction" WHERE "public"."Transaction"."userId" = $1 GROUP BY "public"."Transaction"."categoryId", "public"."Transaction"."type" ORDER BY SUM("public"."Transaction"."amount") DESC OFFSET $2
prisma:query SELECT "public"."Category"."id", "public"."Category"."name", "public"."Category"."nameFa", "public"."Category"."icon", "public"."Category"."color", "public"."Category"."type"::text FROM "public"."Category" WHERE ("public"."Category"."userId" = $1 OR "public"."Category"."userId" IS NULL) OFFSET $2
 GET /api/dashboard 200 in 65ms (next.js: 6ms, proxy.ts: 14ms, application-code: 45ms)
prisma:query SELECT SUM("amount") AS "_sum$amount", COUNT(*) AS "_count$_all" FROM (SELECT "public"."Transaction"."amount", "public"."Transaction"."id" FROM "public"."Transaction" WHERE ("public"."Transaction"."userId" = $1 AND "public"."Transaction"."type" = CAST($2::text AS "public"."TransactionType")) OFFSET $3) AS "sub"
prisma:query SELECT SUM("amount") AS "_sum$amount", COUNT(*) AS "_count$_all" FROM (SELECT "public"."Transaction"."amount", "public"."Transaction"."id" FROM "public"."Transaction" WHERE ("public"."Transaction"."userId" = $1 AND "public"."Transaction"."type" = CAST($2::text AS "public"."TransactionType")) OFFSET $3) AS "sub"
prisma:query SELECT "public"."Transaction"."id", "public"."Transaction"."amount", "public"."Transaction"."type"::text, "public"."Transaction"."description", "public"."Transaction"."date", "public"."Transaction"."receiptUrl", "public"."Transaction"."userId", "public"."Transaction"."categoryId", "public"."Transaction"."createdAt", "public"."Transaction"."updatedAt" FROM "public"."Transaction" WHERE "public"."Transaction"."userId" = $1 ORDER BY "public"."Transaction"."date" DESC LIMIT $2 OFFSET $3
prisma:query SELECT SUM("public"."Transaction"."amount") AS "_sum$amount", COUNT(*) AS "_count$_all", "public"."Transaction"."categoryId", "public"."Transaction"."type"::text FROM "public"."Transaction" WHERE "public"."Transaction"."userId" = $1 GROUP BY "public"."Transaction"."categoryId", "public"."Transaction"."type" ORDER BY SUM("public"."Transaction"."amount") DESC OFFSET $2
prisma:query SELECT "public"."Category"."id", "public"."Category"."name", "public"."Category"."nameFa", "public"."Category"."icon", "public"."Category"."color" FROM "public"."Category" WHERE "public"."Category"."id" IN (NULL) OFFSET $1
prisma:query SELECT "public"."Category"."id", "public"."Category"."name", "public"."Category"."nameFa", "public"."Category"."icon", "public"."Category"."color", "public"."Category"."type"::text FROM "public"."Category" WHERE ("public"."Category"."userId" = $1 OR "public"."Category"."userId" IS NULL) OFFSET $2
 GET /api/dashboard 200 in 58ms (next.js: 3ms, proxy.ts: 18ms, application-code: 37ms)
 GET /dashboard 200 in 36ms (next.js: 3ms, proxy.ts: 9ms, application-code: 24ms)
 GET /dashboard/transactions 200 in 58ms (next.js: 4ms, proxy.ts: 30ms, application-code: 25ms)
 GET /api/transactions?sortBy=date&sortOrder=desc&page=1&limit=20 400 in 47ms (next.js: 10ms, proxy.ts: 21ms, application-code: 16ms)
 GET /api/transactions?sortBy=date&sortOrder=desc&page=1&limit=20 400 in 33ms (next.js: 4ms, proxy.ts: 12ms, application-code: 17ms)
prisma:query SELECT "public"."Category"."id", "public"."Category"."name", "public"."Category"."nameFa", "public"."Category"."icon", "public"."Category"."color", "public"."Category"."type"::text, "public"."Category"."isDefault", "public"."Category"."userId", "public"."Category"."createdAt", "public"."Category"."updatedAt" FROM "public"."Category" WHERE ("public"."Category"."userId" = $1 OR "public"."Category"."userId" IS NULL) ORDER BY "public"."Category"."type" ASC, "public"."Category"."nameFa" ASC OFFSET $2
 GET /api/categories 200 in 89ms (next.js: 4ms, proxy.ts: 22ms, application-code: 62ms)
prisma:query SELECT "public"."Category"."id", "public"."Category"."name", "public"."Category"."nameFa", "public"."Category"."icon", "public"."Category"."color", "public"."Category"."type"::text, "public"."Category"."isDefault", "public"."Category"."userId", "public"."Category"."createdAt", "public"."Category"."updatedAt" FROM "public"."Category" WHERE ("public"."Category"."userId" = $1 OR "public"."Category"."userId" IS NULL) ORDER BY "public"."Category"."type" ASC, "public"."Category"."nameFa" ASC OFFSET $2
 GET /api/categories 200 in 36ms (next.js: 3ms, proxy.ts: 15ms, application-code: 18ms)
 GET /dashboard/categories 200 in 64ms (next.js: 8ms, proxy.ts: 26ms, application-code: 30ms)
prisma:query SELECT "public"."Category"."id", "public"."Category"."name", "public"."Category"."nameFa", "public"."Category"."icon", "public"."Category"."color", "public"."Category"."type"::text, "public"."Category"."isDefault", "public"."Category"."userId", "public"."Category"."createdAt", "public"."Category"."updatedAt" FROM "public"."Category" WHERE ("public"."Category"."userId" = $1 OR "public"."Category"."userId" IS NULL) ORDER BY "public"."Category"."type" ASC, "public"."Category"."nameFa" ASC OFFSET $2
 GET /api/categories 200 in 29ms (next.js: 2ms, proxy.ts: 12ms, application-code: 15ms)
prisma:query SELECT "public"."Category"."id", "public"."Category"."name", "public"."Category"."nameFa", "public"."Category"."icon", "public"."Category"."color", "public"."Category"."type"::text, "public"."Category"."isDefault", "public"."Category"."userId", "public"."Category"."createdAt", "public"."Category"."updatedAt" FROM "public"."Category" WHERE ("public"."Category"."userId" = $1 OR "public"."Category"."userId" IS NULL) ORDER BY "public"."Category"."type" ASC, "public"."Category"."nameFa" ASC OFFSET $2
 GET /api/categories 200 in 32ms (next.js: 3ms, proxy.ts: 11ms, application-code: 18ms)
 GET /dashboard 200 in 43ms (next.js: 3ms, proxy.ts: 13ms, application-code: 27ms)
prisma:query SELECT SUM("amount") AS "_sum$amount", COUNT(*) AS "_count$_all" FROM (SELECT "public"."Transaction"."amount", "public"."Transaction"."id" FROM "public"."Transaction" WHERE ("public"."Transaction"."userId" = $1 AND "public"."Transaction"."type" = CAST($2::text AS "public"."TransactionType")) OFFSET $3) AS "sub"
prisma:query SELECT "public"."Transaction"."id", "public"."Transaction"."amount", "public"."Transaction"."type"::text, "public"."Transaction"."description", "public"."Transaction"."date", "public"."Transaction"."receiptUrl", "public"."Transaction"."userId", "public"."Transaction"."categoryId", "public"."Transaction"."createdAt", "public"."Transaction"."updatedAt" FROM "public"."Transaction" WHERE "public"."Transaction"."userId" = $1 ORDER BY "public"."Transaction"."date" DESC LIMIT $2 OFFSET $3
prisma:query SELECT SUM("amount") AS "_sum$amount", COUNT(*) AS "_count$_all" FROM (SELECT "public"."Transaction"."amount", "public"."Transaction"."id" FROM "public"."Transaction" WHERE ("public"."Transaction"."userId" = $1 AND "public"."Transaction"."type" = CAST($2::text AS "public"."TransactionType")) OFFSET $3) AS "sub"
prisma:query SELECT SUM("public"."Transaction"."amount") AS "_sum$amount", COUNT(*) AS "_count$_all", "public"."Transaction"."categoryId", "public"."Transaction"."type"::text FROM "public"."Transaction" WHERE "public"."Transaction"."userId" = $1 GROUP BY "public"."Transaction"."categoryId", "public"."Transaction"."type" ORDER BY SUM("public"."Transaction"."amount") DESC OFFSET $2
prisma:query SELECT "public"."Category"."id", "public"."Category"."name", "public"."Category"."nameFa", "public"."Category"."icon", "public"."Category"."color" FROM "public"."Category" WHERE "public"."Category"."id" IN (NULL) OFFSET $1
prisma:query SELECT "public"."Category"."id", "public"."Category"."name", "public"."Category"."nameFa", "public"."Category"."icon", "public"."Category"."color", "public"."Category"."type"::text FROM "public"."Category" WHERE ("public"."Category"."userId" = $1 OR "public"."Category"."userId" IS NULL) OFFSET $2
 GET /api/dashboard 200 in 63ms (next.js: 2ms, proxy.ts: 13ms, application-code: 47ms)
prisma:query SELECT "public"."Transaction"."id", "public"."Transaction"."amount", "public"."Transaction"."type"::text, "public"."Transaction"."description", "public"."Transaction"."date", "public"."Transaction"."receiptUrl", "public"."Transaction"."userId", "public"."Transaction"."categoryId", "public"."Transaction"."createdAt", "public"."Transaction"."updatedAt" FROM "public"."Transaction" WHERE "public"."Transaction"."userId" = $1 ORDER BY "public"."Transaction"."date" DESC LIMIT $2 OFFSET $3
prisma:query SELECT SUM("amount") AS "_sum$amount", COUNT(*) AS "_count$_all" FROM (SELECT "public"."Transaction"."amount", "public"."Transaction"."id" FROM "public"."Transaction" WHERE ("public"."Transaction"."userId" = $1 AND "public"."Transaction"."type" = CAST($2::text AS "public"."TransactionType")) OFFSET $3) AS "sub"
prisma:query SELECT SUM("public"."Transaction"."amount") AS "_sum$amount", COUNT(*) AS "_count$_all", "public"."Transaction"."categoryId", "public"."Transaction"."type"::text FROM "public"."Transaction" WHERE "public"."Transaction"."userId" = $1 GROUP BY "public"."Transaction"."categoryId", "public"."Transaction"."type" ORDER BY SUM("public"."Transaction"."amount") DESC OFFSET $2
prisma:query SELECT SUM("amount") AS "_sum$amount", COUNT(*) AS "_count$_all" FROM (SELECT "public"."Transaction"."amount", "public"."Transaction"."id" FROM "public"."Transaction" WHERE ("public"."Transaction"."userId" = $1 AND "public"."Transaction"."type" = CAST($2::text AS "public"."TransactionType")) OFFSET $3) AS "sub"
prisma:query SELECT "public"."Category"."id", "public"."Category"."name", "public"."Category"."nameFa", "public"."Category"."icon", "public"."Category"."color" FROM "public"."Category" WHERE "public"."Category"."id" IN (NULL) OFFSET $1
prisma:query SELECT "public"."Category"."id", "public"."Category"."name", "public"."Category"."nameFa", "public"."Category"."icon", "public"."Category"."color", "public"."Category"."type"::text FROM "public"."Category" WHERE ("public"."Category"."userId" = $1 OR "public"."Category"."userId" IS NULL) OFFSET $2
 GET /api/dashboard 200 in 44ms (next.js: 3ms, proxy.ts: 16ms, application-code: 26ms)
 GET /dashboard/transactions/new 200 in 69ms (next.js: 6ms, proxy.ts: 34ms, application-code: 28ms)
prisma:query SELECT "public"."Category"."id", "public"."Category"."name", "public"."Category"."nameFa", "public"."Category"."icon", "public"."Category"."color", "public"."Category"."type"::text, "public"."Category"."isDefault", "public"."Category"."userId", "public"."Category"."createdAt", "public"."Category"."updatedAt" FROM "public"."Category" WHERE ("public"."Category"."userId" = $1 OR "public"."Category"."userId" IS NULL) ORDER BY "public"."Category"."type" ASC, "public"."Category"."nameFa" ASC OFFSET $2
 GET /api/categories 200 in 46ms (next.js: 3ms, proxy.ts: 10ms, application-code: 32ms)
prisma:query SELECT "public"."Category"."id", "public"."Category"."name", "public"."Category"."nameFa", "public"."Category"."icon", "public"."Category"."color", "public"."Category"."type"::text, "public"."Category"."isDefault", "public"."Category"."userId", "public"."Category"."createdAt", "public"."Category"."updatedAt" FROM "public"."Category" WHERE ("public"."Category"."userId" = $1 OR "public"."Category"."userId" IS NULL) ORDER BY "public"."Category"."type" ASC, "public"."Category"."nameFa" ASC OFFSET $2
 GET /api/categories 200 in 35ms (next.js: 4ms, proxy.ts: 14ms, application-code: 17ms)
prisma:query SELECT COUNT(*) AS "_count$_all" FROM (SELECT "public"."Category"."id" FROM "public"."Category" WHERE "public"."Category"."userId" = $1 OFFSET $2) AS "sub"
prisma:query INSERT INTO "public"."Transaction" ("id","amount","type","description","date","userId","categoryId","createdAt","updatedAt") VALUES ($1,$2,CAST($3::text AS "public"."TransactionType"),$4,$5,$6,$7,$8,$9) RETURNING "public"."Transaction"."id"
prisma:query SELECT "public"."Transaction"."id", "public"."Transaction"."amount", "public"."Transaction"."type"::text, "public"."Transaction"."description", "public"."Transaction"."date", "public"."Transaction"."receiptUrl", "public"."Transaction"."userId", "public"."Transaction"."categoryId", "public"."Transaction"."createdAt", "public"."Transaction"."updatedAt" FROM "public"."Transaction" WHERE "public"."Transaction"."id" = $1 LIMIT $2 OFFSET $3
prisma:query SELECT "public"."Category"."id", "public"."Category"."name", "public"."Category"."nameFa", "public"."Category"."icon", "public"."Category"."color" FROM "public"."Category" WHERE "public"."Category"."id" = $1 OFFSET $2
prisma:query COMMIT
 POST /api/transactions 201 in 146ms (next.js: 4ms, proxy.ts: 31ms, application-code: 110ms)
[11:12:29 UTC] [32mINFO[39m: [36mTransaction created[39m
    [35mservice[39m: "finance-app"
    [35muserId[39m: "cmspzmnlr005knuvsiozmiqlv"
    [35mtransactionId[39m: "cmspzpkul005wnuvsj7kt8xpr"
    [35mcategorization[39m: "ai"
 GET /dashboard/transactions 200 in 100ms (next.js: 5ms, proxy.ts: 27ms, application-code: 67ms)
 GET /dashboard/transactions 200 in 118ms (next.js: 4ms, proxy.ts: 53ms, application-code: 61ms)
 GET /api/transactions?sortBy=date&sortOrder=desc&page=1&limit=20 400 in 63ms (next.js: 11ms, proxy.ts: 24ms, application-code: 28ms)
prisma:query SELECT "public"."Category"."id", "public"."Category"."name", "public"."Category"."nameFa", "public"."Category"."icon", "public"."Category"."color", "public"."Category"."type"::text, "public"."Category"."isDefault", "public"."Category"."userId", "public"."Category"."createdAt", "public"."Category"."updatedAt" FROM "public"."Category" WHERE ("public"."Category"."userId" = $1 OR "public"."Category"."userId" IS NULL) ORDER BY "public"."Category"."type" ASC, "public"."Category"."nameFa" ASC OFFSET $2
 GET /api/categories 200 in 71ms (next.js: 8ms, proxy.ts: 23ms, application-code: 40ms)
 GET /api/transactions?sortBy=date&sortOrder=desc&page=1&limit=20 400 in 67ms (next.js: 17ms, proxy.ts: 22ms, application-code: 28ms)
prisma:query SELECT "public"."Category"."id", "public"."Category"."name", "public"."Category"."nameFa", "public"."Category"."icon", "public"."Category"."color", "public"."Category"."type"::text, "public"."Category"."isDefault", "public"."Category"."userId", "public"."Category"."createdAt", "public"."Category"."updatedAt" FROM "public"."Category" WHERE ("public"."Category"."userId" = $1 OR "public"."Category"."userId" IS NULL) ORDER BY "public"."Category"."type" ASC, "public"."Category"."nameFa" ASC OFFSET $2
 GET /api/categories 200 in 38ms (next.js: 3ms, proxy.ts: 13ms, application-code: 23ms)
 GET /dashboard/categories 200 in 57ms (next.js: 4ms, proxy.ts: 22ms, application-code: 31ms)
prisma:query SELECT "public"."Category"."id", "public"."Category"."name", "public"."Category"."nameFa", "public"."Category"."icon", "public"."Category"."color", "public"."Category"."type"::text, "public"."Category"."isDefault", "public"."Category"."userId", "public"."Category"."createdAt", "public"."Category"."updatedAt" FROM "public"."Category" WHERE ("public"."Category"."userId" = $1 OR "public"."Category"."userId" IS NULL) ORDER BY "public"."Category"."type" ASC, "public"."Category"."nameFa" ASC OFFSET $2
 GET /api/categories 200 in 34ms (next.js: 5ms, proxy.ts: 12ms, application-code: 16ms)
prisma:query SELECT "public"."Category"."id", "public"."Category"."name", "public"."Category"."nameFa", "public"."Category"."icon", "public"."Category"."color", "public"."Category"."type"::text, "public"."Category"."isDefault", "public"."Category"."userId", "public"."Category"."createdAt", "public"."Category"."updatedAt" FROM "public"."Category" WHERE ("public"."Category"."userId" = $1 OR "public"."Category"."userId" IS NULL) ORDER BY "public"."Category"."type" ASC, "public"."Category"."nameFa" ASC OFFSET $2
 GET /api/categories 200 in 35ms (next.js: 3ms, proxy.ts: 11ms, application-code: 21ms)
 GET /dashboard 200 in 39ms (next.js: 3ms, proxy.ts: 14ms, application-code: 22ms)
prisma:query SELECT SUM("amount") AS "_sum$amount", COUNT(*) AS "_count$_all" FROM (SELECT "public"."Transaction"."amount", "public"."Transaction"."id" FROM "public"."Transaction" WHERE ("public"."Transaction"."userId" = $1 AND "public"."Transaction"."type" = CAST($2::text AS "public"."TransactionType")) OFFSET $3) AS "sub"
prisma:query SELECT "public"."Transaction"."id", "public"."Transaction"."amount", "public"."Transaction"."type"::text, "public"."Transaction"."description", "public"."Transaction"."date", "public"."Transaction"."receiptUrl", "public"."Transaction"."userId", "public"."Transaction"."categoryId", "public"."Transaction"."createdAt", "public"."Transaction"."updatedAt" FROM "public"."Transaction" WHERE "public"."Transaction"."userId" = $1 ORDER BY "public"."Transaction"."date" DESC LIMIT $2 OFFSET $3
prisma:query SELECT SUM("amount") AS "_sum$amount", COUNT(*) AS "_count$_all" FROM (SELECT "public"."Transaction"."amount", "public"."Transaction"."id" FROM "public"."Transaction" WHERE ("public"."Transaction"."userId" = $1 AND "public"."Transaction"."type" = CAST($2::text AS "public"."TransactionType")) OFFSET $3) AS "sub"
prisma:query SELECT SUM("public"."Transaction"."amount") AS "_sum$amount", COUNT(*) AS "_count$_all", "public"."Transaction"."categoryId", "public"."Transaction"."type"::text FROM "public"."Transaction" WHERE "public"."Transaction"."userId" = $1 GROUP BY "public"."Transaction"."categoryId", "public"."Transaction"."type" ORDER BY SUM("public"."Transaction"."amount") DESC OFFSET $2
prisma:query SELECT "public"."Category"."id", "public"."Category"."name", "public"."Category"."nameFa", "public"."Category"."icon", "public"."Category"."color" FROM "public"."Category" WHERE "public"."Category"."id" IN ($1) OFFSET $2
prisma:query SELECT "public"."Category"."id", "public"."Category"."name", "public"."Category"."nameFa", "public"."Category"."icon", "public"."Category"."color", "public"."Category"."type"::text FROM "public"."Category" WHERE ("public"."Category"."userId" = $1 OR "public"."Category"."userId" IS NULL) OFFSET $2
 GET /api/dashboard 200 in 58ms (next.js: 2ms, proxy.ts: 13ms, application-code: 43ms)
prisma:query SELECT SUM("amount") AS "_sum$amount", COUNT(*) AS "_count$_all" FROM (SELECT "public"."Transaction"."amount", "public"."Transaction"."id" FROM "public"."Transaction" WHERE ("public"."Transaction"."userId" = $1 AND "public"."Transaction"."type" = CAST($2::text AS "public"."TransactionType")) OFFSET $3) AS "sub"
prisma:query SELECT "public"."Transaction"."id", "public"."Transaction"."amount", "public"."Transaction"."type"::text, "public"."Transaction"."description", "public"."Transaction"."date", "public"."Transaction"."receiptUrl", "public"."Transaction"."userId", "public"."Transaction"."categoryId", "public"."Transaction"."createdAt", "public"."Transaction"."updatedAt" FROM "public"."Transaction" WHERE "public"."Transaction"."userId" = $1 ORDER BY "public"."Transaction"."date" DESC LIMIT $2 OFFSET $3
prisma:query SELECT SUM("amount") AS "_sum$amount", COUNT(*) AS "_count$_all" FROM (SELECT "public"."Transaction"."amount", "public"."Transaction"."id" FROM "public"."Transaction" WHERE ("public"."Transaction"."userId" = $1 AND "public"."Transaction"."type" = CAST($2::text AS "public"."TransactionType")) OFFSET $3) AS "sub"
prisma:query SELECT SUM("public"."Transaction"."amount") AS "_sum$amount", COUNT(*) AS "_count$_all", "public"."Transaction"."categoryId", "public"."Transaction"."type"::text FROM "public"."Transaction" WHERE "public"."Transaction"."userId" = $1 GROUP BY "public"."Transaction"."categoryId", "public"."Transaction"."type" ORDER BY SUM("public"."Transaction"."amount") DESC OFFSET $2
prisma:query SELECT "public"."Category"."id", "public"."Category"."name", "public"."Category"."nameFa", "public"."Category"."icon", "public"."Category"."color" FROM "public"."Category" WHERE "public"."Category"."id" IN ($1) OFFSET $2
prisma:query SELECT "public"."Category"."id", "public"."Category"."name", "public"."Category"."nameFa", "public"."Category"."icon", "public"."Category"."color", "public"."Category"."type"::text FROM "public"."Category" WHERE ("public"."Category"."userId" = $1 OR "public"."Category"."userId" IS NULL) OFFSET $2
 GET /api/dashboard 200 in 44ms (next.js: 3ms, proxy.ts: 15ms, application-code: 26ms)
 GET /dashboard 200 in 467ms (next.js: 136ms, proxy.ts: 136ms, application-code: 196ms)
 GET /dashboard 200 in 128ms (next.js: 40ms, proxy.ts: 13ms, application-code: 74ms)
 GET /dashboard 200 in 97ms (next.js: 4ms, proxy.ts: 11ms, application-code: 81ms)
 GET /dashboard 200 in 117ms (next.js: 40ms, proxy.ts: 13ms, application-code: 64ms)
 GET /dashboard 200 in 94ms (next.js: 3ms, proxy.ts: 11ms, application-code: 80ms)
 GET /dashboard 200 in 115ms (next.js: 38ms, proxy.ts: 17ms, application-code: 60ms)
 GET /dashboard 200 in 87ms (next.js: 3ms, proxy.ts: 11ms, application-code: 73ms)
 GET /dashboard 200 in 76ms (next.js: 4ms, proxy.ts: 10ms, application-code: 62ms)
 GET /dashboard 200 in 116ms (next.js: 38ms, proxy.ts: 12ms, application-code: 66ms)
 GET /dashboard 200 in 76ms (next.js: 3ms, proxy.ts: 11ms, application-code: 62ms)
 GET /dashboard 200 in 79ms (next.js: 4ms, proxy.ts: 11ms, application-code: 65ms)
 GET /dashboard 200 in 75ms (next.js: 4ms, proxy.ts: 10ms, application-code: 61ms)
 GET /dashboard 200 in 87ms (next.js: 3ms, proxy.ts: 11ms, application-code: 73ms)
 GET /dashboard 200 in 80ms (next.js: 4ms, proxy.ts: 10ms, application-code: 66ms)
 GET /dashboard 200 in 82ms (next.js: 3ms, proxy.ts: 9ms, application-code: 70ms)
 GET /dashboard 200 in 109ms (next.js: 38ms, proxy.ts: 12ms, application-code: 59ms)
 GET /dashboard 200 in 75ms (next.js: 4ms, proxy.ts: 11ms, application-code: 60ms)
 GET /dashboard 200 in 118ms (next.js: 38ms, proxy.ts: 11ms, application-code: 69ms)
 GET /dashboard 200 in 120ms (next.js: 43ms, proxy.ts: 13ms, application-code: 64ms)
 GET /dashboard 200 in 108ms (next.js: 46ms, proxy.ts: 12ms, application-code: 50ms)
 GET /dashboard 200 in 75ms (next.js: 3ms, proxy.ts: 8ms, application-code: 63ms)
 GET /dashboard 200 in 75ms (next.js: 3ms, proxy.ts: 10ms, application-code: 62ms)
 GET /dashboard 200 in 114ms (next.js: 34ms, proxy.ts: 13ms, application-code: 67ms)
 GET /dashboard 200 in 120ms (next.js: 39ms, proxy.ts: 12ms, application-code: 70ms)
 GET /dashboard 200 in 111ms (next.js: 41ms, proxy.ts: 12ms, application-code: 58ms)
 GET /dashboard 200 in 99ms (next.js: 39ms, proxy.ts: 10ms, application-code: 50ms)
 GET /dashboard 200 in 72ms (next.js: 3ms, proxy.ts: 10ms, application-code: 58ms)
 GET /dashboard 200 in 77ms (next.js: 2ms, proxy.ts: 10ms, application-code: 65ms)
 GET /dashboard 200 in 99ms (next.js: 3ms, proxy.ts: 11ms, application-code: 85ms)
 GET /dashboard 200 in 109ms (next.js: 5ms, proxy.ts: 40ms, application-code: 64ms)
 GET /dashboard 200 in 109ms (next.js: 42ms, proxy.ts: 12ms, application-code: 55ms)
 GET /dashboard 200 in 120ms (next.js: 36ms, proxy.ts: 15ms, application-code: 69ms)
 GET /dashboard 200 in 110ms (next.js: 37ms, proxy.ts: 12ms, application-code: 60ms)
 GET /dashboard 200 in 100ms (next.js: 37ms, proxy.ts: 11ms, application-code: 53ms)
 GET /dashboard 200 in 94ms (next.js: 3ms, proxy.ts: 10ms, application-code: 81ms)
 GET /dashboard 200 in 133ms (next.js: 39ms, proxy.ts: 18ms, application-code: 76ms)
 GET /dashboard 200 in 108ms (next.js: 5ms, proxy.ts: 42ms, application-code: 60ms)
 GET /dashboard 200 in 77ms (next.js: 2ms, proxy.ts: 9ms, application-code: 66ms)
 GET /dashboard 200 in 103ms (next.js: 37ms, proxy.ts: 13ms, application-code: 52ms)
 GET /dashboard 200 in 82ms (next.js: 3ms, proxy.ts: 9ms, application-code: 70ms)
 GET /dashboard 200 in 72ms (next.js: 4ms, proxy.ts: 10ms, application-code: 59ms)
 GET /dashboard 200 in 102ms (next.js: 37ms, proxy.ts: 12ms, application-code: 53ms)
 GET /dashboard 200 in 68ms (next.js: 3ms, proxy.ts: 11ms, application-code: 54ms)
 GET /dashboard 200 in 83ms (next.js: 2ms, proxy.ts: 10ms, application-code: 71ms)
 GET /dashboard 200 in 76ms (next.js: 3ms, proxy.ts: 11ms, application-code: 61ms)
 GET /dashboard 200 in 79ms (next.js: 4ms, proxy.ts: 11ms, application-code: 64ms)
✓ Compiled in 243ms
 GET /dashboard 200 in 544ms (next.js: 203ms, proxy.ts: 99ms, application-code: 242ms)
 GET /dashboard 200 in 119ms (next.js: 34ms, proxy.ts: 20ms, application-code: 65ms)
 GET /dashboard 200 in 118ms (next.js: 40ms, proxy.ts: 13ms, application-code: 65ms)
 GET /dashboard 200 in 130ms (next.js: 38ms, proxy.ts: 20ms, application-code: 72ms)
 GET /dashboard 200 in 84ms (next.js: 4ms, proxy.ts: 11ms, application-code: 68ms)
 GET /dashboard 200 in 115ms (next.js: 36ms, proxy.ts: 19ms, application-code: 60ms)
 GET /dashboard 200 in 73ms (next.js: 4ms, proxy.ts: 11ms, application-code: 58ms)
 GET /dashboard 200 in 110ms (next.js: 40ms, proxy.ts: 12ms, application-code: 58ms)
 GET /dashboard 200 in 80ms (next.js: 4ms, proxy.ts: 11ms, application-code: 65ms)
 GET /dashboard 200 in 87ms (next.js: 4ms, proxy.ts: 11ms, application-code: 73ms)
 GET /dashboard 200 in 75ms (next.js: 3ms, proxy.ts: 12ms, application-code: 61ms)
 GET /dashboard 200 in 99ms (next.js: 5ms, proxy.ts: 11ms, application-code: 84ms)
 GET /dashboard 200 in 101ms (next.js: 5ms, proxy.ts: 37ms, application-code: 59ms)
 GET /dashboard 200 in 96ms (next.js: 4ms, proxy.ts: 10ms, application-code: 81ms)
 GET /dashboard 200 in 101ms (next.js: 5ms, proxy.ts: 34ms, application-code: 62ms)
 GET /dashboard 200 in 109ms (next.js: 34ms, proxy.ts: 14ms, application-code: 61ms)
 GET /dashboard 200 in 86ms (next.js: 4ms, proxy.ts: 9ms, application-code: 73ms)
 GET /dashboard 200 in 103ms (next.js: 5ms, proxy.ts: 33ms, application-code: 66ms)
 GET /dashboard 200 in 76ms (next.js: 4ms, proxy.ts: 11ms, application-code: 60ms)
 GET /dashboard 200 in 102ms (next.js: 36ms, proxy.ts: 13ms, application-code: 53ms)
 GET /dashboard 200 in 107ms (next.js: 37ms, proxy.ts: 12ms, application-code: 59ms)
 GET /dashboard 200 in 89ms (next.js: 5ms, proxy.ts: 11ms, application-code: 73ms)
 GET /dashboard 200 in 82ms (next.js: 3ms, proxy.ts: 12ms, application-code: 67ms)
 GET /dashboard 200 in 104ms (next.js: 35ms, proxy.ts: 12ms, application-code: 57ms)
 GET /dashboard 200 in 77ms (next.js: 3ms, proxy.ts: 11ms, application-code: 63ms)
 GET /dashboard 200 in 103ms (next.js: 35ms, proxy.ts: 11ms, application-code: 57ms)
 GET /dashboard 200 in 123ms (next.js: 27ms, proxy.ts: 25ms, application-code: 70ms)
 GET /dashboard 200 in 81ms (next.js: 3ms, proxy.ts: 12ms, application-code: 66ms)
 GET /dashboard 200 in 78ms (next.js: 4ms, proxy.ts: 11ms, application-code: 62ms)
 GET /dashboard 200 in 72ms (next.js: 3ms, proxy.ts: 11ms, application-code: 58ms)
 GET /dashboard 200 in 112ms (next.js: 43ms, proxy.ts: 12ms, application-code: 57ms)
 GET /dashboard 200 in 117ms (next.js: 42ms, proxy.ts: 13ms, application-code: 62ms)
 GET /dashboard 200 in 125ms (next.js: 49ms, proxy.ts: 13ms, application-code: 62ms)
 GET /dashboard 200 in 113ms (next.js: 44ms, proxy.ts: 13ms, application-code: 56ms)
 GET /dashboard 200 in 86ms (next.js: 4ms, proxy.ts: 9ms, application-code: 73ms)
 GET /dashboard 200 in 117ms (next.js: 4ms, proxy.ts: 11ms, application-code: 102ms)
 GET /dashboard 200 in 94ms (next.js: 3ms, proxy.ts: 31ms, application-code: 60ms)
 GET /dashboard 200 in 75ms (next.js: 11ms, proxy.ts: 11ms, application-code: 53ms)
 GET /dashboard 200 in 87ms (next.js: 4ms, proxy.ts: 11ms, application-code: 72ms)
 GET /dashboard 200 in 78ms (next.js: 4ms, proxy.ts: 10ms, application-code: 64ms)
 GET /dashboard 200 in 78ms (next.js: 4ms, proxy.ts: 10ms, application-code: 64ms)
 GET /dashboard 200 in 69ms (next.js: 3ms, proxy.ts: 10ms, application-code: 55ms)
 GET /dashboard 200 in 84ms (next.js: 3ms, proxy.ts: 10ms, application-code: 71ms)
 GET /dashboard 200 in 75ms (next.js: 3ms, proxy.ts: 10ms, application-code: 63ms)
 GET /dashboard 200 in 73ms (next.js: 3ms, proxy.ts: 11ms, application-code: 59ms)
 GET /dashboard 200 in 67ms (next.js: 3ms, proxy.ts: 10ms, application-code: 54ms)
 GET /dashboard 200 in 79ms (next.js: 3ms, proxy.ts: 9ms, application-code: 67ms)
 GET /dashboard 200 in 77ms (next.js: 4ms, proxy.ts: 11ms, application-code: 62ms)
 GET /dashboard 200 in 98ms (next.js: 10ms, proxy.ts: 13ms, application-code: 76ms)
 GET /dashboard 200 in 117ms (next.js: 41ms, proxy.ts: 15ms, application-code: 61ms)
 GET /dashboard 200 in 79ms (next.js: 3ms, proxy.ts: 12ms, application-code: 64ms)
 GET /dashboard 200 in 78ms (next.js: 4ms, proxy.ts: 11ms, application-code: 63ms)
 GET /dashboard/chat 200 in 1059ms (next.js: 772ms, proxy.ts: 12ms, application-code: 275ms)
 GET /api/auth/session 200 in 201ms (next.js: 132ms, proxy.ts: 18ms, application-code: 52ms)
 GET /api/auth/session 200 in 54ms (next.js: 11ms, proxy.ts: 17ms, application-code: 26ms)
[31m[auth][error][0m MissingCSRF: CSRF token was missing during an action signout. Read more at https://errors.authjs.dev#missingcsrf
    at validateCSRF (/home/ashimashi/ai-financial-analyst/.next/dev/server/chunks/node_modules_@auth_core_09h2y9.._.js:1233:11)
    at AuthInternal (/home/ashimashi/ai-financial-analyst/.next/dev/server/chunks/node_modules_@auth_core_09h2y9.._.js:5189:222)
    at async Auth (/home/ashimashi/ai-financial-analyst/.next/dev/server/chunks/node_modules_@auth_core_09h2y9.._.js:5403:34)
    at async POST (/home/ashimashi/ai-financial-analyst/.next/dev/server/chunks/[root-of-the-server]__0n3zvqb._.js:525:5)
    at async AppRouteRouteModule.do (/home/ashimashi/ai-financial-analyst/node_modules/next/dist/compiled/next-server/app-route-turbo.runtime.dev.js:5:40115)
    at async AppRouteRouteModule.handle (/home/ashimashi/ai-financial-analyst/node_modules/next/dist/compiled/next-server/app-route-turbo.runtime.dev.js:5:47395)
    at async responseGenerator (/home/ashimashi/ai-financial-analyst/.next/dev/server/chunks/node_modules_next_0hfvzvr._.js:18340:38)
    at async AppRouteRouteModule.handleResponse (/home/ashimashi/ai-financial-analyst/node_modules/next/dist/compiled/next-server/app-route-turbo.runtime.dev.js:1:228552)
    at async handleResponse (/home/ashimashi/ai-financial-analyst/.next/dev/server/chunks/node_modules_next_0hfvzvr._.js:18403:32)
    at async Module.handler (/home/ashimashi/ai-financial-analyst/.next/dev/server/chunks/node_modules_next_0hfvzvr._.js:18457:13)
    at async DevServer.renderToResponseWithComponentsImpl (/home/ashimashi/ai-financial-analyst/node_modules/next/dist/server/base-server.js:1462:9)
    at async DevServer.renderPageComponent (/home/ashimashi/ai-financial-analyst/node_modules/next/dist/server/base-server.js:1514:24)
    at async DevServer.renderToResponseImpl (/home/ashimashi/ai-financial-analyst/node_modules/next/dist/server/base-server.js:1564:32)
    at async DevServer.pipeImpl (/home/ashimashi/ai-financial-analyst/node_modules/next/dist/server/base-server.js:1044:25)
    at async NextNodeServer.handleCatchallRenderRequest (/home/ashimashi/ai-financial-analyst/node_modules/next/dist/server/next-server.js:338:17)
    at async DevServer.handleRequestImpl (/home/ashimashi/ai-financial-analyst/node_modules/next/dist/server/base-server.js:935:17)
    at async /home/ashimashi/ai-financial-analyst/node_modules/next/dist/server/dev/next-dev-server.js:394:20
    at async Span.traceAsyncFn (/home/ashimashi/ai-financial-analyst/node_modules/next/dist/trace/trace.js:164:20)
    at async DevServer.handleRequest (/home/ashimashi/ai-financial-analyst/node_modules/next/dist/server/dev/next-dev-server.js:390:24)
    at async invokeRender (/home/ashimashi/ai-financial-analyst/node_modules/next/dist/server/lib/router-server.js:266:21)
    at async handleRequest (/home/ashimashi/ai-financial-analyst/node_modules/next/dist/server/lib/router-server.js:465:24)
    at async requestHandlerImpl (/home/ashimashi/ai-financial-analyst/node_modules/next/dist/server/lib/router-server.js:514:13)
    at async Server.requestListener (/home/ashimashi/ai-financial-analyst/node_modules/next/dist/server/lib/start-server.js:225:13)
 POST /api/auth/signout 200 in 65ms (next.js: 41ms, proxy.ts: 12ms, application-code: 12ms)
prisma:query SELECT SUM("amount") AS "_sum$amount", COUNT(*) AS "_count$_all" FROM (SELECT "public"."Transaction"."amount", "public"."Transaction"."id" FROM "public"."Transaction" WHERE ("public"."Transaction"."userId" = $1 AND "public"."Transaction"."type" = CAST($2::text AS "public"."TransactionType")) OFFSET $3) AS "sub"
prisma:query SELECT SUM("amount") AS "_sum$amount", COUNT(*) AS "_count$_all" FROM (SELECT "public"."Transaction"."amount", "public"."Transaction"."id" FROM "public"."Transaction" WHERE ("public"."Transaction"."userId" = $1 AND "public"."Transaction"."type" = CAST($2::text AS "public"."TransactionType")) OFFSET $3) AS "sub"
prisma:query SELECT "public"."Transaction"."id", "public"."Transaction"."amount", "public"."Transaction"."type"::text, "public"."Transaction"."description", "public"."Transaction"."date", "public"."Transaction"."receiptUrl", "public"."Transaction"."userId", "public"."Transaction"."categoryId", "public"."Transaction"."createdAt", "public"."Transaction"."updatedAt" FROM "public"."Transaction" WHERE "public"."Transaction"."userId" = $1 ORDER BY "public"."Transaction"."date" DESC LIMIT $2 OFFSET $3
prisma:query SELECT "public"."Category"."id", "public"."Category"."name", "public"."Category"."nameFa", "public"."Category"."icon", "public"."Category"."type"::text FROM "public"."Category" WHERE "public"."Category"."userId" = $1 OFFSET $2
prisma:query SELECT "public"."Category"."id", "public"."Category"."nameFa", "public"."Category"."icon", "public"."Category"."type"::text FROM "public"."Category" WHERE "public"."Category"."id" IN ($1,$2,$3,$4,$5,$6,$7,$8) OFFSET $9
 POST /api/chat 200 in 3.6s (next.js: 726ms, proxy.ts: 9ms, application-code: 2.9s)
[11:16:02 UTC] [33mWARN[39m: [36mAssistant request failed[39m
    [35mservice[39m: "finance-app"
    [35muserId[39m: "cmspyvf2w0000u4vsyj6pjwgw"
    error: {
      "status": 401,
      "headers": {},
      "requestID": null,
      "error": {
        "code": "401",
        "message": "令牌已过期或验证不正确"
      },
      "code": "401"
    }
[11:16:02 UTC] [32mINFO[39m: [36mAssistant answered[39m
    [35mservice[39m: "finance-app"
    [35muserId[39m: "cmspyvf2w0000u4vsyj6pjwgw"
    [35mfallback[39m: true
 GET /dashboard/chat 200 in 125ms (next.js: 3ms, proxy.ts: 10ms, application-code: 111ms)
 GET /api/auth/session 200 in 116ms (next.js: 61ms, proxy.ts: 13ms, application-code: 41ms)
 GET /api/auth/session 200 in 59ms (next.js: 11ms, proxy.ts: 26ms, application-code: 22ms)
[31m[auth][error][0m MissingCSRF: CSRF token was missing during an action signout. Read more at https://errors.authjs.dev#missingcsrf
    at validateCSRF (/home/ashimashi/ai-financial-analyst/.next/dev/server/chunks/node_modules_@auth_core_09h2y9.._.js:1233:11)
    at AuthInternal (/home/ashimashi/ai-financial-analyst/.next/dev/server/chunks/node_modules_@auth_core_09h2y9.._.js:5189:222)
    at async Auth (/home/ashimashi/ai-financial-analyst/.next/dev/server/chunks/node_modules_@auth_core_09h2y9.._.js:5403:34)
    at async POST (/home/ashimashi/ai-financial-analyst/.next/dev/server/chunks/[root-of-the-server]__0n3zvqb._.js:525:5)
    at async AppRouteRouteModule.do (/home/ashimashi/ai-financial-analyst/node_modules/next/dist/compiled/next-server/app-route-turbo.runtime.dev.js:5:40115)
    at async AppRouteRouteModule.handle (/home/ashimashi/ai-financial-analyst/node_modules/next/dist/compiled/next-server/app-route-turbo.runtime.dev.js:5:47395)
    at async responseGenerator (/home/ashimashi/ai-financial-analyst/.next/dev/server/chunks/node_modules_next_0hfvzvr._.js:18340:38)
    at async AppRouteRouteModule.handleResponse (/home/ashimashi/ai-financial-analyst/node_modules/next/dist/compiled/next-server/app-route-turbo.runtime.dev.js:1:228552)
    at async handleResponse (/home/ashimashi/ai-financial-analyst/.next/dev/server/chunks/node_modules_next_0hfvzvr._.js:18403:32)
    at async Module.handler (/home/ashimashi/ai-financial-analyst/.next/dev/server/chunks/node_modules_next_0hfvzvr._.js:18457:13)
    at async DevServer.renderToResponseWithComponentsImpl (/home/ashimashi/ai-financial-analyst/node_modules/next/dist/server/base-server.js:1462:9)
    at async DevServer.renderPageComponent (/home/ashimashi/ai-financial-analyst/node_modules/next/dist/server/base-server.js:1514:24)
    at async DevServer.renderToResponseImpl (/home/ashimashi/ai-financial-analyst/node_modules/next/dist/server/base-server.js:1564:32)
    at async DevServer.pipeImpl (/home/ashimashi/ai-financial-analyst/node_modules/next/dist/server/base-server.js:1044:25)
    at async NextNodeServer.handleCatchallRenderRequest (/home/ashimashi/ai-financial-analyst/node_modules/next/dist/server/next-server.js:338:17)
    at async DevServer.handleRequestImpl (/home/ashimashi/ai-financial-analyst/node_modules/next/dist/server/base-server.js:935:17)
    at async /home/ashimashi/ai-financial-analyst/node_modules/next/dist/server/dev/next-dev-server.js:394:20
    at async Span.traceAsyncFn (/home/ashimashi/ai-financial-analyst/node_modules/next/dist/trace/trace.js:164:20)
    at async DevServer.handleRequest (/home/ashimashi/ai-financial-analyst/node_modules/next/dist/server/dev/next-dev-server.js:390:24)
    at async invokeRender (/home/ashimashi/ai-financial-analyst/node_modules/next/dist/server/lib/router-server.js:266:21)
    at async handleRequest (/home/ashimashi/ai-financial-analyst/node_modules/next/dist/server/lib/router-server.js:465:24)
    at async requestHandlerImpl (/home/ashimashi/ai-financial-analyst/node_modules/next/dist/server/lib/router-server.js:514:13)
    at async Server.requestListener (/home/ashimashi/ai-financial-analyst/node_modules/next/dist/server/lib/start-server.js:225:13)
 POST /api/auth/signout 200 in 31ms (next.js: 4ms, proxy.ts: 16ms, application-code: 11ms)
 GET /dashboard/chat 200 in 119ms (next.js: 3ms, proxy.ts: 9ms, application-code: 107ms)
 GET /api/auth/session 200 in 87ms (next.js: 55ms, proxy.ts: 11ms, application-code: 22ms)
 GET /api/auth/session 200 in 41ms (next.js: 9ms, proxy.ts: 10ms, application-code: 22ms)
[31m[auth][error][0m MissingCSRF: CSRF token was missing during an action signout. Read more at https://errors.authjs.dev#missingcsrf
    at validateCSRF (/home/ashimashi/ai-financial-analyst/.next/dev/server/chunks/node_modules_@auth_core_09h2y9.._.js:1233:11)
    at AuthInternal (/home/ashimashi/ai-financial-analyst/.next/dev/server/chunks/node_modules_@auth_core_09h2y9.._.js:5189:222)
    at async Auth (/home/ashimashi/ai-financial-analyst/.next/dev/server/chunks/node_modules_@auth_core_09h2y9.._.js:5403:34)
    at async POST (/home/ashimashi/ai-financial-analyst/.next/dev/server/chunks/[root-of-the-server]__0n3zvqb._.js:525:5)
    at async AppRouteRouteModule.do (/home/ashimashi/ai-financial-analyst/node_modules/next/dist/compiled/next-server/app-route-turbo.runtime.dev.js:5:40115)
    at async AppRouteRouteModule.handle (/home/ashimashi/ai-financial-analyst/node_modules/next/dist/compiled/next-server/app-route-turbo.runtime.dev.js:5:47395)
    at async responseGenerator (/home/ashimashi/ai-financial-analyst/.next/dev/server/chunks/node_modules_next_0hfvzvr._.js:18340:38)
    at async AppRouteRouteModule.handleResponse (/home/ashimashi/ai-financial-analyst/node_modules/next/dist/compiled/next-server/app-route-turbo.runtime.dev.js:1:228552)
    at async handleResponse (/home/ashimashi/ai-financial-analyst/.next/dev/server/chunks/node_modules_next_0hfvzvr._.js:18403:32)
    at async Module.handler (/home/ashimashi/ai-financial-analyst/.next/dev/server/chunks/node_modules_next_0hfvzvr._.js:18457:13)
    at async DevServer.renderToResponseWithComponentsImpl (/home/ashimashi/ai-financial-analyst/node_modules/next/dist/server/base-server.js:1462:9)
    at async DevServer.renderPageComponent (/home/ashimashi/ai-financial-analyst/node_modules/next/dist/server/base-server.js:1514:24)
    at async DevServer.renderToResponseImpl (/home/ashimashi/ai-financial-analyst/node_modules/next/dist/server/base-server.js:1564:32)
    at async DevServer.pipeImpl (/home/ashimashi/ai-financial-analyst/node_modules/next/dist/server/base-server.js:1044:25)
    at async NextNodeServer.handleCatchallRenderRequest (/home/ashimashi/ai-financial-analyst/node_modules/next/dist/server/next-server.js:338:17)
    at async DevServer.handleRequestImpl (/home/ashimashi/ai-financial-analyst/node_modules/next/dist/server/base-server.js:935:17)
    at async /home/ashimashi/ai-financial-analyst/node_modules/next/dist/server/dev/next-dev-server.js:394:20
    at async Span.traceAsyncFn (/home/ashimashi/ai-financial-analyst/node_modules/next/dist/trace/trace.js:164:20)
    at async DevServer.handleRequest (/home/ashimashi/ai-financial-analyst/node_modules/next/dist/server/dev/next-dev-server.js:390:24)
    at async invokeRender (/home/ashimashi/ai-financial-analyst/node_modules/next/dist/server/lib/router-server.js:266:21)
    at async handleRequest (/home/ashimashi/ai-financial-analyst/node_modules/next/dist/server/lib/router-server.js:465:24)
    at async requestHandlerImpl (/home/ashimashi/ai-financial-analyst/node_modules/next/dist/server/lib/router-server.js:514:13)
    at async Server.requestListener (/home/ashimashi/ai-financial-analyst/node_modules/next/dist/server/lib/start-server.js:225:13)
 POST /api/auth/signout 200 in 30ms (next.js: 4ms, proxy.ts: 16ms, application-code: 10ms)
 GET /dashboard/chat 200 in 126ms (next.js: 3ms, proxy.ts: 11ms, application-code: 113ms)
 GET /api/auth/session 200 in 91ms (next.js: 59ms, proxy.ts: 13ms, application-code: 19ms)
 GET /api/auth/session 200 in 34ms (next.js: 7ms, proxy.ts: 12ms, application-code: 15ms)
prisma:query SELECT "public"."Transaction"."id", "public"."Transaction"."amount", "public"."Transaction"."type"::text, "public"."Transaction"."description", "public"."Transaction"."date", "public"."Transaction"."receiptUrl", "public"."Transaction"."userId", "public"."Transaction"."categoryId", "public"."Transaction"."createdAt", "public"."Transaction"."updatedAt" FROM "public"."Transaction" WHERE "public"."Transaction"."userId" = $1 ORDER BY "public"."Transaction"."date" DESC LIMIT $2 OFFSET $3
prisma:query SELECT "public"."Category"."id", "public"."Category"."name", "public"."Category"."nameFa", "public"."Category"."icon", "public"."Category"."type"::text FROM "public"."Category" WHERE "public"."Category"."userId" = $1 OFFSET $2
prisma:query SELECT SUM("amount") AS "_sum$amount", COUNT(*) AS "_count$_all" FROM (SELECT "public"."Transaction"."amount", "public"."Transaction"."id" FROM "public"."Transaction" WHERE ("public"."Transaction"."userId" = $1 AND "public"."Transaction"."type" = CAST($2::text AS "public"."TransactionType")) OFFSET $3) AS "sub"
prisma:query SELECT SUM("amount") AS "_sum$amount", COUNT(*) AS "_count$_all" FROM (SELECT "public"."Transaction"."amount", "public"."Transaction"."id" FROM "public"."Transaction" WHERE ("public"."Transaction"."userId" = $1 AND "public"."Transaction"."type" = CAST($2::text AS "public"."TransactionType")) OFFSET $3) AS "sub"
prisma:query SELECT "public"."Category"."id", "public"."Category"."nameFa", "public"."Category"."icon", "public"."Category"."type"::text FROM "public"."Category" WHERE "public"."Category"."id" IN ($1,$2,$3,$4,$5,$6,$7,$8) OFFSET $9
 POST /api/chat 200 in 2.5s (next.js: 5ms, proxy.ts: 16ms, application-code: 2.5s)
[11:17:17 UTC] [33mWARN[39m: [36mAssistant request failed[39m
    [35mservice[39m: "finance-app"
    [35muserId[39m: "cmspyvf2w0000u4vsyj6pjwgw"
    error: {
      "status": 401,
      "headers": {},
      "requestID": null,
      "error": {
        "code": "401",
        "message": "令牌已过期或验证不正确"
      },
      "code": "401"
    }
[11:17:17 UTC] [32mINFO[39m: [36mAssistant answered[39m
    [35mservice[39m: "finance-app"
    [35muserId[39m: "cmspyvf2w0000u4vsyj6pjwgw"
    [35mfallback[39m: true
 GET / 307 in 142ms (next.js: 60ms, proxy.ts: 6ms, application-code: 76ms)
 GET /login 200 in 103ms (next.js: 26ms, proxy.ts: 5ms, application-code: 71ms)
 GET / 307 in 73ms (next.js: 3ms, proxy.ts: 4ms, application-code: 66ms)
 GET /login 200 in 81ms (next.js: 9ms, proxy.ts: 4ms, application-code: 68ms)
 GET /register 200 in 467ms (next.js: 37ms, proxy.ts: 29ms, application-code: 401ms)
 GET /login 200 in 339ms (next.js: 15ms, proxy.ts: 16ms, application-code: 308ms)
 GET /register 200 in 301ms (next.js: 21ms, proxy.ts: 14ms, application-code: 266ms)
 GET /login?callbackUrl=%2Fdashboard 200 in 305ms (next.js: 53ms, proxy.ts: 15ms, application-code: 237ms)
 GET /api/auth/session 200 in 122ms (next.js: 95ms, proxy.ts: 11ms, application-code: 17ms)
 GET /api/auth/session 200 in 159ms (next.js: 63ms, proxy.ts: 82ms, application-code: 14ms)
 GET /api/auth/session 200 in 87ms (next.js: 33ms, proxy.ts: 40ms, application-code: 14ms)
 GET /api/auth/session 200 in 38ms (next.js: 10ms, proxy.ts: 15ms, application-code: 13ms)
 GET /api/auth/session 200 in 56ms (next.js: 31ms, proxy.ts: 15ms, application-code: 10ms)
 GET /api/auth/session 200 in 48ms (next.js: 26ms, proxy.ts: 15ms, application-code: 7ms)
 GET /api/auth/session 200 in 31ms (next.js: 17ms, proxy.ts: 6ms, application-code: 7ms)
 GET /api/auth/session 200 in 36ms (next.js: 23ms, proxy.ts: 7ms, application-code: 7ms)
 GET /dashboard 200 in 346ms (next.js: 10ms, proxy.ts: 34ms, application-code: 302ms)
prisma:query SELECT "public"."User"."id", "public"."User"."name", "public"."User"."email", "public"."User"."emailVerified", "public"."User"."passwordHash", "public"."User"."image", "public"."User"."createdAt", "public"."User"."updatedAt" FROM "public"."User" WHERE ("public"."User"."email" = $1 AND 1=1) LIMIT $2 OFFSET $3
 GET /dashboard 200 in 748ms (next.js: 7ms, proxy.ts: 29ms, application-code: 712ms)
prisma:query INSERT INTO "public"."User" ("id","name","email","passwordHash","createdAt","updatedAt") VALUES ($1,$2,$3,$4,$5,$6) RETURNING "public"."User"."id", "public"."User"."email", "public"."User"."name", "public"."User"."createdAt"
prisma:query SELECT "public"."Category"."id", "public"."Category"."name", "public"."Category"."nameFa", "public"."Category"."icon", "public"."Category"."color", "public"."Category"."type"::text, "public"."Category"."isDefault", "public"."Category"."userId", "public"."Category"."createdAt", "public"."Category"."updatedAt" FROM "public"."Category" WHERE ("public"."Category"."name" = $1 AND "public"."Category"."userId" = $2) LIMIT $3 OFFSET $4
prisma:query INSERT INTO "public"."Category" ("id","name","nameFa","icon","color","type","isDefault","userId","createdAt","updatedAt") VALUES ($1,$2,$3,$4,$5,CAST($6::text AS "public"."TransactionType"),$7,$8,$9,$10) RETURNING "public"."Category"."id", "public"."Category"."name", "public"."Category"."nameFa", "public"."Category"."icon", "public"."Category"."color", "public"."Category"."type"::text, "public"."Category"."isDefault", "public"."Category"."userId", "public"."Category"."createdAt", "public"."Category"."updatedAt"
prisma:query SELECT "public"."Category"."id", "public"."Category"."name", "public"."Category"."nameFa", "public"."Category"."icon", "public"."Category"."color", "public"."Category"."type"::text, "public"."Category"."isDefault", "public"."Category"."userId", "public"."Category"."createdAt", "public"."Category"."updatedAt" FROM "public"."Category" WHERE ("public"."Category"."name" = $1 AND "public"."Category"."userId" = $2) LIMIT $3 OFFSET $4
prisma:query INSERT INTO "public"."Category" ("id","name","nameFa","icon","color","type","isDefault","userId","createdAt","updatedAt") VALUES ($1,$2,$3,$4,$5,CAST($6::text AS "public"."TransactionType"),$7,$8,$9,$10) RETURNING "public"."Category"."id", "public"."Category"."name", "public"."Category"."nameFa", "public"."Category"."icon", "public"."Category"."color", "public"."Category"."type"::text, "public"."Category"."isDefault", "public"."Category"."userId", "public"."Category"."createdAt", "public"."Category"."updatedAt"
prisma:query SELECT "public"."Category"."id", "public"."Category"."name", "public"."Category"."nameFa", "public"."Category"."icon", "public"."Category"."color", "public"."Category"."type"::text, "public"."Category"."isDefault", "public"."Category"."userId", "public"."Category"."createdAt", "public"."Category"."updatedAt" FROM "public"."Category" WHERE ("public"."Category"."name" = $1 AND "public"."Category"."userId" = $2) LIMIT $3 OFFSET $4
prisma:query INSERT INTO "public"."Category" ("id","name","nameFa","icon","color","type","isDefault","userId","createdAt","updatedAt") VALUES ($1,$2,$3,$4,$5,CAST($6::text AS "public"."TransactionType"),$7,$8,$9,$10) RETURNING "public"."Category"."id", "public"."Category"."name", "public"."Category"."nameFa", "public"."Category"."icon", "public"."Category"."color", "public"."Category"."type"::text, "public"."Category"."isDefault", "public"."Category"."userId", "public"."Category"."createdAt", "public"."Category"."updatedAt"
prisma:query SELECT "public"."Category"."id", "public"."Category"."name", "public"."Category"."nameFa", "public"."Category"."icon", "public"."Category"."color", "public"."Category"."type"::text, "public"."Category"."isDefault", "public"."Category"."userId", "public"."Category"."createdAt", "public"."Category"."updatedAt" FROM "public"."Category" WHERE ("public"."Category"."name" = $1 AND "public"."Category"."userId" = $2) LIMIT $3 OFFSET $4
prisma:query INSERT INTO "public"."Category" ("id","name","nameFa","icon","color","type","isDefault","userId","createdAt","updatedAt") VALUES ($1,$2,$3,$4,$5,CAST($6::text AS "public"."TransactionType"),$7,$8,$9,$10) RETURNING "public"."Category"."id", "public"."Category"."name", "public"."Category"."nameFa", "public"."Category"."icon", "public"."Category"."color", "public"."Category"."type"::text, "public"."Category"."isDefault", "public"."Category"."userId", "public"."Category"."createdAt", "public"."Category"."updatedAt"
prisma:query SELECT "public"."Category"."id", "public"."Category"."name", "public"."Category"."nameFa", "public"."Category"."icon", "public"."Category"."color", "public"."Category"."type"::text, "public"."Category"."isDefault", "public"."Category"."userId", "public"."Category"."createdAt", "public"."Category"."updatedAt" FROM "public"."Category" WHERE ("public"."Category"."name" = $1 AND "public"."Category"."userId" = $2) LIMIT $3 OFFSET $4
prisma:query INSERT INTO "public"."Category" ("id","name","nameFa","icon","color","type","isDefault","userId","createdAt","updatedAt") VALUES ($1,$2,$3,$4,$5,CAST($6::text AS "public"."TransactionType"),$7,$8,$9,$10) RETURNING "public"."Category"."id", "public"."Category"."name", "public"."Category"."nameFa", "public"."Category"."icon", "public"."Category"."color", "public"."Category"."type"::text, "public"."Category"."isDefault", "public"."Category"."userId", "public"."Category"."createdAt", "public"."Category"."updatedAt"
prisma:query SELECT "public"."Category"."id", "public"."Category"."name", "public"."Category"."nameFa", "public"."Category"."icon", "public"."Category"."color", "public"."Category"."type"::text, "public"."Category"."isDefault", "public"."Category"."userId", "public"."Category"."createdAt", "public"."Category"."updatedAt" FROM "public"."Category" WHERE ("public"."Category"."name" = $1 AND "public"."Category"."userId" = $2) LIMIT $3 OFFSET $4
prisma:query INSERT INTO "public"."Category" ("id","name","nameFa","icon","color","type","isDefault","userId","createdAt","updatedAt") VALUES ($1,$2,$3,$4,$5,CAST($6::text AS "public"."TransactionType"),$7,$8,$9,$10) RETURNING "public"."Category"."id", "public"."Category"."name", "public"."Category"."nameFa", "public"."Category"."icon", "public"."Category"."color", "public"."Category"."type"::text, "public"."Category"."isDefault", "public"."Category"."userId", "public"."Category"."createdAt", "public"."Category"."updatedAt"
prisma:query SELECT "public"."Category"."id", "public"."Category"."name", "public"."Category"."nameFa", "public"."Category"."icon", "public"."Category"."color", "public"."Category"."type"::text, "public"."Category"."isDefault", "public"."Category"."userId", "public"."Category"."createdAt", "public"."Category"."updatedAt" FROM "public"."Category" WHERE ("public"."Category"."name" = $1 AND "public"."Category"."userId" = $2) LIMIT $3 OFFSET $4
prisma:query INSERT INTO "public"."Category" ("id","name","nameFa","icon","color","type","isDefault","userId","createdAt","updatedAt") VALUES ($1,$2,$3,$4,$5,CAST($6::text AS "public"."TransactionType"),$7,$8,$9,$10) RETURNING "public"."Category"."id", "public"."Category"."name", "public"."Category"."nameFa", "public"."Category"."icon", "public"."Category"."color", "public"."Category"."type"::text, "public"."Category"."isDefault", "public"."Category"."userId", "public"."Category"."createdAt", "public"."Category"."updatedAt"
prisma:query SELECT "public"."Category"."id", "public"."Category"."name", "public"."Category"."nameFa", "public"."Category"."icon", "public"."Category"."color", "public"."Category"."type"::text, "public"."Category"."isDefault", "public"."Category"."userId", "public"."Category"."createdAt", "public"."Category"."updatedAt" FROM "public"."Category" WHERE ("public"."Category"."name" = $1 AND "public"."Category"."userId" = $2) LIMIT $3 OFFSET $4
prisma:query INSERT INTO "public"."Category" ("id","name","nameFa","icon","color","type","isDefault","userId","createdAt","updatedAt") VALUES ($1,$2,$3,$4,$5,CAST($6::text AS "public"."TransactionType"),$7,$8,$9,$10) RETURNING "public"."Category"."id", "public"."Category"."name", "public"."Category"."nameFa", "public"."Category"."icon", "public"."Category"."color", "public"."Category"."type"::text, "public"."Category"."isDefault", "public"."Category"."userId", "public"."Category"."createdAt", "public"."Category"."updatedAt"
prisma:query SELECT "public"."Category"."id", "public"."Category"."name", "public"."Category"."nameFa", "public"."Category"."icon", "public"."Category"."color", "public"."Category"."type"::text, "public"."Category"."isDefault", "public"."Category"."userId", "public"."Category"."createdAt", "public"."Category"."updatedAt" FROM "public"."Category" WHERE ("public"."Category"."name" = $1 AND "public"."Category"."userId" = $2) LIMIT $3 OFFSET $4
prisma:query INSERT INTO "public"."Category" ("id","name","nameFa","icon","color","type","isDefault","userId","createdAt","updatedAt") VALUES ($1,$2,$3,$4,$5,CAST($6::text AS "public"."TransactionType"),$7,$8,$9,$10) RETURNING "public"."Category"."id", "public"."Category"."name", "public"."Category"."nameFa", "public"."Category"."icon", "public"."Category"."color", "public"."Category"."type"::text, "public"."Category"."isDefault", "public"."Category"."userId", "public"."Category"."createdAt", "public"."Category"."updatedAt"
prisma:query SELECT "public"."Category"."id", "public"."Category"."name", "public"."Category"."nameFa", "public"."Category"."icon", "public"."Category"."color", "public"."Category"."type"::text, "public"."Category"."isDefault", "public"."Category"."userId", "public"."Category"."createdAt", "public"."Category"."updatedAt" FROM "public"."Category" WHERE ("public"."Category"."name" = $1 AND "public"."Category"."userId" = $2) LIMIT $3 OFFSET $4
prisma:query INSERT INTO "public"."Category" ("id","name","nameFa","icon","color","type","isDefault","userId","createdAt","updatedAt") VALUES ($1,$2,$3,$4,$5,CAST($6::text AS "public"."TransactionType"),$7,$8,$9,$10) RETURNING "public"."Category"."id", "public"."Category"."name", "public"."Category"."nameFa", "public"."Category"."icon", "public"."Category"."color", "public"."Category"."type"::text, "public"."Category"."isDefault", "public"."Category"."userId", "public"."Category"."createdAt", "public"."Category"."updatedAt"
prisma:query SELECT "public"."Category"."id", "public"."Category"."name", "public"."Category"."nameFa", "public"."Category"."icon", "public"."Category"."color", "public"."Category"."type"::text, "public"."Category"."isDefault", "public"."Category"."userId", "public"."Category"."createdAt", "public"."Category"."updatedAt" FROM "public"."Category" WHERE ("public"."Category"."name" = $1 AND "public"."Category"."userId" = $2) LIMIT $3 OFFSET $4
prisma:query INSERT INTO "public"."Category" ("id","name","nameFa","icon","color","type","isDefault","userId","createdAt","updatedAt") VALUES ($1,$2,$3,$4,$5,CAST($6::text AS "public"."TransactionType"),$7,$8,$9,$10) RETURNING "public"."Category"."id", "public"."Category"."name", "public"."Category"."nameFa", "public"."Category"."icon", "public"."Category"."color", "public"."Category"."type"::text, "public"."Category"."isDefault", "public"."Category"."userId", "public"."Category"."createdAt", "public"."Category"."updatedAt"
 POST /api/auth/register 201 in 1122ms (next.js: 98ms, proxy.ts: 25ms, application-code: 1000ms)
[11:18:33 UTC] [32mINFO[39m: [36mUser registered[39m
    [35mservice[39m: "finance-app"
    [35muserId[39m: "cmspzxcqr005xnuvsx4lcr4p0"
    [35memail[39m: "test1786533509386@example.com"
 GET /dashboard 200 in 488ms (next.js: 18ms, proxy.ts: 146ms, application-code: 324ms)
 GET /login?registered=true 200 in 183ms (next.js: 70ms, proxy.ts: 20ms, application-code: 92ms)
prisma:query SELECT SUM("amount") AS "_sum$amount", COUNT(*) AS "_count$_all" FROM (SELECT "public"."Transaction"."amount", "public"."Transaction"."id" FROM "public"."Transaction" WHERE ("public"."Transaction"."userId" = $1 AND "public"."Transaction"."type" = CAST($2::text AS "public"."TransactionType")) OFFSET $3) AS "sub"
 GET /api/auth/session 200 in 313ms (next.js: 156ms, proxy.ts: 85ms, application-code: 72ms)
prisma:query SELECT "public"."Transaction"."id", "public"."Transaction"."amount", "public"."Transaction"."type"::text, "public"."Transaction"."description", "public"."Transaction"."date", "public"."Transaction"."receiptUrl", "public"."Transaction"."userId", "public"."Transaction"."categoryId", "public"."Transaction"."createdAt", "public"."Transaction"."updatedAt" FROM "public"."Transaction" WHERE "public"."Transaction"."userId" = $1 ORDER BY "public"."Transaction"."date" DESC LIMIT $2 OFFSET $3
prisma:query SELECT SUM("amount") AS "_sum$amount", COUNT(*) AS "_count$_all" FROM (SELECT "public"."Transaction"."amount", "public"."Transaction"."id" FROM "public"."Transaction" WHERE ("public"."Transaction"."userId" = $1 AND "public"."Transaction"."type" = CAST($2::text AS "public"."TransactionType")) OFFSET $3) AS "sub"
prisma:query SELECT SUM("public"."Transaction"."amount") AS "_sum$amount", COUNT(*) AS "_count$_all", "public"."Transaction"."categoryId", "public"."Transaction"."type"::text FROM "public"."Transaction" WHERE "public"."Transaction"."userId" = $1 GROUP BY "public"."Transaction"."categoryId", "public"."Transaction"."type" ORDER BY SUM("public"."Transaction"."amount") DESC OFFSET $2
prisma:query SELECT "public"."Category"."id", "public"."Category"."name", "public"."Category"."nameFa", "public"."Category"."icon", "public"."Category"."color" FROM "public"."Category" WHERE "public"."Category"."id" IN ($1,$2,$3,$4,$5,$6,$7,$8) OFFSET $9
prisma:query SELECT "public"."Category"."id", "public"."Category"."name", "public"."Category"."nameFa", "public"."Category"."icon", "public"."Category"."color", "public"."Category"."type"::text FROM "public"."Category" WHERE ("public"."Category"."userId" = $1 OR "public"."Category"."userId" IS NULL) OFFSET $2
 GET /api/dashboard 200 in 571ms (next.js: 55ms, proxy.ts: 95ms, application-code: 421ms)
 GET /dashboard/transactions 200 in 317ms (next.js: 62ms, proxy.ts: 134ms, application-code: 121ms)
prisma:query SELECT "public"."Transaction"."id", "public"."Transaction"."amount", "public"."Transaction"."type"::text, "public"."Transaction"."description", "public"."Transaction"."date", "public"."Transaction"."receiptUrl", "public"."Transaction"."userId", "public"."Transaction"."categoryId", "public"."Transaction"."createdAt", "public"."Transaction"."updatedAt" FROM "public"."Transaction" WHERE "public"."Transaction"."userId" = $1 ORDER BY "public"."Transaction"."date" DESC LIMIT $2 OFFSET $3
prisma:query SELECT SUM("amount") AS "_sum$amount", COUNT(*) AS "_count$_all" FROM (SELECT "public"."Transaction"."amount", "public"."Transaction"."id" FROM "public"."Transaction" WHERE ("public"."Transaction"."userId" = $1 AND "public"."Transaction"."type" = CAST($2::text AS "public"."TransactionType")) OFFSET $3) AS "sub"
prisma:query SELECT SUM("amount") AS "_sum$amount", COUNT(*) AS "_count$_all" FROM (SELECT "public"."Transaction"."amount", "public"."Transaction"."id" FROM "public"."Transaction" WHERE ("public"."Transaction"."userId" = $1 AND "public"."Transaction"."type" = CAST($2::text AS "public"."TransactionType")) OFFSET $3) AS "sub"
prisma:query SELECT SUM("public"."Transaction"."amount") AS "_sum$amount", COUNT(*) AS "_count$_all", "public"."Transaction"."categoryId", "public"."Transaction"."type"::text FROM "public"."Transaction" WHERE "public"."Transaction"."userId" = $1 GROUP BY "public"."Transaction"."categoryId", "public"."Transaction"."type" ORDER BY SUM("public"."Transaction"."amount") DESC OFFSET $2
 GET /api/auth/session 200 in 358ms (next.js: 90ms, proxy.ts: 81ms, application-code: 186ms)
prisma:query SELECT "public"."Category"."id", "public"."Category"."name", "public"."Category"."nameFa", "public"."Category"."icon", "public"."Category"."color" FROM "public"."Category" WHERE "public"."Category"."id" IN ($1,$2,$3,$4,$5,$6,$7,$8) OFFSET $9
prisma:query SELECT "public"."Category"."id", "public"."Category"."name", "public"."Category"."nameFa", "public"."Category"."icon", "public"."Category"."color", "public"."Category"."type"::text FROM "public"."Category" WHERE ("public"."Category"."userId" = $1 OR "public"."Category"."userId" IS NULL) OFFSET $2
 GET /api/dashboard 200 in 405ms (next.js: 60ms, proxy.ts: 80ms, application-code: 265ms)
 GET /api/auth/session 200 in 340ms (next.js: 65ms, proxy.ts: 204ms, application-code: 70ms)
prisma:query SELECT SUM("amount") AS "_sum$amount", COUNT(*) AS "_count$_all" FROM (SELECT "public"."Transaction"."amount", "public"."Transaction"."id" FROM "public"."Transaction" WHERE ("public"."Transaction"."userId" = $1 AND "public"."Transaction"."type" = CAST($2::text AS "public"."TransactionType")) OFFSET $3) AS "sub"
prisma:query SELECT SUM("amount") AS "_sum$amount", COUNT(*) AS "_count$_all" FROM (SELECT "public"."Transaction"."amount", "public"."Transaction"."id" FROM "public"."Transaction" WHERE ("public"."Transaction"."userId" = $1 AND "public"."Transaction"."type" = CAST($2::text AS "public"."TransactionType")) OFFSET $3) AS "sub"
prisma:query SELECT "public"."Transaction"."id", "public"."Transaction"."amount", "public"."Transaction"."type"::text, "public"."Transaction"."description", "public"."Transaction"."date", "public"."Transaction"."receiptUrl", "public"."Transaction"."userId", "public"."Transaction"."categoryId", "public"."Transaction"."createdAt", "public"."Transaction"."updatedAt" FROM "public"."Transaction" WHERE "public"."Transaction"."userId" = $1 ORDER BY "public"."Transaction"."date" DESC LIMIT $2 OFFSET $3
prisma:query SELECT SUM("public"."Transaction"."amount") AS "_sum$amount", COUNT(*) AS "_count$_all", "public"."Transaction"."categoryId", "public"."Transaction"."type"::text FROM "public"."Transaction" WHERE "public"."Transaction"."userId" = $1 GROUP BY "public"."Transaction"."categoryId", "public"."Transaction"."type" ORDER BY SUM("public"."Transaction"."amount") DESC OFFSET $2
prisma:query SELECT "public"."Category"."id", "public"."Category"."name", "public"."Category"."nameFa", "public"."Category"."icon", "public"."Category"."color" FROM "public"."Category" WHERE "public"."Category"."id" IN ($1,$2,$3,$4,$5,$6,$7,$8) OFFSET $9
 GET /api/auth/session 200 in 176ms (next.js: 40ms, proxy.ts: 69ms, application-code: 67ms)
prisma:query SELECT "public"."Category"."id", "public"."Category"."name", "public"."Category"."nameFa", "public"."Category"."icon", "public"."Category"."color", "public"."Category"."type"::text FROM "public"."Category" WHERE ("public"."Category"."userId" = $1 OR "public"."Category"."userId" IS NULL) OFFSET $2
 GET /api/dashboard 200 in 187ms (next.js: 14ms, proxy.ts: 71ms, application-code: 102ms)
 GET /api/transactions?sortBy=date&sortOrder=desc&page=1&limit=20 200 in 345ms (next.js: 149ms, proxy.ts: 174ms, application-code: 21ms)
 GET /api/categories 200 in 348ms (next.js: 91ms, proxy.ts: 175ms, application-code: 81ms)
 GET /api/auth/session 200 in 556ms (next.js: 52ms, proxy.ts: 226ms, application-code: 278ms)
prisma:query SELECT "public"."Category"."id", "public"."Category"."name", "public"."Category"."nameFa", "public"."Category"."icon", "public"."Category"."color", "public"."Category"."type"::text, "public"."Category"."isDefault", "public"."Category"."userId", "public"."Category"."createdAt", "public"."Category"."updatedAt" FROM "public"."Category" WHERE ("public"."Category"."userId" = $1 OR "public"."Category"."userId" IS NULL) ORDER BY "public"."Category"."type" ASC, "public"."Category"."nameFa" ASC OFFSET $2
 GET /api/auth/session 200 in 589ms (next.js: 234ms, proxy.ts: 259ms, application-code: 96ms)
 GET /dashboard/transactions/new 200 in 890ms (next.js: 75ms, proxy.ts: 67ms, application-code: 748ms)
 GET /dashboard/categories 200 in 554ms (next.js: 140ms, proxy.ts: 286ms, application-code: 127ms)
 GET /dashboard/transactions 200 in 874ms (next.js: 45ms, proxy.ts: 280ms, application-code: 548ms)
prisma:query SELECT "public"."Category"."id", "public"."Category"."name", "public"."Category"."nameFa", "public"."Category"."icon", "public"."Category"."color", "public"."Category"."type"::text, "public"."Category"."isDefault", "public"."Category"."userId", "public"."Category"."createdAt", "public"."Category"."updatedAt" FROM "public"."Category" WHERE ("public"."Category"."userId" = $1 OR "public"."Category"."userId" IS NULL) ORDER BY "public"."Category"."type" ASC, "public"."Category"."nameFa" ASC OFFSET $2
 GET /api/categories 200 in 295ms (next.js: 25ms, proxy.ts: 136ms, application-code: 135ms)
 GET /dashboard/chat 200 in 540ms (next.js: 31ms, proxy.ts: 164ms, application-code: 346ms)
 GET /login 200 in 100ms (next.js: 9ms, proxy.ts: 6ms, application-code: 85ms)
prisma:query SELECT "public"."Category"."id", "public"."Category"."name", "public"."Category"."nameFa", "public"."Category"."icon", "public"."Category"."color", "public"."Category"."type"::text, "public"."Category"."isDefault", "public"."Category"."userId", "public"."Category"."createdAt", "public"."Category"."updatedAt" FROM "public"."Category" WHERE ("public"."Category"."userId" = $1 OR "public"."Category"."userId" IS NULL) ORDER BY "public"."Category"."type" ASC, "public"."Category"."nameFa" ASC OFFSET $2
 GET /api/categories 200 in 319ms (next.js: 27ms, proxy.ts: 110ms, application-code: 182ms)
 GET /api/auth/session 200 in 317ms (next.js: 122ms, proxy.ts: 113ms, application-code: 83ms)
 GET /api/auth/session 200 in 439ms (next.js: 68ms, proxy.ts: 150ms, application-code: 222ms)
 GET /api/auth/session 200 in 155ms (next.js: 117ms, proxy.ts: 18ms, application-code: 20ms)
 GET /api/auth/session 200 in 528ms (next.js: 139ms, proxy.ts: 177ms, application-code: 212ms)
prisma:query SELECT "public"."Category"."id", "public"."Category"."name", "public"."Category"."nameFa", "public"."Category"."icon", "public"."Category"."type"::text FROM "public"."Category" WHERE (("public"."Category"."userId" = $1 OR "public"."Category"."userId" IS NULL) AND "public"."Category"."type" = CAST($2::text AS "public"."TransactionType")) OFFSET $3
prisma:query SELECT COUNT(*) AS "_count$_all" FROM (SELECT "public"."Category"."id" FROM "public"."Category" WHERE "public"."Category"."userId" = $1 OFFSET $2) AS "sub"
prisma:query SELECT "public"."Category"."id", "public"."Category"."name", "public"."Category"."nameFa", "public"."Category"."icon", "public"."Category"."type"::text FROM "public"."Category" WHERE (("public"."Category"."userId" = $1 OR "public"."Category"."userId" IS NULL) AND "public"."Category"."type" = CAST($2::text AS "public"."TransactionType")) OFFSET $3
 GET /login 200 in 267ms (next.js: 28ms, proxy.ts: 18ms, application-code: 221ms)
 GET /api/auth/session 200 in 232ms (next.js: 72ms, proxy.ts: 92ms, application-code: 67ms)
 POST /api/chat 200 in 208ms (next.js: 39ms, proxy.ts: 88ms, application-code: 82ms)
 GET /api/auth/session 200 in 87ms (next.js: 68ms, proxy.ts: 6ms, application-code: 12ms)
 GET /api/auth/session 200 in 24ms (next.js: 8ms, proxy.ts: 6ms, application-code: 10ms)
 POST /api/transactions/categorize 200 in 2.0s (next.js: 98ms, proxy.ts: 149ms, application-code: 1797ms)
[11:18:38 UTC] [33mWARN[39m: [36mZhipu categorization failed, using fallback[39m
    [35mservice[39m: "finance-app"
    [35muserId[39m: "cmspyvf2w0000u4vsyj6pjwgw"
    [35mdescription[39m: "تست تراکنش"
    error: {
      "status": 401,
      "headers": {},
      "requestID": null,
      "error": {
        "code": "401",
        "message": "令牌已过期或验证不正确"
      },
      "code": "401"
    }
[11:18:38 UTC] [33mWARN[39m: [36mZhipu categorization failed, using fallback[39m
    [35mservice[39m: "finance-app"
    [35muserId[39m: "cmspyvf2w0000u4vsyj6pjwgw"
    [35mdescription[39m: "تست تراکنش"
    error: {
      "status": 401,
      "headers": {},
      "requestID": null,
      "error": {
        "code": "401",
        "message": "令牌已过期或验证不正确"
      },
      "code": "401"
    }
prisma:query INSERT INTO "public"."Transaction" ("id","amount","type","description","date","userId","categoryId","createdAt","updatedAt") VALUES ($1,$2,CAST($3::text AS "public"."TransactionType"),$4,$5,$6,$7,$8,$9) RETURNING "public"."Transaction"."id"
prisma:query SELECT "public"."Transaction"."id", "public"."Transaction"."amount", "public"."Transaction"."type"::text, "public"."Transaction"."description", "public"."Transaction"."date", "public"."Transaction"."receiptUrl", "public"."Transaction"."userId", "public"."Transaction"."categoryId", "public"."Transaction"."createdAt", "public"."Transaction"."updatedAt" FROM "public"."Transaction" WHERE "public"."Transaction"."id" = $1 LIMIT $2 OFFSET $3
prisma:query SELECT "public"."Category"."id", "public"."Category"."name", "public"."Category"."nameFa", "public"."Category"."icon", "public"."Category"."color" FROM "public"."Category" WHERE "public"."Category"."id" = $1 OFFSET $2
prisma:query COMMIT
 POST /api/transactions 201 in 2.1s (next.js: 113ms, proxy.ts: 125ms, application-code: 1830ms)
[11:18:38 UTC] [32mINFO[39m: [36mTransaction created[39m
    [35mservice[39m: "finance-app"
    [35muserId[39m: "cmspyvf2w0000u4vsyj6pjwgw"
    [35mtransactionId[39m: "cmspzxhhr0069nuvs1km1vkg0"
    [35mcategorization[39m: "fallback"
 GET /dashboard/transactions 200 in 110ms (next.js: 22ms, proxy.ts: 24ms, application-code: 65ms)
 GET /dashboard/transactions 200 in 208ms (next.js: 32ms, proxy.ts: 65ms, application-code: 111ms)
 GET /login?callbackUrl=%2Fdashboard 200 in 147ms (next.js: 4ms, proxy.ts: 7ms, application-code: 136ms)
prisma:query SELECT "public"."Category"."id", "public"."Category"."name", "public"."Category"."nameFa", "public"."Category"."icon", "public"."Category"."color", "public"."Category"."type"::text, "public"."Category"."isDefault", "public"."Category"."userId", "public"."Category"."createdAt", "public"."Category"."updatedAt" FROM "public"."Category" WHERE ("public"."Category"."userId" = $1 OR "public"."Category"."userId" IS NULL) ORDER BY "public"."Category"."type" ASC, "public"."Category"."nameFa" ASC OFFSET $2
 GET /api/categories 200 in 154ms (next.js: 15ms, proxy.ts: 49ms, application-code: 90ms)
 GET /api/transactions?sortBy=date&sortOrder=desc&page=1&limit=20 400 in 251ms (next.js: 20ms, proxy.ts: 47ms, application-code: 184ms)
 GET /login 200 in 259ms (next.js: 27ms, proxy.ts: 23ms, application-code: 209ms)
 GET /api/transactions?sortBy=date&sortOrder=desc&page=1&limit=20 200 in 179ms (next.js: 25ms, proxy.ts: 96ms, application-code: 59ms)
 GET /api/categories 200 in 329ms (next.js: 10ms, proxy.ts: 183ms, application-code: 136ms)
prisma:query SELECT "public"."Category"."id", "public"."Category"."name", "public"."Category"."nameFa", "public"."Category"."icon", "public"."Category"."color", "public"."Category"."type"::text, "public"."Category"."isDefault", "public"."Category"."userId", "public"."Category"."createdAt", "public"."Category"."updatedAt" FROM "public"."Category" WHERE ("public"."Category"."userId" = $1 OR "public"."Category"."userId" IS NULL) ORDER BY "public"."Category"."type" ASC, "public"."Category"."nameFa" ASC OFFSET $2
 GET /api/auth/session 200 in 126ms (next.js: 104ms, proxy.ts: 8ms, application-code: 13ms)
 GET /api/auth/session 200 in 81ms (next.js: 38ms, proxy.ts: 18ms, application-code: 25ms)
 GET /api/auth/session 200 in 68ms (next.js: 32ms, proxy.ts: 28ms, application-code: 7ms)
 GET /api/auth/session 200 in 42ms (next.js: 19ms, proxy.ts: 7ms, application-code: 16ms)
 GET /register 200 in 152ms (next.js: 24ms, proxy.ts: 7ms, application-code: 121ms)
 GET /dashboard 200 in 167ms (next.js: 5ms, proxy.ts: 33ms, application-code: 129ms)
 GET /api/auth/session 200 in 149ms (next.js: 119ms, proxy.ts: 18ms, application-code: 12ms)
 GET /api/auth/session 200 in 144ms (next.js: 121ms, proxy.ts: 9ms, application-code: 14ms)
 GET /register 200 in 268ms (next.js: 12ms, proxy.ts: 11ms, application-code: 245ms)
 GET /dashboard 200 in 625ms (next.js: 11ms, proxy.ts: 158ms, application-code: 456ms)
prisma:query SELECT SUM("amount") AS "_sum$amount", COUNT(*) AS "_count$_all" FROM (SELECT "public"."Transaction"."amount", "public"."Transaction"."id" FROM "public"."Transaction" WHERE ("public"."Transaction"."userId" = $1 AND "public"."Transaction"."type" = CAST($2::text AS "public"."TransactionType")) OFFSET $3) AS "sub"
prisma:query SELECT SUM("amount") AS "_sum$amount", COUNT(*) AS "_count$_all" FROM (SELECT "public"."Transaction"."amount", "public"."Transaction"."id" FROM "public"."Transaction" WHERE ("public"."Transaction"."userId" = $1 AND "public"."Transaction"."type" = CAST($2::text AS "public"."TransactionType")) OFFSET $3) AS "sub"
prisma:query SELECT SUM("public"."Transaction"."amount") AS "_sum$amount", COUNT(*) AS "_count$_all", "public"."Transaction"."categoryId", "public"."Transaction"."type"::text FROM "public"."Transaction" WHERE "public"."Transaction"."userId" = $1 GROUP BY "public"."Transaction"."categoryId", "public"."Transaction"."type" ORDER BY SUM("public"."Transaction"."amount") DESC OFFSET $2
prisma:query SELECT "public"."Transaction"."id", "public"."Transaction"."amount", "public"."Transaction"."type"::text, "public"."Transaction"."description", "public"."Transaction"."date", "public"."Transaction"."receiptUrl", "public"."Transaction"."userId", "public"."Transaction"."categoryId", "public"."Transaction"."createdAt", "public"."Transaction"."updatedAt" FROM "public"."Transaction" WHERE "public"."Transaction"."userId" = $1 ORDER BY "public"."Transaction"."date" DESC LIMIT $2 OFFSET $3
prisma:query SELECT "public"."Category"."id", "public"."Category"."name", "public"."Category"."nameFa", "public"."Category"."icon", "public"."Category"."color" FROM "public"."Category" WHERE "public"."Category"."id" IN ($1,$2,$3,$4,$5,$6,$7,$8,$9) OFFSET $10
 GET /api/auth/session 200 in 455ms (next.js: 99ms, proxy.ts: 164ms, application-code: 192ms)
prisma:query SELECT "public"."Category"."id", "public"."Category"."name", "public"."Category"."nameFa", "public"."Category"."icon", "public"."Category"."color", "public"."Category"."type"::text FROM "public"."Category" WHERE ("public"."Category"."userId" = $1 OR "public"."Category"."userId" IS NULL) OFFSET $2
 GET /api/dashboard 200 in 473ms (next.js: 33ms, proxy.ts: 165ms, application-code: 275ms)
 GET /dashboard 200 in 507ms (next.js: 35ms, proxy.ts: 167ms, application-code: 305ms)
 GET /api/auth/session 200 in 199ms (next.js: 26ms, proxy.ts: 120ms, application-code: 53ms)
 GET /api/auth/session 200 in 134ms (next.js: 97ms, proxy.ts: 9ms, application-code: 28ms)
 GET /api/auth/session 200 in 49ms (next.js: 12ms, proxy.ts: 6ms, application-code: 31ms)
prisma:query SELECT SUM("amount") AS "_sum$amount", COUNT(*) AS "_count$_all" FROM (SELECT "public"."Transaction"."amount", "public"."Transaction"."id" FROM "public"."Transaction" WHERE ("public"."Transaction"."userId" = $1 AND "public"."Transaction"."type" = CAST($2::text AS "public"."TransactionType")) OFFSET $3) AS "sub"
prisma:query SELECT SUM("public"."Transaction"."amount") AS "_sum$amount", COUNT(*) AS "_count$_all", "public"."Transaction"."categoryId", "public"."Transaction"."type"::text FROM "public"."Transaction" WHERE "public"."Transaction"."userId" = $1 GROUP BY "public"."Transaction"."categoryId", "public"."Transaction"."type" ORDER BY SUM("public"."Transaction"."amount") DESC OFFSET $2
prisma:query SELECT "public"."Transaction"."id", "public"."Transaction"."amount", "public"."Transaction"."type"::text, "public"."Transaction"."description", "public"."Transaction"."date", "public"."Transaction"."receiptUrl", "public"."Transaction"."userId", "public"."Transaction"."categoryId", "public"."Transaction"."createdAt", "public"."Transaction"."updatedAt" FROM "public"."Transaction" WHERE "public"."Transaction"."userId" = $1 ORDER BY "public"."Transaction"."date" DESC LIMIT $2 OFFSET $3
prisma:query SELECT SUM("amount") AS "_sum$amount", COUNT(*) AS "_count$_all" FROM (SELECT "public"."Transaction"."amount", "public"."Transaction"."id" FROM "public"."Transaction" WHERE ("public"."Transaction"."userId" = $1 AND "public"."Transaction"."type" = CAST($2::text AS "public"."TransactionType")) OFFSET $3) AS "sub"
prisma:query SELECT "public"."Category"."id", "public"."Category"."name", "public"."Category"."nameFa", "public"."Category"."icon", "public"."Category"."color" FROM "public"."Category" WHERE "public"."Category"."id" IN ($1,$2,$3,$4,$5,$6,$7,$8,$9) OFFSET $10
prisma:query SELECT "public"."Category"."id", "public"."Category"."name", "public"."Category"."nameFa", "public"."Category"."icon", "public"."Category"."color", "public"."Category"."type"::text FROM "public"."Category" WHERE ("public"."Category"."userId" = $1 OR "public"."Category"."userId" IS NULL) OFFSET $2
 GET /api/dashboard 200 in 229ms (next.js: 22ms, proxy.ts: 132ms, application-code: 75ms)
 GET /dashboard/transactions/new 200 in 411ms (next.js: 23ms, proxy.ts: 24ms, application-code: 364ms)
 GET /api/auth/session 200 in 303ms (next.js: 46ms, proxy.ts: 132ms, application-code: 125ms)
 GET /api/auth/session 200 in 165ms (next.js: 43ms, proxy.ts: 70ms, application-code: 53ms)
prisma:query SELECT SUM("amount") AS "_sum$amount", COUNT(*) AS "_count$_all" FROM (SELECT "public"."Transaction"."amount", "public"."Transaction"."id" FROM "public"."Transaction" WHERE ("public"."Transaction"."userId" = $1 AND "public"."Transaction"."type" = CAST($2::text AS "public"."TransactionType")) OFFSET $3) AS "sub"
prisma:query SELECT SUM("amount") AS "_sum$amount", COUNT(*) AS "_count$_all" FROM (SELECT "public"."Transaction"."amount", "public"."Transaction"."id" FROM "public"."Transaction" WHERE ("public"."Transaction"."userId" = $1 AND "public"."Transaction"."type" = CAST($2::text AS "public"."TransactionType")) OFFSET $3) AS "sub"
prisma:query SELECT SUM("public"."Transaction"."amount") AS "_sum$amount", COUNT(*) AS "_count$_all", "public"."Transaction"."categoryId", "public"."Transaction"."type"::text FROM "public"."Transaction" WHERE "public"."Transaction"."userId" = $1 GROUP BY "public"."Transaction"."categoryId", "public"."Transaction"."type" ORDER BY SUM("public"."Transaction"."amount") DESC OFFSET $2
prisma:query SELECT "public"."Transaction"."id", "public"."Transaction"."amount", "public"."Transaction"."type"::text, "public"."Transaction"."description", "public"."Transaction"."date", "public"."Transaction"."receiptUrl", "public"."Transaction"."userId", "public"."Transaction"."categoryId", "public"."Transaction"."createdAt", "public"."Transaction"."updatedAt" FROM "public"."Transaction" WHERE "public"."Transaction"."userId" = $1 ORDER BY "public"."Transaction"."date" DESC LIMIT $2 OFFSET $3
prisma:query SELECT "public"."Category"."id", "public"."Category"."name", "public"."Category"."nameFa", "public"."Category"."icon", "public"."Category"."color" FROM "public"."Category" WHERE "public"."Category"."id" IN ($1,$2,$3,$4,$5,$6,$7,$8,$9) OFFSET $10
prisma:query SELECT "public"."Category"."id", "public"."Category"."name", "public"."Category"."nameFa", "public"."Category"."icon", "public"."Category"."color", "public"."Category"."type"::text FROM "public"."Category" WHERE ("public"."Category"."userId" = $1 OR "public"."Category"."userId" IS NULL) OFFSET $2
 GET /api/dashboard 200 in 230ms (next.js: 26ms, proxy.ts: 92ms, application-code: 112ms)
 GET /api/auth/session 200 in 115ms (next.js: 16ms, proxy.ts: 57ms, application-code: 43ms)
 GET /api/auth/session 200 in 121ms (next.js: 20ms, proxy.ts: 52ms, application-code: 48ms)
prisma:query SELECT "public"."User"."id", "public"."User"."name", "public"."User"."email", "public"."User"."emailVerified", "public"."User"."passwordHash", "public"."User"."image", "public"."User"."createdAt", "public"."User"."updatedAt" FROM "public"."User" WHERE ("public"."User"."email" = $1 AND 1=1) LIMIT $2 OFFSET $3
prisma:query INSERT INTO "public"."User" ("id","name","email","passwordHash","createdAt","updatedAt") VALUES ($1,$2,$3,$4,$5,$6) RETURNING "public"."User"."id", "public"."User"."email", "public"."User"."name", "public"."User"."createdAt"
prisma:query SELECT "public"."Category"."id", "public"."Category"."name", "public"."Category"."nameFa", "public"."Category"."icon", "public"."Category"."color", "public"."Category"."type"::text, "public"."Category"."isDefault", "public"."Category"."userId", "public"."Category"."createdAt", "public"."Category"."updatedAt" FROM "public"."Category" WHERE ("public"."Category"."name" = $1 AND "public"."Category"."userId" = $2) LIMIT $3 OFFSET $4
prisma:query INSERT INTO "public"."Category" ("id","name","nameFa","icon","color","type","isDefault","userId","createdAt","updatedAt") VALUES ($1,$2,$3,$4,$5,CAST($6::text AS "public"."TransactionType"),$7,$8,$9,$10) RETURNING "public"."Category"."id", "public"."Category"."name", "public"."Category"."nameFa", "public"."Category"."icon", "public"."Category"."color", "public"."Category"."type"::text, "public"."Category"."isDefault", "public"."Category"."userId", "public"."Category"."createdAt", "public"."Category"."updatedAt"
prisma:query SELECT "public"."Category"."id", "public"."Category"."name", "public"."Category"."nameFa", "public"."Category"."icon", "public"."Category"."color", "public"."Category"."type"::text, "public"."Category"."isDefault", "public"."Category"."userId", "public"."Category"."createdAt", "public"."Category"."updatedAt" FROM "public"."Category" WHERE ("public"."Category"."name" = $1 AND "public"."Category"."userId" = $2) LIMIT $3 OFFSET $4
prisma:query INSERT INTO "public"."Category" ("id","name","nameFa","icon","color","type","isDefault","userId","createdAt","updatedAt") VALUES ($1,$2,$3,$4,$5,CAST($6::text AS "public"."TransactionType"),$7,$8,$9,$10) RETURNING "public"."Category"."id", "public"."Category"."name", "public"."Category"."nameFa", "public"."Category"."icon", "public"."Category"."color", "public"."Category"."type"::text, "public"."Category"."isDefault", "public"."Category"."userId", "public"."Category"."createdAt", "public"."Category"."updatedAt"
 GET /dashboard/transactions 200 in 658ms (next.js: 18ms, proxy.ts: 503ms, application-code: 137ms)
prisma:query SELECT "public"."Category"."id", "public"."Category"."name", "public"."Category"."nameFa", "public"."Category"."icon", "public"."Category"."color", "public"."Category"."type"::text, "public"."Category"."isDefault", "public"."Category"."userId", "public"."Category"."createdAt", "public"."Category"."updatedAt" FROM "public"."Category" WHERE ("public"."Category"."name" = $1 AND "public"."Category"."userId" = $2) LIMIT $3 OFFSET $4
 GET /dashboard/categories 200 in 651ms (next.js: 56ms, proxy.ts: 401ms, application-code: 194ms)
prisma:query SELECT "public"."Category"."id", "public"."Category"."name", "public"."Category"."nameFa", "public"."Category"."icon", "public"."Category"."color", "public"."Category"."type"::text, "public"."Category"."isDefault", "public"."Category"."userId", "public"."Category"."createdAt", "public"."Category"."updatedAt" FROM "public"."Category" WHERE ("public"."Category"."userId" = $1 OR "public"."Category"."userId" IS NULL) ORDER BY "public"."Category"."type" ASC, "public"."Category"."nameFa" ASC OFFSET $2
 GET /api/categories 200 in 348ms (next.js: 19ms, proxy.ts: 160ms, application-code: 170ms)
 GET /api/auth/session 200 in 359ms (next.js: 139ms, proxy.ts: 160ms, application-code: 60ms)
prisma:query INSERT INTO "public"."Category" ("id","name","nameFa","icon","color","type","isDefault","userId","createdAt","updatedAt") VALUES ($1,$2,$3,$4,$5,CAST($6::text AS "public"."TransactionType"),$7,$8,$9,$10) RETURNING "public"."Category"."id", "public"."Category"."name", "public"."Category"."nameFa", "public"."Category"."icon", "public"."Category"."color", "public"."Category"."type"::text, "public"."Category"."isDefault", "public"."Category"."userId", "public"."Category"."createdAt", "public"."Category"."updatedAt"
prisma:query SELECT "public"."Category"."id", "public"."Category"."name", "public"."Category"."nameFa", "public"."Category"."icon", "public"."Category"."color", "public"."Category"."type"::text, "public"."Category"."isDefault", "public"."Category"."userId", "public"."Category"."createdAt", "public"."Category"."updatedAt" FROM "public"."Category" WHERE ("public"."Category"."name" = $1 AND "public"."Category"."userId" = $2) LIMIT $3 OFFSET $4
prisma:query INSERT INTO "public"."Category" ("id","name","nameFa","icon","color","type","isDefault","userId","createdAt","updatedAt") VALUES ($1,$2,$3,$4,$5,CAST($6::text AS "public"."TransactionType"),$7,$8,$9,$10) RETURNING "public"."Category"."id", "public"."Category"."name", "public"."Category"."nameFa", "public"."Category"."icon", "public"."Category"."color", "public"."Category"."type"::text, "public"."Category"."isDefault", "public"."Category"."userId", "public"."Category"."createdAt", "public"."Category"."updatedAt"
prisma:query SELECT "public"."Category"."id", "public"."Category"."name", "public"."Category"."nameFa", "public"."Category"."icon", "public"."Category"."color", "public"."Category"."type"::text, "public"."Category"."isDefault", "public"."Category"."userId", "public"."Category"."createdAt", "public"."Category"."updatedAt" FROM "public"."Category" WHERE ("public"."Category"."name" = $1 AND "public"."Category"."userId" = $2) LIMIT $3 OFFSET $4
prisma:query INSERT INTO "public"."Category" ("id","name","nameFa","icon","color","type","isDefault","userId","createdAt","updatedAt") VALUES ($1,$2,$3,$4,$5,CAST($6::text AS "public"."TransactionType"),$7,$8,$9,$10) RETURNING "public"."Category"."id", "public"."Category"."name", "public"."Category"."nameFa", "public"."Category"."icon", "public"."Category"."color", "public"."Category"."type"::text, "public"."Category"."isDefault", "public"."Category"."userId", "public"."Category"."createdAt", "public"."Category"."updatedAt"
prisma:query SELECT "public"."Category"."id", "public"."Category"."name", "public"."Category"."nameFa", "public"."Category"."icon", "public"."Category"."color", "public"."Category"."type"::text, "public"."Category"."isDefault", "public"."Category"."userId", "public"."Category"."createdAt", "public"."Category"."updatedAt" FROM "public"."Category" WHERE ("public"."Category"."name" = $1 AND "public"."Category"."userId" = $2) LIMIT $3 OFFSET $4
prisma:query INSERT INTO "public"."Category" ("id","name","nameFa","icon","color","type","isDefault","userId","createdAt","updatedAt") VALUES ($1,$2,$3,$4,$5,CAST($6::text AS "public"."TransactionType"),$7,$8,$9,$10) RETURNING "public"."Category"."id", "public"."Category"."name", "public"."Category"."nameFa", "public"."Category"."icon", "public"."Category"."color", "public"."Category"."type"::text, "public"."Category"."isDefault", "public"."Category"."userId", "public"."Category"."createdAt", "public"."Category"."updatedAt"
prisma:query SELECT "public"."Category"."id", "public"."Category"."name", "public"."Category"."nameFa", "public"."Category"."icon", "public"."Category"."color", "public"."Category"."type"::text, "public"."Category"."isDefault", "public"."Category"."userId", "public"."Category"."createdAt", "public"."Category"."updatedAt" FROM "public"."Category" WHERE ("public"."Category"."name" = $1 AND "public"."Category"."userId" = $2) LIMIT $3 OFFSET $4
prisma:query INSERT INTO "public"."Category" ("id","name","nameFa","icon","color","type","isDefault","userId","createdAt","updatedAt") VALUES ($1,$2,$3,$4,$5,CAST($6::text AS "public"."TransactionType"),$7,$8,$9,$10) RETURNING "public"."Category"."id", "public"."Category"."name", "public"."Category"."nameFa", "public"."Category"."icon", "public"."Category"."color", "public"."Category"."type"::text, "public"."Category"."isDefault", "public"."Category"."userId", "public"."Category"."createdAt", "public"."Category"."updatedAt"
prisma:query SELECT "public"."Category"."id", "public"."Category"."name", "public"."Category"."nameFa", "public"."Category"."icon", "public"."Category"."color", "public"."Category"."type"::text, "public"."Category"."isDefault", "public"."Category"."userId", "public"."Category"."createdAt", "public"."Category"."updatedAt" FROM "public"."Category" WHERE ("public"."Category"."name" = $1 AND "public"."Category"."userId" = $2) LIMIT $3 OFFSET $4
prisma:query INSERT INTO "public"."Category" ("id","name","nameFa","icon","color","type","isDefault","userId","createdAt","updatedAt") VALUES ($1,$2,$3,$4,$5,CAST($6::text AS "public"."TransactionType"),$7,$8,$9,$10) RETURNING "public"."Category"."id", "public"."Category"."name", "public"."Category"."nameFa", "public"."Category"."icon", "public"."Category"."color", "public"."Category"."type"::text, "public"."Category"."isDefault", "public"."Category"."userId", "public"."Category"."createdAt", "public"."Category"."updatedAt"
prisma:query SELECT "public"."Category"."id", "public"."Category"."name", "public"."Category"."nameFa", "public"."Category"."icon", "public"."Category"."color", "public"."Category"."type"::text, "public"."Category"."isDefault", "public"."Category"."userId", "public"."Category"."createdAt", "public"."Category"."updatedAt" FROM "public"."Category" WHERE ("public"."Category"."name" = $1 AND "public"."Category"."userId" = $2) LIMIT $3 OFFSET $4
prisma:query INSERT INTO "public"."Category" ("id","name","nameFa","icon","color","type","isDefault","userId","createdAt","updatedAt") VALUES ($1,$2,$3,$4,$5,CAST($6::text AS "public"."TransactionType"),$7,$8,$9,$10) RETURNING "public"."Category"."id", "public"."Category"."name", "public"."Category"."nameFa", "public"."Category"."icon", "public"."Category"."color", "public"."Category"."type"::text, "public"."Category"."isDefault", "public"."Category"."userId", "public"."Category"."createdAt", "public"."Category"."updatedAt"
prisma:query SELECT "public"."Category"."id", "public"."Category"."name", "public"."Category"."nameFa", "public"."Category"."icon", "public"."Category"."color", "public"."Category"."type"::text, "public"."Category"."isDefault", "public"."Category"."userId", "public"."Category"."createdAt", "public"."Category"."updatedAt" FROM "public"."Category" WHERE ("public"."Category"."name" = $1 AND "public"."Category"."userId" = $2) LIMIT $3 OFFSET $4
prisma:query INSERT INTO "public"."Category" ("id","name","nameFa","icon","color","type","isDefault","userId","createdAt","updatedAt") VALUES ($1,$2,$3,$4,$5,CAST($6::text AS "public"."TransactionType"),$7,$8,$9,$10) RETURNING "public"."Category"."id", "public"."Category"."name", "public"."Category"."nameFa", "public"."Category"."icon", "public"."Category"."color", "public"."Category"."type"::text, "public"."Category"."isDefault", "public"."Category"."userId", "public"."Category"."createdAt", "public"."Category"."updatedAt"
prisma:query SELECT "public"."Category"."id", "public"."Category"."name", "public"."Category"."nameFa", "public"."Category"."icon", "public"."Category"."color", "public"."Category"."type"::text, "public"."Category"."isDefault", "public"."Category"."userId", "public"."Category"."createdAt", "public"."Category"."updatedAt" FROM "public"."Category" WHERE ("public"."Category"."name" = $1 AND "public"."Category"."userId" = $2) LIMIT $3 OFFSET $4
prisma:query INSERT INTO "public"."Category" ("id","name","nameFa","icon","color","type","isDefault","userId","createdAt","updatedAt") VALUES ($1,$2,$3,$4,$5,CAST($6::text AS "public"."TransactionType"),$7,$8,$9,$10) RETURNING "public"."Category"."id", "public"."Category"."name", "public"."Category"."nameFa", "public"."Category"."icon", "public"."Category"."color", "public"."Category"."type"::text, "public"."Category"."isDefault", "public"."Category"."userId", "public"."Category"."createdAt", "public"."Category"."updatedAt"
 POST /api/auth/register 201 in 1141ms (next.js: 7ms, proxy.ts: 20ms, application-code: 1113ms)
[11:18:46 UTC] [32mINFO[39m: [36mUser registered[39m
    [35mservice[39m: "finance-app"
    [35muserId[39m: "cmspzxmoj006anuvs55ldq96q"
    [35memail[39m: "test1786533522205@example.com"
 GET /api/auth/session 200 in 187ms (next.js: 52ms, proxy.ts: 96ms, application-code: 40ms)
prisma:query SELECT "public"."Category"."id", "public"."Category"."name", "public"."Category"."nameFa", "public"."Category"."icon", "public"."Category"."color", "public"."Category"."type"::text, "public"."Category"."isDefault", "public"."Category"."userId", "public"."Category"."createdAt", "public"."Category"."updatedAt" FROM "public"."Category" WHERE ("public"."Category"."userId" = $1 OR "public"."Category"."userId" IS NULL) ORDER BY "public"."Category"."type" ASC, "public"."Category"."nameFa" ASC OFFSET $2
 GET /api/categories 200 in 181ms (next.js: 25ms, proxy.ts: 92ms, application-code: 63ms)
prisma:query SELECT "public"."Category"."id", "public"."Category"."name", "public"."Category"."nameFa", "public"."Category"."icon", "public"."Category"."color", "public"."Category"."type"::text, "public"."Category"."isDefault", "public"."Category"."userId", "public"."Category"."createdAt", "public"."Category"."updatedAt" FROM "public"."Category" WHERE ("public"."Category"."userId" = $1 OR "public"."Category"."userId" IS NULL) ORDER BY "public"."Category"."type" ASC, "public"."Category"."nameFa" ASC OFFSET $2
 GET /api/categories 200 in 89ms (next.js: 7ms, proxy.ts: 38ms, application-code: 44ms)
prisma:query SELECT "public"."Category"."id", "public"."Category"."name", "public"."Category"."nameFa", "public"."Category"."icon", "public"."Category"."type"::text FROM "public"."Category" WHERE (("public"."Category"."userId" = $1 OR "public"."Category"."userId" IS NULL) AND "public"."Category"."type" = CAST($2::text AS "public"."TransactionType")) OFFSET $3
 GET /login?registered=true 200 in 265ms (next.js: 112ms, proxy.ts: 14ms, application-code: 139ms)
prisma:query SELECT COUNT(*) AS "_count$_all" FROM (SELECT "public"."Category"."id" FROM "public"."Category" WHERE "public"."Category"."userId" = $1 OFFSET $2) AS "sub"
prisma:query SELECT "public"."Category"."id", "public"."Category"."name", "public"."Category"."nameFa", "public"."Category"."icon", "public"."Category"."type"::text FROM "public"."Category" WHERE (("public"."Category"."userId" = $1 OR "public"."Category"."userId" IS NULL) AND "public"."Category"."type" = CAST($2::text AS "public"."TransactionType")) OFFSET $3
 GET /dashboard/transactions 200 in 391ms (next.js: 62ms, proxy.ts: 46ms, application-code: 283ms)
 GET /dashboard/chat 200 in 264ms (next.js: 12ms, proxy.ts: 61ms, application-code: 190ms)
 GET /login 200 in 88ms (next.js: 5ms, proxy.ts: 6ms, application-code: 77ms)
 GET /api/auth/session 200 in 175ms (next.js: 77ms, proxy.ts: 61ms, application-code: 38ms)
 POST /api/transactions/categorize 200 in 1875ms (next.js: 10ms, proxy.ts: 38ms, application-code: 1828ms)
[11:18:48 UTC] [33mWARN[39m: [36mZhipu categorization failed, using fallback[39m
    [35mservice[39m: "finance-app"
    [35muserId[39m: "cmspyvf2w0000u4vsyj6pjwgw"
    [35mdescription[39m: "تست تراکنش"
    error: {
      "status": 401,
      "headers": {},
      "requestID": null,
      "error": {
        "code": "401",
        "message": "令牌已过期或验证不正确"
      },
      "code": "401"
    }
[11:18:48 UTC] [33mWARN[39m: [36mZhipu categorization failed, using fallback[39m
    [35mservice[39m: "finance-app"
    [35muserId[39m: "cmspyvf2w0000u4vsyj6pjwgw"
    [35mdescription[39m: "تست تراکنش"
    error: {
      "status": 401,
      "headers": {},
      "requestID": null,
      "error": {
        "code": "401",
        "message": "令牌已过期或验证不正确"
      },
      "code": "401"
    }
prisma:query INSERT INTO "public"."Transaction" ("id","amount","type","description","date","userId","categoryId","createdAt","updatedAt") VALUES ($1,$2,CAST($3::text AS "public"."TransactionType"),$4,$5,$6,$7,$8,$9) RETURNING "public"."Transaction"."id"
prisma:query SELECT "public"."Transaction"."id", "public"."Transaction"."amount", "public"."Transaction"."type"::text, "public"."Transaction"."description", "public"."Transaction"."date", "public"."Transaction"."receiptUrl", "public"."Transaction"."userId", "public"."Transaction"."categoryId", "public"."Transaction"."createdAt", "public"."Transaction"."updatedAt" FROM "public"."Transaction" WHERE "public"."Transaction"."id" = $1 LIMIT $2 OFFSET $3
prisma:query SELECT "public"."Category"."id", "public"."Category"."name", "public"."Category"."nameFa", "public"."Category"."icon", "public"."Category"."color" FROM "public"."Category" WHERE "public"."Category"."id" = $1 OFFSET $2
 GET /api/auth/session 200 in 178ms (next.js: 21ms, proxy.ts: 52ms, application-code: 105ms)
 GET /login 200 in 127ms (next.js: 19ms, proxy.ts: 10ms, application-code: 98ms)
prisma:query COMMIT
 POST /api/transactions 201 in 1988ms (next.js: 7ms, proxy.ts: 162ms, application-code: 1819ms)
[11:18:48 UTC] [32mINFO[39m: [36mTransaction created[39m
    [35mservice[39m: "finance-app"
    [35muserId[39m: "cmspyvf2w0000u4vsyj6pjwgw"
    [35mtransactionId[39m: "cmspzxops006mnuvs0oe2pfux"
    [35mcategorization[39m: "fallback"
 GET /api/auth/session 200 in 112ms (next.js: 68ms, proxy.ts: 31ms, application-code: 13ms)
 GET /api/auth/session 200 in 137ms (next.js: 49ms, proxy.ts: 25ms, application-code: 64ms)
 GET /dashboard/transactions 200 in 284ms (next.js: 26ms, proxy.ts: 158ms, application-code: 100ms)
 GET /dashboard/transactions 200 in 226ms (next.js: 28ms, proxy.ts: 69ms, application-code: 129ms)
prisma:query SELECT "public"."Category"."id", "public"."Category"."name", "public"."Category"."nameFa", "public"."Category"."icon", "public"."Category"."color", "public"."Category"."type"::text, "public"."Category"."isDefault", "public"."Category"."userId", "public"."Category"."createdAt", "public"."Category"."updatedAt" FROM "public"."Category" WHERE ("public"."Category"."userId" = $1 OR "public"."Category"."userId" IS NULL) ORDER BY "public"."Category"."type" ASC, "public"."Category"."nameFa" ASC OFFSET $2
 GET /api/categories 200 in 83ms (next.js: 9ms, proxy.ts: 32ms, application-code: 43ms)
 GET /api/transactions?sortBy=date&sortOrder=desc&page=1&limit=20 400 in 84ms (next.js: 6ms, proxy.ts: 40ms, application-code: 38ms)
prisma:query SELECT "public"."Category"."id", "public"."Category"."name", "public"."Category"."nameFa", "public"."Category"."icon", "public"."Category"."color", "public"."Category"."type"::text, "public"."Category"."isDefault", "public"."Category"."userId", "public"."Category"."createdAt", "public"."Category"."updatedAt" FROM "public"."Category" WHERE ("public"."Category"."userId" = $1 OR "public"."Category"."userId" IS NULL) ORDER BY "public"."Category"."type" ASC, "public"."Category"."nameFa" ASC OFFSET $2
 GET /api/categories 200 in 92ms (next.js: 13ms, proxy.ts: 37ms, application-code: 42ms)
 GET /api/transactions?sortBy=date&sortOrder=desc&page=1&limit=20 400 in 86ms (next.js: 18ms, proxy.ts: 32ms, application-code: 36ms)
 GET /api/auth/session 200 in 19ms (next.js: 7ms, proxy.ts: 6ms, application-code: 6ms)
 GET /api/auth/session 200 in 32ms (next.js: 14ms, proxy.ts: 11ms, application-code: 7ms)
 GET / 307 in 122ms (next.js: 3ms, proxy.ts: 4ms, application-code: 115ms)
 GET /login 200 in 52ms (next.js: 3ms, proxy.ts: 5ms, application-code: 43ms)
 GET / 307 in 76ms (next.js: 4ms, proxy.ts: 6ms, application-code: 66ms)
 GET /login 200 in 64ms (next.js: 3ms, proxy.ts: 4ms, application-code: 57ms)
 GET /login 200 in 359ms (next.js: 7ms, proxy.ts: 13ms, application-code: 338ms)
 GET /register 200 in 284ms (next.js: 12ms, proxy.ts: 20ms, application-code: 252ms)
 GET /register 200 in 295ms (next.js: 90ms, proxy.ts: 16ms, application-code: 189ms)
 GET /login?callbackUrl=%2Fdashboard 200 in 389ms (next.js: 106ms, proxy.ts: 12ms, application-code: 272ms)
 GET /api/auth/session 200 in 101ms (next.js: 75ms, proxy.ts: 11ms, application-code: 14ms)
 GET /api/auth/session 200 in 110ms (next.js: 87ms, proxy.ts: 14ms, application-code: 8ms)
 GET /api/auth/session 200 in 135ms (next.js: 95ms, proxy.ts: 11ms, application-code: 29ms)
 GET /api/auth/session 200 in 90ms (next.js: 31ms, proxy.ts: 44ms, application-code: 14ms)
 GET /api/auth/session 200 in 68ms (next.js: 36ms, proxy.ts: 22ms, application-code: 10ms)
 GET /api/auth/session 200 in 66ms (next.js: 45ms, proxy.ts: 13ms, application-code: 8ms)
 GET /api/auth/session 200 in 68ms (next.js: 52ms, proxy.ts: 9ms, application-code: 7ms)
 GET /api/auth/session 200 in 31ms (next.js: 17ms, proxy.ts: 9ms, application-code: 5ms)
 GET /dashboard 200 in 269ms (next.js: 5ms, proxy.ts: 20ms, application-code: 245ms)
 GET /dashboard 200 in 428ms (next.js: 14ms, proxy.ts: 48ms, application-code: 366ms)
prisma:query SELECT "public"."User"."id", "public"."User"."name", "public"."User"."email", "public"."User"."emailVerified", "public"."User"."passwordHash", "public"."User"."image", "public"."User"."createdAt", "public"."User"."updatedAt" FROM "public"."User" WHERE ("public"."User"."email" = $1 AND 1=1) LIMIT $2 OFFSET $3
prisma:query INSERT INTO "public"."User" ("id","name","email","passwordHash","createdAt","updatedAt") VALUES ($1,$2,$3,$4,$5,$6) RETURNING "public"."User"."id", "public"."User"."email", "public"."User"."name", "public"."User"."createdAt"
prisma:query SELECT "public"."Category"."id", "public"."Category"."name", "public"."Category"."nameFa", "public"."Category"."icon", "public"."Category"."color", "public"."Category"."type"::text, "public"."Category"."isDefault", "public"."Category"."userId", "public"."Category"."createdAt", "public"."Category"."updatedAt" FROM "public"."Category" WHERE ("public"."Category"."name" = $1 AND "public"."Category"."userId" = $2) LIMIT $3 OFFSET $4
prisma:query INSERT INTO "public"."Category" ("id","name","nameFa","icon","color","type","isDefault","userId","createdAt","updatedAt") VALUES ($1,$2,$3,$4,$5,CAST($6::text AS "public"."TransactionType"),$7,$8,$9,$10) RETURNING "public"."Category"."id", "public"."Category"."name", "public"."Category"."nameFa", "public"."Category"."icon", "public"."Category"."color", "public"."Category"."type"::text, "public"."Category"."isDefault", "public"."Category"."userId", "public"."Category"."createdAt", "public"."Category"."updatedAt"
prisma:query SELECT "public"."Category"."id", "public"."Category"."name", "public"."Category"."nameFa", "public"."Category"."icon", "public"."Category"."color", "public"."Category"."type"::text, "public"."Category"."isDefault", "public"."Category"."userId", "public"."Category"."createdAt", "public"."Category"."updatedAt" FROM "public"."Category" WHERE ("public"."Category"."name" = $1 AND "public"."Category"."userId" = $2) LIMIT $3 OFFSET $4
prisma:query INSERT INTO "public"."Category" ("id","name","nameFa","icon","color","type","isDefault","userId","createdAt","updatedAt") VALUES ($1,$2,$3,$4,$5,CAST($6::text AS "public"."TransactionType"),$7,$8,$9,$10) RETURNING "public"."Category"."id", "public"."Category"."name", "public"."Category"."nameFa", "public"."Category"."icon", "public"."Category"."color", "public"."Category"."type"::text, "public"."Category"."isDefault", "public"."Category"."userId", "public"."Category"."createdAt", "public"."Category"."updatedAt"
prisma:query SELECT "public"."Category"."id", "public"."Category"."name", "public"."Category"."nameFa", "public"."Category"."icon", "public"."Category"."color", "public"."Category"."type"::text, "public"."Category"."isDefault", "public"."Category"."userId", "public"."Category"."createdAt", "public"."Category"."updatedAt" FROM "public"."Category" WHERE ("public"."Category"."name" = $1 AND "public"."Category"."userId" = $2) LIMIT $3 OFFSET $4
prisma:query INSERT INTO "public"."Category" ("id","name","nameFa","icon","color","type","isDefault","userId","createdAt","updatedAt") VALUES ($1,$2,$3,$4,$5,CAST($6::text AS "public"."TransactionType"),$7,$8,$9,$10) RETURNING "public"."Category"."id", "public"."Category"."name", "public"."Category"."nameFa", "public"."Category"."icon", "public"."Category"."color", "public"."Category"."type"::text, "public"."Category"."isDefault", "public"."Category"."userId", "public"."Category"."createdAt", "public"."Category"."updatedAt"
prisma:query SELECT "public"."Category"."id", "public"."Category"."name", "public"."Category"."nameFa", "public"."Category"."icon", "public"."Category"."color", "public"."Category"."type"::text, "public"."Category"."isDefault", "public"."Category"."userId", "public"."Category"."createdAt", "public"."Category"."updatedAt" FROM "public"."Category" WHERE ("public"."Category"."name" = $1 AND "public"."Category"."userId" = $2) LIMIT $3 OFFSET $4
prisma:query INSERT INTO "public"."Category" ("id","name","nameFa","icon","color","type","isDefault","userId","createdAt","updatedAt") VALUES ($1,$2,$3,$4,$5,CAST($6::text AS "public"."TransactionType"),$7,$8,$9,$10) RETURNING "public"."Category"."id", "public"."Category"."name", "public"."Category"."nameFa", "public"."Category"."icon", "public"."Category"."color", "public"."Category"."type"::text, "public"."Category"."isDefault", "public"."Category"."userId", "public"."Category"."createdAt", "public"."Category"."updatedAt"
prisma:query SELECT "public"."Category"."id", "public"."Category"."name", "public"."Category"."nameFa", "public"."Category"."icon", "public"."Category"."color", "public"."Category"."type"::text, "public"."Category"."isDefault", "public"."Category"."userId", "public"."Category"."createdAt", "public"."Category"."updatedAt" FROM "public"."Category" WHERE ("public"."Category"."name" = $1 AND "public"."Category"."userId" = $2) LIMIT $3 OFFSET $4
prisma:query INSERT INTO "public"."Category" ("id","name","nameFa","icon","color","type","isDefault","userId","createdAt","updatedAt") VALUES ($1,$2,$3,$4,$5,CAST($6::text AS "public"."TransactionType"),$7,$8,$9,$10) RETURNING "public"."Category"."id", "public"."Category"."name", "public"."Category"."nameFa", "public"."Category"."icon", "public"."Category"."color", "public"."Category"."type"::text, "public"."Category"."isDefault", "public"."Category"."userId", "public"."Category"."createdAt", "public"."Category"."updatedAt"
prisma:query SELECT "public"."Category"."id", "public"."Category"."name", "public"."Category"."nameFa", "public"."Category"."icon", "public"."Category"."color", "public"."Category"."type"::text, "public"."Category"."isDefault", "public"."Category"."userId", "public"."Category"."createdAt", "public"."Category"."updatedAt" FROM "public"."Category" WHERE ("public"."Category"."name" = $1 AND "public"."Category"."userId" = $2) LIMIT $3 OFFSET $4
prisma:query INSERT INTO "public"."Category" ("id","name","nameFa","icon","color","type","isDefault","userId","createdAt","updatedAt") VALUES ($1,$2,$3,$4,$5,CAST($6::text AS "public"."TransactionType"),$7,$8,$9,$10) RETURNING "public"."Category"."id", "public"."Category"."name", "public"."Category"."nameFa", "public"."Category"."icon", "public"."Category"."color", "public"."Category"."type"::text, "public"."Category"."isDefault", "public"."Category"."userId", "public"."Category"."createdAt", "public"."Category"."updatedAt"
prisma:query SELECT "public"."Category"."id", "public"."Category"."name", "public"."Category"."nameFa", "public"."Category"."icon", "public"."Category"."color", "public"."Category"."type"::text, "public"."Category"."isDefault", "public"."Category"."userId", "public"."Category"."createdAt", "public"."Category"."updatedAt" FROM "public"."Category" WHERE ("public"."Category"."name" = $1 AND "public"."Category"."userId" = $2) LIMIT $3 OFFSET $4
prisma:query INSERT INTO "public"."Category" ("id","name","nameFa","icon","color","type","isDefault","userId","createdAt","updatedAt") VALUES ($1,$2,$3,$4,$5,CAST($6::text AS "public"."TransactionType"),$7,$8,$9,$10) RETURNING "public"."Category"."id", "public"."Category"."name", "public"."Category"."nameFa", "public"."Category"."icon", "public"."Category"."color", "public"."Category"."type"::text, "public"."Category"."isDefault", "public"."Category"."userId", "public"."Category"."createdAt", "public"."Category"."updatedAt"
prisma:query SELECT "public"."Category"."id", "public"."Category"."name", "public"."Category"."nameFa", "public"."Category"."icon", "public"."Category"."color", "public"."Category"."type"::text, "public"."Category"."isDefault", "public"."Category"."userId", "public"."Category"."createdAt", "public"."Category"."updatedAt" FROM "public"."Category" WHERE ("public"."Category"."name" = $1 AND "public"."Category"."userId" = $2) LIMIT $3 OFFSET $4
prisma:query INSERT INTO "public"."Category" ("id","name","nameFa","icon","color","type","isDefault","userId","createdAt","updatedAt") VALUES ($1,$2,$3,$4,$5,CAST($6::text AS "public"."TransactionType"),$7,$8,$9,$10) RETURNING "public"."Category"."id", "public"."Category"."name", "public"."Category"."nameFa", "public"."Category"."icon", "public"."Category"."color", "public"."Category"."type"::text, "public"."Category"."isDefault", "public"."Category"."userId", "public"."Category"."createdAt", "public"."Category"."updatedAt"
prisma:query SELECT "public"."Category"."id", "public"."Category"."name", "public"."Category"."nameFa", "public"."Category"."icon", "public"."Category"."color", "public"."Category"."type"::text, "public"."Category"."isDefault", "public"."Category"."userId", "public"."Category"."createdAt", "public"."Category"."updatedAt" FROM "public"."Category" WHERE ("public"."Category"."name" = $1 AND "public"."Category"."userId" = $2) LIMIT $3 OFFSET $4
prisma:query INSERT INTO "public"."Category" ("id","name","nameFa","icon","color","type","isDefault","userId","createdAt","updatedAt") VALUES ($1,$2,$3,$4,$5,CAST($6::text AS "public"."TransactionType"),$7,$8,$9,$10) RETURNING "public"."Category"."id", "public"."Category"."name", "public"."Category"."nameFa", "public"."Category"."icon", "public"."Category"."color", "public"."Category"."type"::text, "public"."Category"."isDefault", "public"."Category"."userId", "public"."Category"."createdAt", "public"."Category"."updatedAt"
prisma:query SELECT "public"."Category"."id", "public"."Category"."name", "public"."Category"."nameFa", "public"."Category"."icon", "public"."Category"."color", "public"."Category"."type"::text, "public"."Category"."isDefault", "public"."Category"."userId", "public"."Category"."createdAt", "public"."Category"."updatedAt" FROM "public"."Category" WHERE ("public"."Category"."name" = $1 AND "public"."Category"."userId" = $2) LIMIT $3 OFFSET $4
prisma:query INSERT INTO "public"."Category" ("id","name","nameFa","icon","color","type","isDefault","userId","createdAt","updatedAt") VALUES ($1,$2,$3,$4,$5,CAST($6::text AS "public"."TransactionType"),$7,$8,$9,$10) RETURNING "public"."Category"."id", "public"."Category"."name", "public"."Category"."nameFa", "public"."Category"."icon", "public"."Category"."color", "public"."Category"."type"::text, "public"."Category"."isDefault", "public"."Category"."userId", "public"."Category"."createdAt", "public"."Category"."updatedAt"
prisma:query SELECT "public"."Category"."id", "public"."Category"."name", "public"."Category"."nameFa", "public"."Category"."icon", "public"."Category"."color", "public"."Category"."type"::text, "public"."Category"."isDefault", "public"."Category"."userId", "public"."Category"."createdAt", "public"."Category"."updatedAt" FROM "public"."Category" WHERE ("public"."Category"."name" = $1 AND "public"."Category"."userId" = $2) LIMIT $3 OFFSET $4
 GET /dashboard 200 in 544ms (next.js: 8ms, proxy.ts: 308ms, application-code: 227ms)
prisma:query INSERT INTO "public"."Category" ("id","name","nameFa","icon","color","type","isDefault","userId","createdAt","updatedAt") VALUES ($1,$2,$3,$4,$5,CAST($6::text AS "public"."TransactionType"),$7,$8,$9,$10) RETURNING "public"."Category"."id", "public"."Category"."name", "public"."Category"."nameFa", "public"."Category"."icon", "public"."Category"."color", "public"."Category"."type"::text, "public"."Category"."isDefault", "public"."Category"."userId", "public"."Category"."createdAt", "public"."Category"."updatedAt"
 POST /api/auth/register 201 in 954ms (next.js: 18ms, proxy.ts: 17ms, application-code: 919ms)
[11:19:04 UTC] [32mINFO[39m: [36mUser registered[39m
    [35mservice[39m: "finance-app"
    [35muserId[39m: "cmspzy0s5006nnuvs49qd4wx0"
    [35memail[39m: "test1786533540394@example.com"
 GET /login?registered=true 200 in 99ms (next.js: 19ms, proxy.ts: 22ms, application-code: 59ms)
prisma:query SELECT SUM("amount") AS "_sum$amount", COUNT(*) AS "_count$_all" FROM (SELECT "public"."Transaction"."amount", "public"."Transaction"."id" FROM "public"."Transaction" WHERE ("public"."Transaction"."userId" = $1 AND "public"."Transaction"."type" = CAST($2::text AS "public"."TransactionType")) OFFSET $3) AS "sub"
 GET /api/auth/session 200 in 214ms (next.js: 101ms, proxy.ts: 57ms, application-code: 55ms)
prisma:query SELECT SUM("public"."Transaction"."amount") AS "_sum$amount", COUNT(*) AS "_count$_all", "public"."Transaction"."categoryId", "public"."Transaction"."type"::text FROM "public"."Transaction" WHERE "public"."Transaction"."userId" = $1 GROUP BY "public"."Transaction"."categoryId", "public"."Transaction"."type" ORDER BY SUM("public"."Transaction"."amount") DESC OFFSET $2
prisma:query SELECT "public"."Transaction"."id", "public"."Transaction"."amount", "public"."Transaction"."type"::text, "public"."Transaction"."description", "public"."Transaction"."date", "public"."Transaction"."receiptUrl", "public"."Transaction"."userId", "public"."Transaction"."categoryId", "public"."Transaction"."createdAt", "public"."Transaction"."updatedAt" FROM "public"."Transaction" WHERE "public"."Transaction"."userId" = $1 ORDER BY "public"."Transaction"."date" DESC LIMIT $2 OFFSET $3
prisma:query SELECT SUM("amount") AS "_sum$amount", COUNT(*) AS "_count$_all" FROM (SELECT "public"."Transaction"."amount", "public"."Transaction"."id" FROM "public"."Transaction" WHERE ("public"."Transaction"."userId" = $1 AND "public"."Transaction"."type" = CAST($2::text AS "public"."TransactionType")) OFFSET $3) AS "sub"
prisma:query SELECT "public"."Category"."id", "public"."Category"."name", "public"."Category"."nameFa", "public"."Category"."icon", "public"."Category"."color" FROM "public"."Category" WHERE "public"."Category"."id" IN ($1,$2,$3,$4,$5,$6,$7,$8,$9,$10) OFFSET $11
prisma:query SELECT "public"."Category"."id", "public"."Category"."name", "public"."Category"."nameFa", "public"."Category"."icon", "public"."Category"."color", "public"."Category"."type"::text FROM "public"."Category" WHERE ("public"."Category"."userId" = $1 OR "public"."Category"."userId" IS NULL) OFFSET $2
 GET /api/dashboard 200 in 390ms (next.js: 15ms, proxy.ts: 57ms, application-code: 318ms)
 GET /api/auth/session 200 in 246ms (next.js: 48ms, proxy.ts: 139ms, application-code: 59ms)
prisma:query SELECT SUM("amount") AS "_sum$amount", COUNT(*) AS "_count$_all" FROM (SELECT "public"."Transaction"."amount", "public"."Transaction"."id" FROM "public"."Transaction" WHERE ("public"."Transaction"."userId" = $1 AND "public"."Transaction"."type" = CAST($2::text AS "public"."TransactionType")) OFFSET $3) AS "sub"
prisma:query SELECT SUM("public"."Transaction"."amount") AS "_sum$amount", COUNT(*) AS "_count$_all", "public"."Transaction"."categoryId", "public"."Transaction"."type"::text FROM "public"."Transaction" WHERE "public"."Transaction"."userId" = $1 GROUP BY "public"."Transaction"."categoryId", "public"."Transaction"."type" ORDER BY SUM("public"."Transaction"."amount") DESC OFFSET $2
prisma:query SELECT "public"."Transaction"."id", "public"."Transaction"."amount", "public"."Transaction"."type"::text, "public"."Transaction"."description", "public"."Transaction"."date", "public"."Transaction"."receiptUrl", "public"."Transaction"."userId", "public"."Transaction"."categoryId", "public"."Transaction"."createdAt", "public"."Transaction"."updatedAt" FROM "public"."Transaction" WHERE "public"."Transaction"."userId" = $1 ORDER BY "public"."Transaction"."date" DESC LIMIT $2 OFFSET $3
prisma:query SELECT SUM("amount") AS "_sum$amount", COUNT(*) AS "_count$_all" FROM (SELECT "public"."Transaction"."amount", "public"."Transaction"."id" FROM "public"."Transaction" WHERE ("public"."Transaction"."userId" = $1 AND "public"."Transaction"."type" = CAST($2::text AS "public"."TransactionType")) OFFSET $3) AS "sub"
 GET /api/auth/session 200 in 193ms (next.js: 40ms, proxy.ts: 101ms, application-code: 53ms)
prisma:query SELECT "public"."Category"."id", "public"."Category"."name", "public"."Category"."nameFa", "public"."Category"."icon", "public"."Category"."color" FROM "public"."Category" WHERE "public"."Category"."id" IN ($1,$2,$3,$4,$5,$6,$7,$8,$9,$10) OFFSET $11
prisma:query SELECT "public"."Category"."id", "public"."Category"."name", "public"."Category"."nameFa", "public"."Category"."icon", "public"."Category"."color", "public"."Category"."type"::text FROM "public"."Category" WHERE ("public"."Category"."userId" = $1 OR "public"."Category"."userId" IS NULL) OFFSET $2
 GET /api/dashboard 200 in 212ms (next.js: 17ms, proxy.ts: 102ms, application-code: 93ms)
 GET /dashboard/transactions 200 in 318ms (next.js: 24ms, proxy.ts: 55ms, application-code: 239ms)
prisma:query SELECT SUM("amount") AS "_sum$amount", COUNT(*) AS "_count$_all" FROM (SELECT "public"."Transaction"."amount", "public"."Transaction"."id" FROM "public"."Transaction" WHERE ("public"."Transaction"."userId" = $1 AND "public"."Transaction"."type" = CAST($2::text AS "public"."TransactionType")) OFFSET $3) AS "sub"
prisma:query SELECT SUM("public"."Transaction"."amount") AS "_sum$amount", COUNT(*) AS "_count$_all", "public"."Transaction"."categoryId", "public"."Transaction"."type"::text FROM "public"."Transaction" WHERE "public"."Transaction"."userId" = $1 GROUP BY "public"."Transaction"."categoryId", "public"."Transaction"."type" ORDER BY SUM("public"."Transaction"."amount") DESC OFFSET $2
prisma:query SELECT SUM("amount") AS "_sum$amount", COUNT(*) AS "_count$_all" FROM (SELECT "public"."Transaction"."amount", "public"."Transaction"."id" FROM "public"."Transaction" WHERE ("public"."Transaction"."userId" = $1 AND "public"."Transaction"."type" = CAST($2::text AS "public"."TransactionType")) OFFSET $3) AS "sub"
prisma:query SELECT "public"."Transaction"."id", "public"."Transaction"."amount", "public"."Transaction"."type"::text, "public"."Transaction"."description", "public"."Transaction"."date", "public"."Transaction"."receiptUrl", "public"."Transaction"."userId", "public"."Transaction"."categoryId", "public"."Transaction"."createdAt", "public"."Transaction"."updatedAt" FROM "public"."Transaction" WHERE "public"."Transaction"."userId" = $1 ORDER BY "public"."Transaction"."date" DESC LIMIT $2 OFFSET $3
prisma:query SELECT "public"."Category"."id", "public"."Category"."name", "public"."Category"."nameFa", "public"."Category"."icon", "public"."Category"."color" FROM "public"."Category" WHERE "public"."Category"."id" IN ($1,$2,$3,$4,$5,$6,$7,$8,$9,$10) OFFSET $11
prisma:query SELECT "public"."Category"."id", "public"."Category"."name", "public"."Category"."nameFa", "public"."Category"."icon", "public"."Category"."color", "public"."Category"."type"::text FROM "public"."Category" WHERE ("public"."Category"."userId" = $1 OR "public"."Category"."userId" IS NULL) OFFSET $2
 GET /api/dashboard 200 in 424ms (next.js: 9ms, proxy.ts: 47ms, application-code: 369ms)
 GET /api/auth/session 200 in 449ms (next.js: 226ms, proxy.ts: 47ms, application-code: 176ms)
 GET /api/auth/session 200 in 274ms (next.js: 67ms, proxy.ts: 157ms, application-code: 50ms)
 GET /dashboard/transactions/new 200 in 661ms (next.js: 177ms, proxy.ts: 63ms, application-code: 420ms)
 GET /dashboard/categories 200 in 413ms (next.js: 73ms, proxy.ts: 117ms, application-code: 223ms)
 GET /api/auth/session 200 in 418ms (next.js: 42ms, proxy.ts: 213ms, application-code: 162ms)
 GET /dashboard/transactions 200 in 801ms (next.js: 135ms, proxy.ts: 147ms, application-code: 519ms)
prisma:query SELECT "public"."Category"."id", "public"."Category"."name", "public"."Category"."nameFa", "public"."Category"."icon", "public"."Category"."color", "public"."Category"."type"::text, "public"."Category"."isDefault", "public"."Category"."userId", "public"."Category"."createdAt", "public"."Category"."updatedAt" FROM "public"."Category" WHERE ("public"."Category"."userId" = $1 OR "public"."Category"."userId" IS NULL) ORDER BY "public"."Category"."type" ASC, "public"."Category"."nameFa" ASC OFFSET $2
 GET /api/categories 200 in 235ms (next.js: 21ms, proxy.ts: 108ms, application-code: 106ms)
 GET /dashboard/chat 200 in 482ms (next.js: 26ms, proxy.ts: 90ms, application-code: 366ms)
 GET /login 200 in 117ms (next.js: 7ms, proxy.ts: 6ms, application-code: 104ms)
prisma:query SELECT "public"."Category"."id", "public"."Category"."name", "public"."Category"."nameFa", "public"."Category"."icon", "public"."Category"."color", "public"."Category"."type"::text, "public"."Category"."isDefault", "public"."Category"."userId", "public"."Category"."createdAt", "public"."Category"."updatedAt" FROM "public"."Category" WHERE ("public"."Category"."userId" = $1 OR "public"."Category"."userId" IS NULL) ORDER BY "public"."Category"."type" ASC, "public"."Category"."nameFa" ASC OFFSET $2
 GET /api/categories 200 in 362ms (next.js: 18ms, proxy.ts: 142ms, application-code: 202ms)
 GET /api/auth/session 200 in 378ms (next.js: 139ms, proxy.ts: 136ms, application-code: 103ms)
prisma:query SELECT "public"."Category"."id", "public"."Category"."name", "public"."Category"."nameFa", "public"."Category"."icon", "public"."Category"."type"::text FROM "public"."Category" WHERE (("public"."Category"."userId" = $1 OR "public"."Category"."userId" IS NULL) AND "public"."Category"."type" = CAST($2::text AS "public"."TransactionType")) OFFSET $3
prisma:query SELECT COUNT(*) AS "_count$_all" FROM (SELECT "public"."Category"."id" FROM "public"."Category" WHERE "public"."Category"."userId" = $1 OFFSET $2) AS "sub"
prisma:query SELECT "public"."Category"."id", "public"."Category"."name", "public"."Category"."nameFa", "public"."Category"."icon", "public"."Category"."type"::text FROM "public"."Category" WHERE (("public"."Category"."userId" = $1 OR "public"."Category"."userId" IS NULL) AND "public"."Category"."type" = CAST($2::text AS "public"."TransactionType")) OFFSET $3
 GET /api/auth/session 200 in 298ms (next.js: 91ms, proxy.ts: 64ms, application-code: 144ms)
 GET /login 200 in 214ms (next.js: 13ms, proxy.ts: 14ms, application-code: 187ms)
 GET /api/auth/session 200 in 298ms (next.js: 54ms, proxy.ts: 145ms, application-code: 99ms)
prisma:query SELECT SUM("amount") AS "_sum$amount", COUNT(*) AS "_count$_all" FROM (SELECT "public"."Transaction"."amount", "public"."Transaction"."id" FROM "public"."Transaction" WHERE ("public"."Transaction"."userId" = $1 AND "public"."Transaction"."type" = CAST($2::text AS "public"."TransactionType")) OFFSET $3) AS "sub"
prisma:query SELECT "public"."Transaction"."id", "public"."Transaction"."amount", "public"."Transaction"."type"::text, "public"."Transaction"."description", "public"."Transaction"."date", "public"."Transaction"."receiptUrl", "public"."Transaction"."userId", "public"."Transaction"."categoryId", "public"."Transaction"."createdAt", "public"."Transaction"."updatedAt" FROM "public"."Transaction" WHERE "public"."Transaction"."userId" = $1 ORDER BY "public"."Transaction"."date" DESC LIMIT $2 OFFSET $3
prisma:query SELECT "public"."Category"."id", "public"."Category"."name", "public"."Category"."nameFa", "public"."Category"."icon", "public"."Category"."type"::text FROM "public"."Category" WHERE "public"."Category"."userId" = $1 OFFSET $2
prisma:query SELECT SUM("amount") AS "_sum$amount", COUNT(*) AS "_count$_all" FROM (SELECT "public"."Transaction"."amount", "public"."Transaction"."id" FROM "public"."Transaction" WHERE ("public"."Transaction"."userId" = $1 AND "public"."Transaction"."type" = CAST($2::text AS "public"."TransactionType")) OFFSET $3) AS "sub"
 POST /api/chat 200 in 235ms (next.js: 25ms, proxy.ts: 106ms, application-code: 104ms)
 GET /api/auth/session 200 in 175ms (next.js: 39ms, proxy.ts: 96ms, application-code: 40ms)
prisma:query SELECT "public"."Category"."id", "public"."Category"."nameFa", "public"."Category"."icon", "public"."Category"."type"::text FROM "public"."Category" WHERE "public"."Category"."id" IN ($1,$2,$3,$4,$5,$6,$7,$8,$9,$10) OFFSET $11
 GET /api/auth/session 200 in 22ms (next.js: 10ms, proxy.ts: 6ms, application-code: 6ms)
 GET /api/auth/session 200 in 27ms (next.js: 11ms, proxy.ts: 8ms, application-code: 7ms)
 GET /api/auth/session 200 in 134ms (next.js: 102ms, proxy.ts: 23ms, application-code: 9ms)
[11:19:09 UTC] [33mWARN[39m: [36mZhipu categorization failed, using fallback[39m
    [35mservice[39m: "finance-app"
    [35muserId[39m: "cmspyvf2w0000u4vsyj6pjwgw"
    [35mdescription[39m: "تست تراکنش"
    error: {
      "status": 401,
      "headers": {},
      "requestID": null,
      "error": {
        "code": "401",
        "message": "令牌已过期或验证不正确"
      },
      "code": "401"
    }
prisma:query INSERT INTO "public"."Transaction" ("id","amount","type","description","date","userId","categoryId","createdAt","updatedAt") VALUES ($1,$2,CAST($3::text AS "public"."TransactionType"),$4,$5,$6,$7,$8,$9) RETURNING "public"."Transaction"."id"
prisma:query SELECT "public"."Transaction"."id", "public"."Transaction"."amount", "public"."Transaction"."type"::text, "public"."Transaction"."description", "public"."Transaction"."date", "public"."Transaction"."receiptUrl", "public"."Transaction"."userId", "public"."Transaction"."categoryId", "public"."Transaction"."createdAt", "public"."Transaction"."updatedAt" FROM "public"."Transaction" WHERE "public"."Transaction"."id" = $1 LIMIT $2 OFFSET $3
prisma:query SELECT "public"."Category"."id", "public"."Category"."name", "public"."Category"."nameFa", "public"."Category"."icon", "public"."Category"."color" FROM "public"."Category" WHERE "public"."Category"."id" = $1 OFFSET $2
prisma:query COMMIT
 POST /api/transactions 201 in 2.3s (next.js: 24ms, proxy.ts: 102ms, application-code: 2.2s)
[11:19:09 UTC] [32mINFO[39m: [36mTransaction created[39m
    [35mservice[39m: "finance-app"
    [35muserId[39m: "cmspyvf2w0000u4vsyj6pjwgw"
    [35mtransactionId[39m: "cmspzy5d8006znuvsiek6qw4e"
    [35mcategorization[39m: "fallback"
 POST /api/transactions/categorize 200 in 2.5s (next.js: 32ms, proxy.ts: 189ms, application-code: 2.3s)
[11:19:09 UTC] [33mWARN[39m: [36mZhipu categorization failed, using fallback[39m
    [35mservice[39m: "finance-app"
    [35muserId[39m: "cmspyvf2w0000u4vsyj6pjwgw"
    [35mdescription[39m: "تست تراکنش"
    error: {
      "status": 401,
      "headers": {},
      "requestID": null,
      "error": {
        "code": "401",
        "message": "令牌已过期或验证不正确"
      },
      "code": "401"
    }
 GET /dashboard/transactions 200 in 244ms (next.js: 11ms, proxy.ts: 97ms, application-code: 136ms)
 GET /login?callbackUrl=%2Fdashboard 200 in 145ms (next.js: 5ms, proxy.ts: 8ms, application-code: 132ms)
 GET /login 200 in 332ms (next.js: 94ms, proxy.ts: 16ms, application-code: 223ms)
 GET /dashboard/transactions 200 in 350ms (next.js: 131ms, proxy.ts: 46ms, application-code: 172ms)
 GET /api/transactions?sortBy=date&sortOrder=desc&page=1&limit=20 400 in 126ms (next.js: 10ms, proxy.ts: 48ms, application-code: 69ms)
prisma:query SELECT "public"."Category"."id", "public"."Category"."name", "public"."Category"."nameFa", "public"."Category"."icon", "public"."Category"."color", "public"."Category"."type"::text, "public"."Category"."isDefault", "public"."Category"."userId", "public"."Category"."createdAt", "public"."Category"."updatedAt" FROM "public"."Category" WHERE ("public"."Category"."userId" = $1 OR "public"."Category"."userId" IS NULL) ORDER BY "public"."Category"."type" ASC, "public"."Category"."nameFa" ASC OFFSET $2
 GET /api/categories 200 in 135ms (next.js: 45ms, proxy.ts: 47ms, application-code: 43ms)
 GET /api/transactions?sortBy=date&sortOrder=desc&page=1&limit=20 400 in 102ms (next.js: 11ms, proxy.ts: 43ms, application-code: 48ms)
prisma:query SELECT "public"."Category"."id", "public"."Category"."name", "public"."Category"."nameFa", "public"."Category"."icon", "public"."Category"."color", "public"."Category"."type"::text, "public"."Category"."isDefault", "public"."Category"."userId", "public"."Category"."createdAt", "public"."Category"."updatedAt" FROM "public"."Category" WHERE ("public"."Category"."userId" = $1 OR "public"."Category"."userId" IS NULL) ORDER BY "public"."Category"."type" ASC, "public"."Category"."nameFa" ASC OFFSET $2
 GET /api/categories 200 in 100ms (next.js: 16ms, proxy.ts: 35ms, application-code: 48ms)
[11:19:11 UTC] [33mWARN[39m: [36mAssistant request failed[39m
    [35mservice[39m: "finance-app"
    [35muserId[39m: "cmspyvf2w0000u4vsyj6pjwgw"
    error: {
      "status": 401,
      "headers": {},
      "requestID": null,
      "error": {
        "code": "401",
        "message": "令牌已过期或验证不正确"
      },
      "code": "401"
    }
[11:19:11 UTC] [32mINFO[39m: [36mAssistant answered[39m
    [35mservice[39m: "finance-app"
    [35muserId[39m: "cmspyvf2w0000u4vsyj6pjwgw"
    [35mfallback[39m: true
 GET /register 200 in 217ms (next.js: 4ms, proxy.ts: 6ms, application-code: 206ms)
 GET /api/auth/session 200 in 116ms (next.js: 83ms, proxy.ts: 10ms, application-code: 23ms)
 GET /api/auth/session 200 in 72ms (next.js: 41ms, proxy.ts: 12ms, application-code: 19ms)
 GET /api/auth/session 200 in 57ms (next.js: 12ms, proxy.ts: 29ms, application-code: 15ms)
 GET /api/auth/session 200 in 53ms (next.js: 25ms, proxy.ts: 16ms, application-code: 11ms)
 GET /dashboard 200 in 182ms (next.js: 5ms, proxy.ts: 17ms, application-code: 160ms)
 GET /api/auth/session 200 in 49ms (next.js: 18ms, proxy.ts: 22ms, application-code: 10ms)
 GET /api/auth/session 200 in 55ms (next.js: 24ms, proxy.ts: 20ms, application-code: 12ms)
 GET /dashboard 200 in 248ms (next.js: 10ms, proxy.ts: 44ms, application-code: 194ms)
prisma:query SELECT SUM("amount") AS "_sum$amount", COUNT(*) AS "_count$_all" FROM (SELECT "public"."Transaction"."amount", "public"."Transaction"."id" FROM "public"."Transaction" WHERE ("public"."Transaction"."userId" = $1 AND "public"."Transaction"."type" = CAST($2::text AS "public"."TransactionType")) OFFSET $3) AS "sub"
prisma:query SELECT "public"."Transaction"."id", "public"."Transaction"."amount", "public"."Transaction"."type"::text, "public"."Transaction"."description", "public"."Transaction"."date", "public"."Transaction"."receiptUrl", "public"."Transaction"."userId", "public"."Transaction"."categoryId", "public"."Transaction"."createdAt", "public"."Transaction"."updatedAt" FROM "public"."Transaction" WHERE "public"."Transaction"."userId" = $1 ORDER BY "public"."Transaction"."date" DESC LIMIT $2 OFFSET $3
prisma:query SELECT SUM("amount") AS "_sum$amount", COUNT(*) AS "_count$_all" FROM (SELECT "public"."Transaction"."amount", "public"."Transaction"."id" FROM "public"."Transaction" WHERE ("public"."Transaction"."userId" = $1 AND "public"."Transaction"."type" = CAST($2::text AS "public"."TransactionType")) OFFSET $3) AS "sub"
prisma:query SELECT SUM("public"."Transaction"."amount") AS "_sum$amount", COUNT(*) AS "_count$_all", "public"."Transaction"."categoryId", "public"."Transaction"."type"::text FROM "public"."Transaction" WHERE "public"."Transaction"."userId" = $1 GROUP BY "public"."Transaction"."categoryId", "public"."Transaction"."type" ORDER BY SUM("public"."Transaction"."amount") DESC OFFSET $2
prisma:query SELECT "public"."Category"."id", "public"."Category"."name", "public"."Category"."nameFa", "public"."Category"."icon", "public"."Category"."color" FROM "public"."Category" WHERE "public"."Category"."id" IN ($1,$2,$3,$4,$5,$6,$7,$8,$9,$10) OFFSET $11
 GET /api/auth/session 200 in 532ms (next.js: 156ms, proxy.ts: 148ms, application-code: 228ms)
prisma:query SELECT "public"."Category"."id", "public"."Category"."name", "public"."Category"."nameFa", "public"."Category"."icon", "public"."Category"."color", "public"."Category"."type"::text FROM "public"."Category" WHERE ("public"."Category"."userId" = $1 OR "public"."Category"."userId" IS NULL) OFFSET $2
 GET /api/dashboard 200 in 547ms (next.js: 19ms, proxy.ts: 148ms, application-code: 379ms)
 GET /register 200 in 342ms (next.js: 66ms, proxy.ts: 18ms, application-code: 258ms)
 GET /dashboard 200 in 728ms (next.js: 15ms, proxy.ts: 95ms, application-code: 618ms)
 GET /api/auth/session 200 in 348ms (next.js: 100ms, proxy.ts: 124ms, application-code: 125ms)
 GET /dashboard/transactions/new 200 in 301ms (next.js: 11ms, proxy.ts: 33ms, application-code: 256ms)
prisma:query SELECT SUM("amount") AS "_sum$amount", COUNT(*) AS "_count$_all" FROM (SELECT "public"."Transaction"."amount", "public"."Transaction"."id" FROM "public"."Transaction" WHERE ("public"."Transaction"."userId" = $1 AND "public"."Transaction"."type" = CAST($2::text AS "public"."TransactionType")) OFFSET $3) AS "sub"
prisma:query SELECT SUM("public"."Transaction"."amount") AS "_sum$amount", COUNT(*) AS "_count$_all", "public"."Transaction"."categoryId", "public"."Transaction"."type"::text FROM "public"."Transaction" WHERE "public"."Transaction"."userId" = $1 GROUP BY "public"."Transaction"."categoryId", "public"."Transaction"."type" ORDER BY SUM("public"."Transaction"."amount") DESC OFFSET $2
prisma:query SELECT "public"."Transaction"."id", "public"."Transaction"."amount", "public"."Transaction"."type"::text, "public"."Transaction"."description", "public"."Transaction"."date", "public"."Transaction"."receiptUrl", "public"."Transaction"."userId", "public"."Transaction"."categoryId", "public"."Transaction"."createdAt", "public"."Transaction"."updatedAt" FROM "public"."Transaction" WHERE "public"."Transaction"."userId" = $1 ORDER BY "public"."Transaction"."date" DESC LIMIT $2 OFFSET $3
prisma:query SELECT SUM("amount") AS "_sum$amount", COUNT(*) AS "_count$_all" FROM (SELECT "public"."Transaction"."amount", "public"."Transaction"."id" FROM "public"."Transaction" WHERE ("public"."Transaction"."userId" = $1 AND "public"."Transaction"."type" = CAST($2::text AS "public"."TransactionType")) OFFSET $3) AS "sub"
 GET /api/auth/session 200 in 401ms (next.js: 80ms, proxy.ts: 120ms, application-code: 201ms)
prisma:query SELECT "public"."Category"."id", "public"."Category"."name", "public"."Category"."nameFa", "public"."Category"."icon", "public"."Category"."color" FROM "public"."Category" WHERE "public"."Category"."id" IN ($1,$2,$3,$4,$5,$6,$7,$8,$9,$10) OFFSET $11
 GET /dashboard/transactions 200 in 345ms (next.js: 35ms, proxy.ts: 141ms, application-code: 168ms)
 GET /api/auth/session 200 in 216ms (next.js: 161ms, proxy.ts: 24ms, application-code: 31ms)
prisma:query SELECT "public"."Category"."id", "public"."Category"."name", "public"."Category"."nameFa", "public"."Category"."icon", "public"."Category"."color", "public"."Category"."type"::text FROM "public"."Category" WHERE ("public"."Category"."userId" = $1 OR "public"."Category"."userId" IS NULL) OFFSET $2
 GET /api/dashboard 200 in 546ms (next.js: 31ms, proxy.ts: 119ms, application-code: 395ms)
 GET /api/auth/session 200 in 95ms (next.js: 52ms, proxy.ts: 26ms, application-code: 17ms)
prisma:query SELECT SUM("amount") AS "_sum$amount", COUNT(*) AS "_count$_all" FROM (SELECT "public"."Transaction"."amount", "public"."Transaction"."id" FROM "public"."Transaction" WHERE ("public"."Transaction"."userId" = $1 AND "public"."Transaction"."type" = CAST($2::text AS "public"."TransactionType")) OFFSET $3) AS "sub"
prisma:query SELECT "public"."Transaction"."id", "public"."Transaction"."amount", "public"."Transaction"."type"::text, "public"."Transaction"."description", "public"."Transaction"."date", "public"."Transaction"."receiptUrl", "public"."Transaction"."userId", "public"."Transaction"."categoryId", "public"."Transaction"."createdAt", "public"."Transaction"."updatedAt" FROM "public"."Transaction" WHERE "public"."Transaction"."userId" = $1 ORDER BY "public"."Transaction"."date" DESC LIMIT $2 OFFSET $3
prisma:query SELECT SUM("amount") AS "_sum$amount", COUNT(*) AS "_count$_all" FROM (SELECT "public"."Transaction"."amount", "public"."Transaction"."id" FROM "public"."Transaction" WHERE ("public"."Transaction"."userId" = $1 AND "public"."Transaction"."type" = CAST($2::text AS "public"."TransactionType")) OFFSET $3) AS "sub"
prisma:query SELECT SUM("public"."Transaction"."amount") AS "_sum$amount", COUNT(*) AS "_count$_all", "public"."Transaction"."categoryId", "public"."Transaction"."type"::text FROM "public"."Transaction" WHERE "public"."Transaction"."userId" = $1 GROUP BY "public"."Transaction"."categoryId", "public"."Transaction"."type" ORDER BY SUM("public"."Transaction"."amount") DESC OFFSET $2
prisma:query SELECT "public"."Category"."id", "public"."Category"."name", "public"."Category"."nameFa", "public"."Category"."icon", "public"."Category"."color" FROM "public"."Category" WHERE "public"."Category"."id" IN ($1,$2,$3,$4,$5,$6,$7,$8,$9,$10) OFFSET $11
 GET /api/auth/session 200 in 470ms (next.js: 54ms, proxy.ts: 298ms, application-code: 118ms)
prisma:query SELECT "public"."Category"."id", "public"."Category"."name", "public"."Category"."nameFa", "public"."Category"."icon", "public"."Category"."color", "public"."Category"."type"::text FROM "public"."Category" WHERE ("public"."Category"."userId" = $1 OR "public"."Category"."userId" IS NULL) OFFSET $2
 GET /api/dashboard 200 in 477ms (next.js: 23ms, proxy.ts: 290ms, application-code: 163ms)
 GET /api/auth/session 200 in 283ms (next.js: 29ms, proxy.ts: 149ms, application-code: 105ms)
 GET /api/auth/session 200 in 89ms (next.js: 15ms, proxy.ts: 34ms, application-code: 39ms)
 GET /dashboard/categories 200 in 467ms (next.js: 238ms, proxy.ts: 107ms, application-code: 122ms)
prisma:query SELECT "public"."User"."id", "public"."User"."name", "public"."User"."email", "public"."User"."emailVerified", "public"."User"."passwordHash", "public"."User"."image", "public"."User"."createdAt", "public"."User"."updatedAt" FROM "public"."User" WHERE ("public"."User"."email" = $1 AND 1=1) LIMIT $2 OFFSET $3
prisma:query INSERT INTO "public"."User" ("id","name","email","passwordHash","createdAt","updatedAt") VALUES ($1,$2,$3,$4,$5,$6) RETURNING "public"."User"."id", "public"."User"."email", "public"."User"."name", "public"."User"."createdAt"
prisma:query SELECT "public"."Category"."id", "public"."Category"."name", "public"."Category"."nameFa", "public"."Category"."icon", "public"."Category"."color", "public"."Category"."type"::text, "public"."Category"."isDefault", "public"."Category"."userId", "public"."Category"."createdAt", "public"."Category"."updatedAt" FROM "public"."Category" WHERE ("public"."Category"."name" = $1 AND "public"."Category"."userId" = $2) LIMIT $3 OFFSET $4
prisma:query INSERT INTO "public"."Category" ("id","name","nameFa","icon","color","type","isDefault","userId","createdAt","updatedAt") VALUES ($1,$2,$3,$4,$5,CAST($6::text AS "public"."TransactionType"),$7,$8,$9,$10) RETURNING "public"."Category"."id", "public"."Category"."name", "public"."Category"."nameFa", "public"."Category"."icon", "public"."Category"."color", "public"."Category"."type"::text, "public"."Category"."isDefault", "public"."Category"."userId", "public"."Category"."createdAt", "public"."Category"."updatedAt"
prisma:query SELECT "public"."Category"."id", "public"."Category"."name", "public"."Category"."nameFa", "public"."Category"."icon", "public"."Category"."color", "public"."Category"."type"::text, "public"."Category"."isDefault", "public"."Category"."userId", "public"."Category"."createdAt", "public"."Category"."updatedAt" FROM "public"."Category" WHERE ("public"."Category"."name" = $1 AND "public"."Category"."userId" = $2) LIMIT $3 OFFSET $4
prisma:query SELECT "public"."Category"."id", "public"."Category"."name", "public"."Category"."nameFa", "public"."Category"."icon", "public"."Category"."color", "public"."Category"."type"::text, "public"."Category"."isDefault", "public"."Category"."userId", "public"."Category"."createdAt", "public"."Category"."updatedAt" FROM "public"."Category" WHERE ("public"."Category"."userId" = $1 OR "public"."Category"."userId" IS NULL) ORDER BY "public"."Category"."type" ASC, "public"."Category"."nameFa" ASC OFFSET $2
 GET /api/categories 200 in 639ms (next.js: 23ms, proxy.ts: 337ms, application-code: 279ms)
prisma:query INSERT INTO "public"."Category" ("id","name","nameFa","icon","color","type","isDefault","userId","createdAt","updatedAt") VALUES ($1,$2,$3,$4,$5,CAST($6::text AS "public"."TransactionType"),$7,$8,$9,$10) RETURNING "public"."Category"."id", "public"."Category"."name", "public"."Category"."nameFa", "public"."Category"."icon", "public"."Category"."color", "public"."Category"."type"::text, "public"."Category"."isDefault", "public"."Category"."userId", "public"."Category"."createdAt", "public"."Category"."updatedAt"
prisma:query SELECT "public"."Category"."id", "public"."Category"."name", "public"."Category"."nameFa", "public"."Category"."icon", "public"."Category"."color", "public"."Category"."type"::text, "public"."Category"."isDefault", "public"."Category"."userId", "public"."Category"."createdAt", "public"."Category"."updatedAt" FROM "public"."Category" WHERE ("public"."Category"."name" = $1 AND "public"."Category"."userId" = $2) LIMIT $3 OFFSET $4
prisma:query SELECT "public"."Category"."id", "public"."Category"."name", "public"."Category"."nameFa", "public"."Category"."icon", "public"."Category"."type"::text FROM "public"."Category" WHERE (("public"."Category"."userId" = $1 OR "public"."Category"."userId" IS NULL) AND "public"."Category"."type" = CAST($2::text AS "public"."TransactionType")) OFFSET $3
prisma:query SELECT COUNT(*) AS "_count$_all" FROM (SELECT "public"."Category"."id" FROM "public"."Category" WHERE "public"."Category"."userId" = $1 OFFSET $2) AS "sub"
 GET /api/auth/session 200 in 686ms (next.js: 188ms, proxy.ts: 339ms, application-code: 159ms)
prisma:query INSERT INTO "public"."Category" ("id","name","nameFa","icon","color","type","isDefault","userId","createdAt","updatedAt") VALUES ($1,$2,$3,$4,$5,CAST($6::text AS "public"."TransactionType"),$7,$8,$9,$10) RETURNING "public"."Category"."id", "public"."Category"."name", "public"."Category"."nameFa", "public"."Category"."icon", "public"."Category"."color", "public"."Category"."type"::text, "public"."Category"."isDefault", "public"."Category"."userId", "public"."Category"."createdAt", "public"."Category"."updatedAt"
prisma:query SELECT "public"."Category"."id", "public"."Category"."name", "public"."Category"."nameFa", "public"."Category"."icon", "public"."Category"."type"::text FROM "public"."Category" WHERE (("public"."Category"."userId" = $1 OR "public"."Category"."userId" IS NULL) AND "public"."Category"."type" = CAST($2::text AS "public"."TransactionType")) OFFSET $3
prisma:query SELECT "public"."Category"."id", "public"."Category"."name", "public"."Category"."nameFa", "public"."Category"."icon", "public"."Category"."color", "public"."Category"."type"::text, "public"."Category"."isDefault", "public"."Category"."userId", "public"."Category"."createdAt", "public"."Category"."updatedAt" FROM "public"."Category" WHERE ("public"."Category"."name" = $1 AND "public"."Category"."userId" = $2) LIMIT $3 OFFSET $4
prisma:query INSERT INTO "public"."Category" ("id","name","nameFa","icon","color","type","isDefault","userId","createdAt","updatedAt") VALUES ($1,$2,$3,$4,$5,CAST($6::text AS "public"."TransactionType"),$7,$8,$9,$10) RETURNING "public"."Category"."id", "public"."Category"."name", "public"."Category"."nameFa", "public"."Category"."icon", "public"."Category"."color", "public"."Category"."type"::text, "public"."Category"."isDefault", "public"."Category"."userId", "public"."Category"."createdAt", "public"."Category"."updatedAt"
prisma:query SELECT "public"."Category"."id", "public"."Category"."name", "public"."Category"."nameFa", "public"."Category"."icon", "public"."Category"."color", "public"."Category"."type"::text, "public"."Category"."isDefault", "public"."Category"."userId", "public"."Category"."createdAt", "public"."Category"."updatedAt" FROM "public"."Category" WHERE ("public"."Category"."name" = $1 AND "public"."Category"."userId" = $2) LIMIT $3 OFFSET $4
prisma:query INSERT INTO "public"."Category" ("id","name","nameFa","icon","color","type","isDefault","userId","createdAt","updatedAt") VALUES ($1,$2,$3,$4,$5,CAST($6::text AS "public"."TransactionType"),$7,$8,$9,$10) RETURNING "public"."Category"."id", "public"."Category"."name", "public"."Category"."nameFa", "public"."Category"."icon", "public"."Category"."color", "public"."Category"."type"::text, "public"."Category"."isDefault", "public"."Category"."userId", "public"."Category"."createdAt", "public"."Category"."updatedAt"
prisma:query SELECT "public"."Category"."id", "public"."Category"."name", "public"."Category"."nameFa", "public"."Category"."icon", "public"."Category"."color", "public"."Category"."type"::text, "public"."Category"."isDefault", "public"."Category"."userId", "public"."Category"."createdAt", "public"."Category"."updatedAt" FROM "public"."Category" WHERE ("public"."Category"."name" = $1 AND "public"."Category"."userId" = $2) LIMIT $3 OFFSET $4
prisma:query INSERT INTO "public"."Category" ("id","name","nameFa","icon","color","type","isDefault","userId","createdAt","updatedAt") VALUES ($1,$2,$3,$4,$5,CAST($6::text AS "public"."TransactionType"),$7,$8,$9,$10) RETURNING "public"."Category"."id", "public"."Category"."name", "public"."Category"."nameFa", "public"."Category"."icon", "public"."Category"."color", "public"."Category"."type"::text, "public"."Category"."isDefault", "public"."Category"."userId", "public"."Category"."createdAt", "public"."Category"."updatedAt"
prisma:query SELECT "public"."Category"."id", "public"."Category"."name", "public"."Category"."nameFa", "public"."Category"."icon", "public"."Category"."color", "public"."Category"."type"::text, "public"."Category"."isDefault", "public"."Category"."userId", "public"."Category"."createdAt", "public"."Category"."updatedAt" FROM "public"."Category" WHERE ("public"."Category"."name" = $1 AND "public"."Category"."userId" = $2) LIMIT $3 OFFSET $4
prisma:query INSERT INTO "public"."Category" ("id","name","nameFa","icon","color","type","isDefault","userId","createdAt","updatedAt") VALUES ($1,$2,$3,$4,$5,CAST($6::text AS "public"."TransactionType"),$7,$8,$9,$10) RETURNING "public"."Category"."id", "public"."Category"."name", "public"."Category"."nameFa", "public"."Category"."icon", "public"."Category"."color", "public"."Category"."type"::text, "public"."Category"."isDefault", "public"."Category"."userId", "public"."Category"."createdAt", "public"."Category"."updatedAt"
prisma:query SELECT "public"."Category"."id", "public"."Category"."name", "public"."Category"."nameFa", "public"."Category"."icon", "public"."Category"."color", "public"."Category"."type"::text, "public"."Category"."isDefault", "public"."Category"."userId", "public"."Category"."createdAt", "public"."Category"."updatedAt" FROM "public"."Category" WHERE ("public"."Category"."name" = $1 AND "public"."Category"."userId" = $2) LIMIT $3 OFFSET $4
prisma:query SELECT "public"."Category"."id", "public"."Category"."name", "public"."Category"."nameFa", "public"."Category"."icon", "public"."Category"."color", "public"."Category"."type"::text, "public"."Category"."isDefault", "public"."Category"."userId", "public"."Category"."createdAt", "public"."Category"."updatedAt" FROM "public"."Category" WHERE ("public"."Category"."userId" = $1 OR "public"."Category"."userId" IS NULL) ORDER BY "public"."Category"."type" ASC, "public"."Category"."nameFa" ASC OFFSET $2
 GET /api/categories 200 in 326ms (next.js: 44ms, proxy.ts: 209ms, application-code: 73ms)
prisma:query INSERT INTO "public"."Category" ("id","name","nameFa","icon","color","type","isDefault","userId","createdAt","updatedAt") VALUES ($1,$2,$3,$4,$5,CAST($6::text AS "public"."TransactionType"),$7,$8,$9,$10) RETURNING "public"."Category"."id", "public"."Category"."name", "public"."Category"."nameFa", "public"."Category"."icon", "public"."Category"."color", "public"."Category"."type"::text, "public"."Category"."isDefault", "public"."Category"."userId", "public"."Category"."createdAt", "public"."Category"."updatedAt"
prisma:query SELECT "public"."Category"."id", "public"."Category"."name", "public"."Category"."nameFa", "public"."Category"."icon", "public"."Category"."color", "public"."Category"."type"::text, "public"."Category"."isDefault", "public"."Category"."userId", "public"."Category"."createdAt", "public"."Category"."updatedAt" FROM "public"."Category" WHERE ("public"."Category"."name" = $1 AND "public"."Category"."userId" = $2) LIMIT $3 OFFSET $4
prisma:query INSERT INTO "public"."Category" ("id","name","nameFa","icon","color","type","isDefault","userId","createdAt","updatedAt") VALUES ($1,$2,$3,$4,$5,CAST($6::text AS "public"."TransactionType"),$7,$8,$9,$10) RETURNING "public"."Category"."id", "public"."Category"."name", "public"."Category"."nameFa", "public"."Category"."icon", "public"."Category"."color", "public"."Category"."type"::text, "public"."Category"."isDefault", "public"."Category"."userId", "public"."Category"."createdAt", "public"."Category"."updatedAt"
prisma:query SELECT "public"."Category"."id", "public"."Category"."name", "public"."Category"."nameFa", "public"."Category"."icon", "public"."Category"."color", "public"."Category"."type"::text, "public"."Category"."isDefault", "public"."Category"."userId", "public"."Category"."createdAt", "public"."Category"."updatedAt" FROM "public"."Category" WHERE ("public"."Category"."name" = $1 AND "public"."Category"."userId" = $2) LIMIT $3 OFFSET $4
 GET /dashboard/transactions 200 in 728ms (next.js: 28ms, proxy.ts: 238ms, application-code: 462ms)
prisma:query INSERT INTO "public"."Category" ("id","name","nameFa","icon","color","type","isDefault","userId","createdAt","updatedAt") VALUES ($1,$2,$3,$4,$5,CAST($6::text AS "public"."TransactionType"),$7,$8,$9,$10) RETURNING "public"."Category"."id", "public"."Category"."name", "public"."Category"."nameFa", "public"."Category"."icon", "public"."Category"."color", "public"."Category"."type"::text, "public"."Category"."isDefault", "public"."Category"."userId", "public"."Category"."createdAt", "public"."Category"."updatedAt"
prisma:query SELECT "public"."Category"."id", "public"."Category"."name", "public"."Category"."nameFa", "public"."Category"."icon", "public"."Category"."color", "public"."Category"."type"::text, "public"."Category"."isDefault", "public"."Category"."userId", "public"."Category"."createdAt", "public"."Category"."updatedAt" FROM "public"."Category" WHERE ("public"."Category"."name" = $1 AND "public"."Category"."userId" = $2) LIMIT $3 OFFSET $4
prisma:query INSERT INTO "public"."Category" ("id","name","nameFa","icon","color","type","isDefault","userId","createdAt","updatedAt") VALUES ($1,$2,$3,$4,$5,CAST($6::text AS "public"."TransactionType"),$7,$8,$9,$10) RETURNING "public"."Category"."id", "public"."Category"."name", "public"."Category"."nameFa", "public"."Category"."icon", "public"."Category"."color", "public"."Category"."type"::text, "public"."Category"."isDefault", "public"."Category"."userId", "public"."Category"."createdAt", "public"."Category"."updatedAt"
 POST /api/auth/register 201 in 1259ms (next.js: 27ms, proxy.ts: 21ms, application-code: 1211ms)
[11:19:17 UTC] [32mINFO[39m: [36mUser registered[39m
    [35mservice[39m: "finance-app"
    [35muserId[39m: "cmspzyak30070nuvsas0lia0x"
    [35memail[39m: "test1786533553409@example.com"
 GET /api/auth/session 200 in 220ms (next.js: 48ms, proxy.ts: 73ms, application-code: 100ms)
 GET /api/categories 200 in 155ms (next.js: 25ms, proxy.ts: 113ms, application-code: 17ms)
prisma:query SELECT "public"."Category"."id", "public"."Category"."name", "public"."Category"."nameFa", "public"."Category"."icon", "public"."Category"."color", "public"."Category"."type"::text, "public"."Category"."isDefault", "public"."Category"."userId", "public"."Category"."createdAt", "public"."Category"."updatedAt" FROM "public"."Category" WHERE ("public"."Category"."userId" = $1 OR "public"."Category"."userId" IS NULL) ORDER BY "public"."Category"."type" ASC, "public"."Category"."nameFa" ASC OFFSET $2
 GET /login?registered=true 200 in 203ms (next.js: 105ms, proxy.ts: 24ms, application-code: 75ms)
 GET /dashboard/chat 200 in 163ms (next.js: 4ms, proxy.ts: 33ms, application-code: 125ms)
prisma:query SELECT "public"."Category"."id", "public"."Category"."name", "public"."Category"."nameFa", "public"."Category"."icon", "public"."Category"."color", "public"."Category"."type"::text, "public"."Category"."isDefault", "public"."Category"."userId", "public"."Category"."createdAt", "public"."Category"."updatedAt" FROM "public"."Category" WHERE ("public"."Category"."userId" = $1 OR "public"."Category"."userId" IS NULL) ORDER BY "public"."Category"."type" ASC, "public"."Category"."nameFa" ASC OFFSET $2
 GET /api/categories 200 in 184ms (next.js: 10ms, proxy.ts: 44ms, application-code: 130ms)
 GET /api/transactions?sortBy=date&sortOrder=desc&page=1&limit=20 400 in 266ms (next.js: 18ms, proxy.ts: 44ms, application-code: 204ms)
 GET /api/auth/session 200 in 292ms (next.js: 89ms, proxy.ts: 50ms, application-code: 153ms)
 GET /login 200 in 195ms (next.js: 18ms, proxy.ts: 10ms, application-code: 167ms)
 GET /api/auth/session 200 in 117ms (next.js: 11ms, proxy.ts: 42ms, application-code: 64ms)
 GET /api/auth/session 200 in 122ms (next.js: 32ms, proxy.ts: 69ms, application-code: 21ms)
 GET /api/auth/session 200 in 37ms (next.js: 6ms, proxy.ts: 14ms, application-code: 17ms)
prisma:query INSERT INTO "public"."Transaction" ("id","amount","type","description","date","userId","categoryId","createdAt","updatedAt") VALUES ($1,$2,CAST($3::text AS "public"."TransactionType"),$4,$5,$6,$7,$8,$9) RETURNING "public"."Transaction"."id"
[11:19:18 UTC] [33mWARN[39m: [36mZhipu categorization failed, using fallback[39m
    [35mservice[39m: "finance-app"
    [35muserId[39m: "cmspyvf2w0000u4vsyj6pjwgw"
    [35mdescription[39m: "تست تراکنش"
    error: {
      "status": 401,
      "headers": {},
      "requestID": null,
      "error": {
        "code": "401",
        "message": "令牌已过期或验证不正确"
      },
      "code": "401"
    }
prisma:query SELECT "public"."Transaction"."id", "public"."Transaction"."amount", "public"."Transaction"."type"::text, "public"."Transaction"."description", "public"."Transaction"."date", "public"."Transaction"."receiptUrl", "public"."Transaction"."userId", "public"."Transaction"."categoryId", "public"."Transaction"."createdAt", "public"."Transaction"."updatedAt" FROM "public"."Transaction" WHERE "public"."Transaction"."id" = $1 LIMIT $2 OFFSET $3
prisma:query SELECT "public"."Category"."id", "public"."Category"."name", "public"."Category"."nameFa", "public"."Category"."icon", "public"."Category"."color" FROM "public"."Category" WHERE "public"."Category"."id" = $1 OFFSET $2
prisma:query COMMIT
 POST /api/transactions 201 in 2.3s (next.js: 95ms, proxy.ts: 136ms, application-code: 2.1s)
[11:19:18 UTC] [32mINFO[39m: [36mTransaction created[39m
    [35mservice[39m: "finance-app"
    [35muserId[39m: "cmspyvf2w0000u4vsyj6pjwgw"
    [35mtransactionId[39m: "cmspzycah007cnuvsstp2psbn"
    [35mcategorization[39m: "fallback"
 GET /dashboard/transactions 200 in 172ms (next.js: 97ms, proxy.ts: 22ms, application-code: 53ms)
 GET /login 200 in 186ms (next.js: 27ms, proxy.ts: 12ms, application-code: 147ms)
 GET /api/auth/session 200 in 107ms (next.js: 58ms, proxy.ts: 29ms, application-code: 20ms)
 GET /dashboard/transactions 200 in 469ms (next.js: 106ms, proxy.ts: 52ms, application-code: 310ms)
prisma:query SELECT "public"."Category"."id", "public"."Category"."name", "public"."Category"."nameFa", "public"."Category"."icon", "public"."Category"."color", "public"."Category"."type"::text, "public"."Category"."isDefault", "public"."Category"."userId", "public"."Category"."createdAt", "public"."Category"."updatedAt" FROM "public"."Category" WHERE ("public"."Category"."userId" = $1 OR "public"."Category"."userId" IS NULL) ORDER BY "public"."Category"."type" ASC, "public"."Category"."nameFa" ASC OFFSET $2
 GET /api/categories 200 in 68ms (next.js: 8ms, proxy.ts: 26ms, application-code: 35ms)
 GET /api/transactions?sortBy=date&sortOrder=desc&page=1&limit=20 400 in 69ms (next.js: 6ms, proxy.ts: 33ms, application-code: 30ms)
prisma:query SELECT "public"."Category"."id", "public"."Category"."name", "public"."Category"."nameFa", "public"."Category"."icon", "public"."Category"."color", "public"."Category"."type"::text, "public"."Category"."isDefault", "public"."Category"."userId", "public"."Category"."createdAt", "public"."Category"."updatedAt" FROM "public"."Category" WHERE ("public"."Category"."userId" = $1 OR "public"."Category"."userId" IS NULL) ORDER BY "public"."Category"."type" ASC, "public"."Category"."nameFa" ASC OFFSET $2
 GET /api/categories 200 in 73ms (next.js: 8ms, proxy.ts: 27ms, application-code: 37ms)
 GET /api/transactions?sortBy=date&sortOrder=desc&page=1&limit=20 400 in 67ms (next.js: 14ms, proxy.ts: 24ms, application-code: 29ms)
 POST /api/transactions/categorize 200 in 3.5s (next.js: 92ms, proxy.ts: 135ms, application-code: 3.2s)
 GET /api/auth/session 200 in 86ms (next.js: 69ms, proxy.ts: 7ms, application-code: 10ms)
 GET /api/auth/session 200 in 24ms (next.js: 9ms, proxy.ts: 6ms, application-code: 10ms)
[11:19:21 UTC] [33mWARN[39m: [36mZhipu categorization failed, using fallback[39m
    [35mservice[39m: "finance-app"
    [35muserId[39m: "cmspyvf2w0000u4vsyj6pjwgw"
    [35mdescription[39m: "تست تراکنش"
    error: {
      "status": 401,
      "headers": {},
      "requestID": null,
      "error": {
        "code": "401",
        "message": "令牌已过期或验证不正确"
      },
      "code": "401"
    }
 GET /api/auth/session 200 in 127ms (next.js: 80ms, proxy.ts: 24ms, application-code: 23ms)
 GET /api/auth/session 200 in 47ms (next.js: 7ms, proxy.ts: 16ms, application-code: 24ms)
 GET / 307 in 94ms (next.js: 3ms, proxy.ts: 5ms, application-code: 86ms)
 GET /login 200 in 62ms (next.js: 3ms, proxy.ts: 4ms, application-code: 55ms)
 GET / 307 in 95ms (next.js: 4ms, proxy.ts: 5ms, application-code: 86ms)
 GET /login 200 in 81ms (next.js: 4ms, proxy.ts: 5ms, application-code: 72ms)
 GET /login 200 in 344ms (next.js: 12ms, proxy.ts: 15ms, application-code: 317ms)
 GET /login?callbackUrl=%2Fdashboard 200 in 371ms (next.js: 27ms, proxy.ts: 71ms, application-code: 272ms)
 GET /register 200 in 313ms (next.js: 69ms, proxy.ts: 16ms, application-code: 228ms)
 GET /register 200 in 344ms (next.js: 68ms, proxy.ts: 67ms, application-code: 209ms)
 GET /api/auth/session 200 in 107ms (next.js: 84ms, proxy.ts: 7ms, application-code: 16ms)
 GET /api/auth/session 200 in 68ms (next.js: 36ms, proxy.ts: 16ms, application-code: 16ms)
 GET /api/auth/session 200 in 70ms (next.js: 44ms, proxy.ts: 16ms, application-code: 10ms)
 GET /api/auth/session 200 in 81ms (next.js: 55ms, proxy.ts: 15ms, application-code: 10ms)
 GET /api/auth/session 200 in 89ms (next.js: 66ms, proxy.ts: 11ms, application-code: 11ms)
 GET /api/auth/session 200 in 43ms (next.js: 19ms, proxy.ts: 15ms, application-code: 9ms)
 GET /api/auth/session 200 in 50ms (next.js: 29ms, proxy.ts: 14ms, application-code: 6ms)
 GET /api/auth/session 200 in 50ms (next.js: 36ms, proxy.ts: 8ms, application-code: 6ms)
 GET /dashboard 200 in 244ms (next.js: 5ms, proxy.ts: 41ms, application-code: 198ms)
prisma:query SELECT "public"."User"."id", "public"."User"."name", "public"."User"."email", "public"."User"."emailVerified", "public"."User"."passwordHash", "public"."User"."image", "public"."User"."createdAt", "public"."User"."updatedAt" FROM "public"."User" WHERE ("public"."User"."email" = $1 AND 1=1) LIMIT $2 OFFSET $3
prisma:query INSERT INTO "public"."User" ("id","name","email","passwordHash","createdAt","updatedAt") VALUES ($1,$2,$3,$4,$5,$6) RETURNING "public"."User"."id", "public"."User"."email", "public"."User"."name", "public"."User"."createdAt"
prisma:query SELECT "public"."Category"."id", "public"."Category"."name", "public"."Category"."nameFa", "public"."Category"."icon", "public"."Category"."color", "public"."Category"."type"::text, "public"."Category"."isDefault", "public"."Category"."userId", "public"."Category"."createdAt", "public"."Category"."updatedAt" FROM "public"."Category" WHERE ("public"."Category"."name" = $1 AND "public"."Category"."userId" = $2) LIMIT $3 OFFSET $4
prisma:query INSERT INTO "public"."Category" ("id","name","nameFa","icon","color","type","isDefault","userId","createdAt","updatedAt") VALUES ($1,$2,$3,$4,$5,CAST($6::text AS "public"."TransactionType"),$7,$8,$9,$10) RETURNING "public"."Category"."id", "public"."Category"."name", "public"."Category"."nameFa", "public"."Category"."icon", "public"."Category"."color", "public"."Category"."type"::text, "public"."Category"."isDefault", "public"."Category"."userId", "public"."Category"."createdAt", "public"."Category"."updatedAt"
prisma:query SELECT "public"."Category"."id", "public"."Category"."name", "public"."Category"."nameFa", "public"."Category"."icon", "public"."Category"."color", "public"."Category"."type"::text, "public"."Category"."isDefault", "public"."Category"."userId", "public"."Category"."createdAt", "public"."Category"."updatedAt" FROM "public"."Category" WHERE ("public"."Category"."name" = $1 AND "public"."Category"."userId" = $2) LIMIT $3 OFFSET $4
prisma:query INSERT INTO "public"."Category" ("id","name","nameFa","icon","color","type","isDefault","userId","createdAt","updatedAt") VALUES ($1,$2,$3,$4,$5,CAST($6::text AS "public"."TransactionType"),$7,$8,$9,$10) RETURNING "public"."Category"."id", "public"."Category"."name", "public"."Category"."nameFa", "public"."Category"."icon", "public"."Category"."color", "public"."Category"."type"::text, "public"."Category"."isDefault", "public"."Category"."userId", "public"."Category"."createdAt", "public"."Category"."updatedAt"
prisma:query SELECT "public"."Category"."id", "public"."Category"."name", "public"."Category"."nameFa", "public"."Category"."icon", "public"."Category"."color", "public"."Category"."type"::text, "public"."Category"."isDefault", "public"."Category"."userId", "public"."Category"."createdAt", "public"."Category"."updatedAt" FROM "public"."Category" WHERE ("public"."Category"."name" = $1 AND "public"."Category"."userId" = $2) LIMIT $3 OFFSET $4
prisma:query INSERT INTO "public"."Category" ("id","name","nameFa","icon","color","type","isDefault","userId","createdAt","updatedAt") VALUES ($1,$2,$3,$4,$5,CAST($6::text AS "public"."TransactionType"),$7,$8,$9,$10) RETURNING "public"."Category"."id", "public"."Category"."name", "public"."Category"."nameFa", "public"."Category"."icon", "public"."Category"."color", "public"."Category"."type"::text, "public"."Category"."isDefault", "public"."Category"."userId", "public"."Category"."createdAt", "public"."Category"."updatedAt"
prisma:query SELECT "public"."Category"."id", "public"."Category"."name", "public"."Category"."nameFa", "public"."Category"."icon", "public"."Category"."color", "public"."Category"."type"::text, "public"."Category"."isDefault", "public"."Category"."userId", "public"."Category"."createdAt", "public"."Category"."updatedAt" FROM "public"."Category" WHERE ("public"."Category"."name" = $1 AND "public"."Category"."userId" = $2) LIMIT $3 OFFSET $4
prisma:query INSERT INTO "public"."Category" ("id","name","nameFa","icon","color","type","isDefault","userId","createdAt","updatedAt") VALUES ($1,$2,$3,$4,$5,CAST($6::text AS "public"."TransactionType"),$7,$8,$9,$10) RETURNING "public"."Category"."id", "public"."Category"."name", "public"."Category"."nameFa", "public"."Category"."icon", "public"."Category"."color", "public"."Category"."type"::text, "public"."Category"."isDefault", "public"."Category"."userId", "public"."Category"."createdAt", "public"."Category"."updatedAt"
prisma:query SELECT "public"."Category"."id", "public"."Category"."name", "public"."Category"."nameFa", "public"."Category"."icon", "public"."Category"."color", "public"."Category"."type"::text, "public"."Category"."isDefault", "public"."Category"."userId", "public"."Category"."createdAt", "public"."Category"."updatedAt" FROM "public"."Category" WHERE ("public"."Category"."name" = $1 AND "public"."Category"."userId" = $2) LIMIT $3 OFFSET $4
prisma:query INSERT INTO "public"."Category" ("id","name","nameFa","icon","color","type","isDefault","userId","createdAt","updatedAt") VALUES ($1,$2,$3,$4,$5,CAST($6::text AS "public"."TransactionType"),$7,$8,$9,$10) RETURNING "public"."Category"."id", "public"."Category"."name", "public"."Category"."nameFa", "public"."Category"."icon", "public"."Category"."color", "public"."Category"."type"::text, "public"."Category"."isDefault", "public"."Category"."userId", "public"."Category"."createdAt", "public"."Category"."updatedAt"
prisma:query SELECT "public"."Category"."id", "public"."Category"."name", "public"."Category"."nameFa", "public"."Category"."icon", "public"."Category"."color", "public"."Category"."type"::text, "public"."Category"."isDefault", "public"."Category"."userId", "public"."Category"."createdAt", "public"."Category"."updatedAt" FROM "public"."Category" WHERE ("public"."Category"."name" = $1 AND "public"."Category"."userId" = $2) LIMIT $3 OFFSET $4
prisma:query INSERT INTO "public"."Category" ("id","name","nameFa","icon","color","type","isDefault","userId","createdAt","updatedAt") VALUES ($1,$2,$3,$4,$5,CAST($6::text AS "public"."TransactionType"),$7,$8,$9,$10) RETURNING "public"."Category"."id", "public"."Category"."name", "public"."Category"."nameFa", "public"."Category"."icon", "public"."Category"."color", "public"."Category"."type"::text, "public"."Category"."isDefault", "public"."Category"."userId", "public"."Category"."createdAt", "public"."Category"."updatedAt"
prisma:query SELECT "public"."Category"."id", "public"."Category"."name", "public"."Category"."nameFa", "public"."Category"."icon", "public"."Category"."color", "public"."Category"."type"::text, "public"."Category"."isDefault", "public"."Category"."userId", "public"."Category"."createdAt", "public"."Category"."updatedAt" FROM "public"."Category" WHERE ("public"."Category"."name" = $1 AND "public"."Category"."userId" = $2) LIMIT $3 OFFSET $4
prisma:query INSERT INTO "public"."Category" ("id","name","nameFa","icon","color","type","isDefault","userId","createdAt","updatedAt") VALUES ($1,$2,$3,$4,$5,CAST($6::text AS "public"."TransactionType"),$7,$8,$9,$10) RETURNING "public"."Category"."id", "public"."Category"."name", "public"."Category"."nameFa", "public"."Category"."icon", "public"."Category"."color", "public"."Category"."type"::text, "public"."Category"."isDefault", "public"."Category"."userId", "public"."Category"."createdAt", "public"."Category"."updatedAt"
prisma:query SELECT "public"."Category"."id", "public"."Category"."name", "public"."Category"."nameFa", "public"."Category"."icon", "public"."Category"."color", "public"."Category"."type"::text, "public"."Category"."isDefault", "public"."Category"."userId", "public"."Category"."createdAt", "public"."Category"."updatedAt" FROM "public"."Category" WHERE ("public"."Category"."name" = $1 AND "public"."Category"."userId" = $2) LIMIT $3 OFFSET $4
prisma:query INSERT INTO "public"."Category" ("id","name","nameFa","icon","color","type","isDefault","userId","createdAt","updatedAt") VALUES ($1,$2,$3,$4,$5,CAST($6::text AS "public"."TransactionType"),$7,$8,$9,$10) RETURNING "public"."Category"."id", "public"."Category"."name", "public"."Category"."nameFa", "public"."Category"."icon", "public"."Category"."color", "public"."Category"."type"::text, "public"."Category"."isDefault", "public"."Category"."userId", "public"."Category"."createdAt", "public"."Category"."updatedAt"
prisma:query SELECT "public"."Category"."id", "public"."Category"."name", "public"."Category"."nameFa", "public"."Category"."icon", "public"."Category"."color", "public"."Category"."type"::text, "public"."Category"."isDefault", "public"."Category"."userId", "public"."Category"."createdAt", "public"."Category"."updatedAt" FROM "public"."Category" WHERE ("public"."Category"."name" = $1 AND "public"."Category"."userId" = $2) LIMIT $3 OFFSET $4
prisma:query INSERT INTO "public"."Category" ("id","name","nameFa","icon","color","type","isDefault","userId","createdAt","updatedAt") VALUES ($1,$2,$3,$4,$5,CAST($6::text AS "public"."TransactionType"),$7,$8,$9,$10) RETURNING "public"."Category"."id", "public"."Category"."name", "public"."Category"."nameFa", "public"."Category"."icon", "public"."Category"."color", "public"."Category"."type"::text, "public"."Category"."isDefault", "public"."Category"."userId", "public"."Category"."createdAt", "public"."Category"."updatedAt"
prisma:query SELECT "public"."Category"."id", "public"."Category"."name", "public"."Category"."nameFa", "public"."Category"."icon", "public"."Category"."color", "public"."Category"."type"::text, "public"."Category"."isDefault", "public"."Category"."userId", "public"."Category"."createdAt", "public"."Category"."updatedAt" FROM "public"."Category" WHERE ("public"."Category"."name" = $1 AND "public"."Category"."userId" = $2) LIMIT $3 OFFSET $4
prisma:query INSERT INTO "public"."Category" ("id","name","nameFa","icon","color","type","isDefault","userId","createdAt","updatedAt") VALUES ($1,$2,$3,$4,$5,CAST($6::text AS "public"."TransactionType"),$7,$8,$9,$10) RETURNING "public"."Category"."id", "public"."Category"."name", "public"."Category"."nameFa", "public"."Category"."icon", "public"."Category"."color", "public"."Category"."type"::text, "public"."Category"."isDefault", "public"."Category"."userId", "public"."Category"."createdAt", "public"."Category"."updatedAt"
prisma:query SELECT "public"."Category"."id", "public"."Category"."name", "public"."Category"."nameFa", "public"."Category"."icon", "public"."Category"."color", "public"."Category"."type"::text, "public"."Category"."isDefault", "public"."Category"."userId", "public"."Category"."createdAt", "public"."Category"."updatedAt" FROM "public"."Category" WHERE ("public"."Category"."name" = $1 AND "public"."Category"."userId" = $2) LIMIT $3 OFFSET $4
prisma:query INSERT INTO "public"."Category" ("id","name","nameFa","icon","color","type","isDefault","userId","createdAt","updatedAt") VALUES ($1,$2,$3,$4,$5,CAST($6::text AS "public"."TransactionType"),$7,$8,$9,$10) RETURNING "public"."Category"."id", "public"."Category"."name", "public"."Category"."nameFa", "public"."Category"."icon", "public"."Category"."color", "public"."Category"."type"::text, "public"."Category"."isDefault", "public"."Category"."userId", "public"."Category"."createdAt", "public"."Category"."updatedAt"
 POST /api/auth/register 201 in 1112ms (next.js: 16ms, proxy.ts: 21ms, application-code: 1074ms)
[11:19:40 UTC] [32mINFO[39m: [36mUser registered[39m
    [35mservice[39m: "finance-app"
    [35muserId[39m: "cmspzyslk007dnuvsn1a2xnd3"
    [35memail[39m: "test1786533575968@example.com"
 GET /dashboard 200 in 780ms (next.js: 13ms, proxy.ts: 384ms, application-code: 383ms)
 GET /dashboard 200 in 606ms (next.js: 137ms, proxy.ts: 76ms, application-code: 393ms)
 GET /login?registered=true 200 in 250ms (next.js: 74ms, proxy.ts: 16ms, application-code: 161ms)
prisma:query SELECT SUM("amount") AS "_sum$amount", COUNT(*) AS "_count$_all" FROM (SELECT "public"."Transaction"."amount", "public"."Transaction"."id" FROM "public"."Transaction" WHERE ("public"."Transaction"."userId" = $1 AND "public"."Transaction"."type" = CAST($2::text AS "public"."TransactionType")) OFFSET $3) AS "sub"
 GET /api/auth/session 200 in 228ms (next.js: 94ms, proxy.ts: 100ms, application-code: 34ms)
prisma:query SELECT "public"."Transaction"."id", "public"."Transaction"."amount", "public"."Transaction"."type"::text, "public"."Transaction"."description", "public"."Transaction"."date", "public"."Transaction"."receiptUrl", "public"."Transaction"."userId", "public"."Transaction"."categoryId", "public"."Transaction"."createdAt", "public"."Transaction"."updatedAt" FROM "public"."Transaction" WHERE "public"."Transaction"."userId" = $1 ORDER BY "public"."Transaction"."date" DESC LIMIT $2 OFFSET $3
prisma:query SELECT SUM("public"."Transaction"."amount") AS "_sum$amount", COUNT(*) AS "_count$_all", "public"."Transaction"."categoryId", "public"."Transaction"."type"::text FROM "public"."Transaction" WHERE "public"."Transaction"."userId" = $1 GROUP BY "public"."Transaction"."categoryId", "public"."Transaction"."type" ORDER BY SUM("public"."Transaction"."amount") DESC OFFSET $2
prisma:query SELECT SUM("amount") AS "_sum$amount", COUNT(*) AS "_count$_all" FROM (SELECT "public"."Transaction"."amount", "public"."Transaction"."id" FROM "public"."Transaction" WHERE ("public"."Transaction"."userId" = $1 AND "public"."Transaction"."type" = CAST($2::text AS "public"."TransactionType")) OFFSET $3) AS "sub"
prisma:query SELECT "public"."Category"."id", "public"."Category"."name", "public"."Category"."nameFa", "public"."Category"."icon", "public"."Category"."color" FROM "public"."Category" WHERE "public"."Category"."id" IN ($1,$2,$3,$4,$5,$6,$7,$8,$9,$10) OFFSET $11
prisma:query SELECT "public"."Category"."id", "public"."Category"."name", "public"."Category"."nameFa", "public"."Category"."icon", "public"."Category"."color", "public"."Category"."type"::text FROM "public"."Category" WHERE ("public"."Category"."userId" = $1 OR "public"."Category"."userId" IS NULL) OFFSET $2
 GET /api/dashboard 200 in 322ms (next.js: 16ms, proxy.ts: 102ms, application-code: 204ms)
 GET /api/auth/session 200 in 100ms (next.js: 18ms, proxy.ts: 31ms, application-code: 52ms)
prisma:query SELECT SUM("public"."Transaction"."amount") AS "_sum$amount", COUNT(*) AS "_count$_all", "public"."Transaction"."categoryId", "public"."Transaction"."type"::text FROM "public"."Transaction" WHERE "public"."Transaction"."userId" = $1 GROUP BY "public"."Transaction"."categoryId", "public"."Transaction"."type" ORDER BY SUM("public"."Transaction"."amount") DESC OFFSET $2
prisma:query SELECT SUM("amount") AS "_sum$amount", COUNT(*) AS "_count$_all" FROM (SELECT "public"."Transaction"."amount", "public"."Transaction"."id" FROM "public"."Transaction" WHERE ("public"."Transaction"."userId" = $1 AND "public"."Transaction"."type" = CAST($2::text AS "public"."TransactionType")) OFFSET $3) AS "sub"
prisma:query SELECT "public"."Transaction"."id", "public"."Transaction"."amount", "public"."Transaction"."type"::text, "public"."Transaction"."description", "public"."Transaction"."date", "public"."Transaction"."receiptUrl", "public"."Transaction"."userId", "public"."Transaction"."categoryId", "public"."Transaction"."createdAt", "public"."Transaction"."updatedAt" FROM "public"."Transaction" WHERE "public"."Transaction"."userId" = $1 ORDER BY "public"."Transaction"."date" DESC LIMIT $2 OFFSET $3
prisma:query SELECT SUM("amount") AS "_sum$amount", COUNT(*) AS "_count$_all" FROM (SELECT "public"."Transaction"."amount", "public"."Transaction"."id" FROM "public"."Transaction" WHERE ("public"."Transaction"."userId" = $1 AND "public"."Transaction"."type" = CAST($2::text AS "public"."TransactionType")) OFFSET $3) AS "sub"
prisma:query SELECT "public"."Category"."id", "public"."Category"."name", "public"."Category"."nameFa", "public"."Category"."icon", "public"."Category"."color" FROM "public"."Category" WHERE "public"."Category"."id" IN ($1,$2,$3,$4,$5,$6,$7,$8,$9,$10) OFFSET $11
 GET /api/auth/session 200 in 186ms (next.js: 56ms, proxy.ts: 36ms, application-code: 93ms)
prisma:query SELECT "public"."Category"."id", "public"."Category"."name", "public"."Category"."nameFa", "public"."Category"."icon", "public"."Category"."color", "public"."Category"."type"::text FROM "public"."Category" WHERE ("public"."Category"."userId" = $1 OR "public"."Category"."userId" IS NULL) OFFSET $2
 GET /api/dashboard 200 in 211ms (next.js: 13ms, proxy.ts: 41ms, application-code: 158ms)
prisma:query SELECT SUM("amount") AS "_sum$amount", COUNT(*) AS "_count$_all" FROM (SELECT "public"."Transaction"."amount", "public"."Transaction"."id" FROM "public"."Transaction" WHERE ("public"."Transaction"."userId" = $1 AND "public"."Transaction"."type" = CAST($2::text AS "public"."TransactionType")) OFFSET $3) AS "sub"
prisma:query SELECT SUM("amount") AS "_sum$amount", COUNT(*) AS "_count$_all" FROM (SELECT "public"."Transaction"."amount", "public"."Transaction"."id" FROM "public"."Transaction" WHERE ("public"."Transaction"."userId" = $1 AND "public"."Transaction"."type" = CAST($2::text AS "public"."TransactionType")) OFFSET $3) AS "sub"
prisma:query SELECT "public"."Transaction"."id", "public"."Transaction"."amount", "public"."Transaction"."type"::text, "public"."Transaction"."description", "public"."Transaction"."date", "public"."Transaction"."receiptUrl", "public"."Transaction"."userId", "public"."Transaction"."categoryId", "public"."Transaction"."createdAt", "public"."Transaction"."updatedAt" FROM "public"."Transaction" WHERE "public"."Transaction"."userId" = $1 ORDER BY "public"."Transaction"."date" DESC LIMIT $2 OFFSET $3
prisma:query SELECT SUM("public"."Transaction"."amount") AS "_sum$amount", COUNT(*) AS "_count$_all", "public"."Transaction"."categoryId", "public"."Transaction"."type"::text FROM "public"."Transaction" WHERE "public"."Transaction"."userId" = $1 GROUP BY "public"."Transaction"."categoryId", "public"."Transaction"."type" ORDER BY SUM("public"."Transaction"."amount") DESC OFFSET $2
 GET /api/auth/session 200 in 230ms (next.js: 37ms, proxy.ts: 104ms, application-code: 90ms)
prisma:query SELECT "public"."Category"."id", "public"."Category"."name", "public"."Category"."nameFa", "public"."Category"."icon", "public"."Category"."color" FROM "public"."Category" WHERE "public"."Category"."id" IN ($1,$2,$3,$4,$5,$6,$7,$8,$9,$10) OFFSET $11
prisma:query SELECT "public"."Category"."id", "public"."Category"."name", "public"."Category"."nameFa", "public"."Category"."icon", "public"."Category"."color", "public"."Category"."type"::text FROM "public"."Category" WHERE ("public"."Category"."userId" = $1 OR "public"."Category"."userId" IS NULL) OFFSET $2
 GET /api/dashboard 200 in 268ms (next.js: 14ms, proxy.ts: 103ms, application-code: 151ms)
 GET /dashboard/categories 200 in 599ms (next.js: 253ms, proxy.ts: 96ms, application-code: 250ms)
 GET /dashboard/transactions 200 in 514ms (next.js: 158ms, proxy.ts: 61ms, application-code: 295ms)
 GET /api/auth/session 200 in 502ms (next.js: 179ms, proxy.ts: 75ms, application-code: 248ms)
 GET /api/auth/session 200 in 561ms (next.js: 219ms, proxy.ts: 314ms, application-code: 27ms)
 GET /dashboard/transactions/new 200 in 1105ms (next.js: 317ms, proxy.ts: 105ms, application-code: 684ms)
 GET /dashboard/transactions 200 in 847ms (next.js: 23ms, proxy.ts: 232ms, application-code: 592ms)
prisma:query SELECT "public"."Category"."id", "public"."Category"."name", "public"."Category"."nameFa", "public"."Category"."icon", "public"."Category"."color", "public"."Category"."type"::text, "public"."Category"."isDefault", "public"."Category"."userId", "public"."Category"."createdAt", "public"."Category"."updatedAt" FROM "public"."Category" WHERE ("public"."Category"."userId" = $1 OR "public"."Category"."userId" IS NULL) ORDER BY "public"."Category"."type" ASC, "public"."Category"."nameFa" ASC OFFSET $2
 GET /api/categories 200 in 415ms (next.js: 33ms, proxy.ts: 295ms, application-code: 87ms)
 GET /dashboard/chat 200 in 499ms (next.js: 42ms, proxy.ts: 76ms, application-code: 381ms)
 GET /login 200 in 350ms (next.js: 145ms, proxy.ts: 8ms, application-code: 196ms)
prisma:query SELECT "public"."Category"."id", "public"."Category"."name", "public"."Category"."nameFa", "public"."Category"."icon", "public"."Category"."color", "public"."Category"."type"::text, "public"."Category"."isDefault", "public"."Category"."userId", "public"."Category"."createdAt", "public"."Category"."updatedAt" FROM "public"."Category" WHERE ("public"."Category"."userId" = $1 OR "public"."Category"."userId" IS NULL) ORDER BY "public"."Category"."type" ASC, "public"."Category"."nameFa" ASC OFFSET $2
 GET /api/categories 200 in 306ms (next.js: 10ms, proxy.ts: 67ms, application-code: 229ms)
 GET /api/auth/session 200 in 405ms (next.js: 106ms, proxy.ts: 65ms, application-code: 233ms)
 GET /login 200 in 290ms (next.js: 29ms, proxy.ts: 23ms, application-code: 238ms)
 GET /api/auth/session 200 in 89ms (next.js: 59ms, proxy.ts: 14ms, application-code: 16ms)
prisma:query SELECT "public"."Category"."id", "public"."Category"."name", "public"."Category"."nameFa", "public"."Category"."icon", "public"."Category"."type"::text FROM "public"."Category" WHERE (("public"."Category"."userId" = $1 OR "public"."Category"."userId" IS NULL) AND "public"."Category"."type" = CAST($2::text AS "public"."TransactionType")) OFFSET $3
prisma:query SELECT COUNT(*) AS "_count$_all" FROM (SELECT "public"."Category"."id" FROM "public"."Category" WHERE "public"."Category"."userId" = $1 OFFSET $2) AS "sub"
 GET /api/auth/session 200 in 238ms (next.js: 93ms, proxy.ts: 107ms, application-code: 38ms)
prisma:query SELECT "public"."Category"."id", "public"."Category"."name", "public"."Category"."nameFa", "public"."Category"."icon", "public"."Category"."type"::text FROM "public"."Category" WHERE (("public"."Category"."userId" = $1 OR "public"."Category"."userId" IS NULL) AND "public"."Category"."type" = CAST($2::text AS "public"."TransactionType")) OFFSET $3
 GET /api/auth/session 200 in 124ms (next.js: 87ms, proxy.ts: 26ms, application-code: 11ms)
 GET /api/auth/session 200 in 337ms (next.js: 99ms, proxy.ts: 107ms, application-code: 131ms)
 GET /api/auth/session 200 in 21ms (next.js: 8ms, proxy.ts: 7ms, application-code: 6ms)
 GET /api/auth/session 200 in 26ms (next.js: 8ms, proxy.ts: 11ms, application-code: 7ms)
 POST /api/transactions/categorize 200 in 1558ms (next.js: 23ms, proxy.ts: 233ms, application-code: 1302ms)
[11:19:45 UTC] [33mWARN[39m: [36mZhipu categorization failed, using fallback[39m
    [35mservice[39m: "finance-app"
    [35muserId[39m: "cmspyvf2w0000u4vsyj6pjwgw"
    [35mdescription[39m: "تست تراکنش"
    error: {
      "status": 401,
      "headers": {},
      "requestID": null,
      "error": {
        "code": "401",
        "message": "令牌已过期或验证不正确"
      },
      "code": "401"
    }
[11:19:45 UTC] [33mWARN[39m: [36mZhipu categorization failed, using fallback[39m
    [35mservice[39m: "finance-app"
    [35muserId[39m: "cmspyvf2w0000u4vsyj6pjwgw"
    [35mdescription[39m: "تست تراکنش"
    error: {
      "status": 401,
      "headers": {},
      "requestID": null,
      "error": {
        "code": "401",
        "message": "令牌已过期或验证不正确"
      },
      "code": "401"
    }
prisma:query INSERT INTO "public"."Transaction" ("id","amount","type","description","date","userId","categoryId","createdAt","updatedAt") VALUES ($1,$2,CAST($3::text AS "public"."TransactionType"),$4,$5,$6,$7,$8,$9) RETURNING "public"."Transaction"."id"
prisma:query SELECT "public"."Transaction"."id", "public"."Transaction"."amount", "public"."Transaction"."type"::text, "public"."Transaction"."description", "public"."Transaction"."date", "public"."Transaction"."receiptUrl", "public"."Transaction"."userId", "public"."Transaction"."categoryId", "public"."Transaction"."createdAt", "public"."Transaction"."updatedAt" FROM "public"."Transaction" WHERE "public"."Transaction"."id" = $1 LIMIT $2 OFFSET $3
prisma:query SELECT "public"."Category"."id", "public"."Category"."name", "public"."Category"."nameFa", "public"."Category"."icon", "public"."Category"."color" FROM "public"."Category" WHERE "public"."Category"."id" = $1 OFFSET $2
prisma:query COMMIT
 POST /api/transactions 201 in 1653ms (next.js: 24ms, proxy.ts: 204ms, application-code: 1424ms)
[11:19:46 UTC] [32mINFO[39m: [36mTransaction created[39m
    [35mservice[39m: "finance-app"
    [35muserId[39m: "cmspyvf2w0000u4vsyj6pjwgw"
    [35mtransactionId[39m: "cmspzyxc8007pnuvsnl2seouz"
    [35mcategorization[39m: "fallback"
 GET /dashboard/transactions 200 in 92ms (next.js: 6ms, proxy.ts: 27ms, application-code: 60ms)
 GET /dashboard/transactions 200 in 180ms (next.js: 18ms, proxy.ts: 41ms, application-code: 122ms)
 GET /api/transactions?sortBy=date&sortOrder=desc&page=1&limit=20 400 in 132ms (next.js: 12ms, proxy.ts: 57ms, application-code: 62ms)
prisma:query SELECT "public"."Category"."id", "public"."Category"."name", "public"."Category"."nameFa", "public"."Category"."icon", "public"."Category"."color", "public"."Category"."type"::text, "public"."Category"."isDefault", "public"."Category"."userId", "public"."Category"."createdAt", "public"."Category"."updatedAt" FROM "public"."Category" WHERE ("public"."Category"."userId" = $1 OR "public"."Category"."userId" IS NULL) ORDER BY "public"."Category"."type" ASC, "public"."Category"."nameFa" ASC OFFSET $2
 GET /api/categories 200 in 142ms (next.js: 23ms, proxy.ts: 56ms, application-code: 63ms)
 GET /api/transactions?sortBy=date&sortOrder=desc&page=1&limit=20 400 in 180ms (next.js: 16ms, proxy.ts: 51ms, application-code: 113ms)
prisma:query SELECT "public"."Category"."id", "public"."Category"."name", "public"."Category"."nameFa", "public"."Category"."icon", "public"."Category"."color", "public"."Category"."type"::text, "public"."Category"."isDefault", "public"."Category"."userId", "public"."Category"."createdAt", "public"."Category"."updatedAt" FROM "public"."Category" WHERE ("public"."Category"."userId" = $1 OR "public"."Category"."userId" IS NULL) ORDER BY "public"."Category"."type" ASC, "public"."Category"."nameFa" ASC OFFSET $2
 GET /api/categories 200 in 184ms (next.js: 18ms, proxy.ts: 52ms, application-code: 114ms)
 GET /login?callbackUrl=%2Fdashboard 200 in 150ms (next.js: 21ms, proxy.ts: 11ms, application-code: 118ms)
 GET /login 200 in 228ms (next.js: 7ms, proxy.ts: 14ms, application-code: 208ms)
 GET /api/auth/session 200 in 140ms (next.js: 80ms, proxy.ts: 44ms, application-code: 15ms)
 GET /api/auth/session 200 in 27ms (next.js: 11ms, proxy.ts: 7ms, application-code: 9ms)
 GET /api/auth/session 200 in 62ms (next.js: 43ms, proxy.ts: 8ms, application-code: 12ms)
 GET /api/auth/session 200 in 27ms (next.js: 12ms, proxy.ts: 6ms, application-code: 9ms)
 GET /register 200 in 101ms (next.js: 9ms, proxy.ts: 7ms, application-code: 85ms)
 GET /register 200 in 142ms (next.js: 8ms, proxy.ts: 7ms, application-code: 127ms)
 GET /api/auth/session 200 in 147ms (next.js: 104ms, proxy.ts: 20ms, application-code: 23ms)
 GET /dashboard 200 in 560ms (next.js: 14ms, proxy.ts: 42ms, application-code: 504ms)
 GET /api/auth/session 200 in 135ms (next.js: 70ms, proxy.ts: 43ms, application-code: 23ms)
 GET /dashboard 200 in 640ms (next.js: 22ms, proxy.ts: 127ms, application-code: 491ms)
 GET /dashboard 200 in 419ms (next.js: 14ms, proxy.ts: 82ms, application-code: 323ms)
 GET /api/auth/session 200 in 171ms (next.js: 122ms, proxy.ts: 31ms, application-code: 18ms)
 GET /api/auth/session 200 in 109ms (next.js: 55ms, proxy.ts: 22ms, application-code: 32ms)
prisma:query SELECT SUM("amount") AS "_sum$amount", COUNT(*) AS "_count$_all" FROM (SELECT "public"."Transaction"."amount", "public"."Transaction"."id" FROM "public"."Transaction" WHERE ("public"."Transaction"."userId" = $1 AND "public"."Transaction"."type" = CAST($2::text AS "public"."TransactionType")) OFFSET $3) AS "sub"
prisma:query SELECT "public"."Transaction"."id", "public"."Transaction"."amount", "public"."Transaction"."type"::text, "public"."Transaction"."description", "public"."Transaction"."date", "public"."Transaction"."receiptUrl", "public"."Transaction"."userId", "public"."Transaction"."categoryId", "public"."Transaction"."createdAt", "public"."Transaction"."updatedAt" FROM "public"."Transaction" WHERE "public"."Transaction"."userId" = $1 ORDER BY "public"."Transaction"."date" DESC LIMIT $2 OFFSET $3
prisma:query SELECT SUM("amount") AS "_sum$amount", COUNT(*) AS "_count$_all" FROM (SELECT "public"."Transaction"."amount", "public"."Transaction"."id" FROM "public"."Transaction" WHERE ("public"."Transaction"."userId" = $1 AND "public"."Transaction"."type" = CAST($2::text AS "public"."TransactionType")) OFFSET $3) AS "sub"
prisma:query SELECT "public"."Category"."id", "public"."Category"."name", "public"."Category"."nameFa", "public"."Category"."icon", "public"."Category"."color" FROM "public"."Category" WHERE "public"."Category"."id" IN ($1,$2,$3,$4,$5,$6,$7,$8,$9,$10) OFFSET $11
prisma:query SELECT SUM("public"."Transaction"."amount") AS "_sum$amount", COUNT(*) AS "_count$_all", "public"."Transaction"."categoryId", "public"."Transaction"."type"::text FROM "public"."Transaction" WHERE "public"."Transaction"."userId" = $1 GROUP BY "public"."Transaction"."categoryId", "public"."Transaction"."type" ORDER BY SUM("public"."Transaction"."amount") DESC OFFSET $2
prisma:query SELECT "public"."Category"."id", "public"."Category"."name", "public"."Category"."nameFa", "public"."Category"."icon", "public"."Category"."color", "public"."Category"."type"::text FROM "public"."Category" WHERE ("public"."Category"."userId" = $1 OR "public"."Category"."userId" IS NULL) OFFSET $2
 GET /api/dashboard 200 in 274ms (next.js: 17ms, proxy.ts: 80ms, application-code: 177ms)
 GET /api/auth/session 200 in 277ms (next.js: 60ms, proxy.ts: 78ms, application-code: 139ms)
prisma:query SELECT "public"."User"."id", "public"."User"."name", "public"."User"."email", "public"."User"."emailVerified", "public"."User"."passwordHash", "public"."User"."image", "public"."User"."createdAt", "public"."User"."updatedAt" FROM "public"."User" WHERE ("public"."User"."email" = $1 AND 1=1) LIMIT $2 OFFSET $3
prisma:query INSERT INTO "public"."User" ("id","name","email","passwordHash","createdAt","updatedAt") VALUES ($1,$2,$3,$4,$5,$6) RETURNING "public"."User"."id", "public"."User"."email", "public"."User"."name", "public"."User"."createdAt"
prisma:query SELECT "public"."Category"."id", "public"."Category"."name", "public"."Category"."nameFa", "public"."Category"."icon", "public"."Category"."color", "public"."Category"."type"::text, "public"."Category"."isDefault", "public"."Category"."userId", "public"."Category"."createdAt", "public"."Category"."updatedAt" FROM "public"."Category" WHERE ("public"."Category"."name" = $1 AND "public"."Category"."userId" = $2) LIMIT $3 OFFSET $4
prisma:query INSERT INTO "public"."Category" ("id","name","nameFa","icon","color","type","isDefault","userId","createdAt","updatedAt") VALUES ($1,$2,$3,$4,$5,CAST($6::text AS "public"."TransactionType"),$7,$8,$9,$10) RETURNING "public"."Category"."id", "public"."Category"."name", "public"."Category"."nameFa", "public"."Category"."icon", "public"."Category"."color", "public"."Category"."type"::text, "public"."Category"."isDefault", "public"."Category"."userId", "public"."Category"."createdAt", "public"."Category"."updatedAt"
prisma:query SELECT "public"."Category"."id", "public"."Category"."name", "public"."Category"."nameFa", "public"."Category"."icon", "public"."Category"."color", "public"."Category"."type"::text, "public"."Category"."isDefault", "public"."Category"."userId", "public"."Category"."createdAt", "public"."Category"."updatedAt" FROM "public"."Category" WHERE ("public"."Category"."name" = $1 AND "public"."Category"."userId" = $2) LIMIT $3 OFFSET $4
prisma:query INSERT INTO "public"."Category" ("id","name","nameFa","icon","color","type","isDefault","userId","createdAt","updatedAt") VALUES ($1,$2,$3,$4,$5,CAST($6::text AS "public"."TransactionType"),$7,$8,$9,$10) RETURNING "public"."Category"."id", "public"."Category"."name", "public"."Category"."nameFa", "public"."Category"."icon", "public"."Category"."color", "public"."Category"."type"::text, "public"."Category"."isDefault", "public"."Category"."userId", "public"."Category"."createdAt", "public"."Category"."updatedAt"
prisma:query SELECT "public"."Category"."id", "public"."Category"."name", "public"."Category"."nameFa", "public"."Category"."icon", "public"."Category"."color", "public"."Category"."type"::text, "public"."Category"."isDefault", "public"."Category"."userId", "public"."Category"."createdAt", "public"."Category"."updatedAt" FROM "public"."Category" WHERE ("public"."Category"."name" = $1 AND "public"."Category"."userId" = $2) LIMIT $3 OFFSET $4
 GET /dashboard/transactions 200 in 750ms (next.js: 136ms, proxy.ts: 505ms, application-code: 109ms)
prisma:query SELECT SUM("amount") AS "_sum$amount", COUNT(*) AS "_count$_all" FROM (SELECT "public"."Transaction"."amount", "public"."Transaction"."id" FROM "public"."Transaction" WHERE ("public"."Transaction"."userId" = $1 AND "public"."Transaction"."type" = CAST($2::text AS "public"."TransactionType")) OFFSET $3) AS "sub"
prisma:query SELECT SUM("amount") AS "_sum$amount", COUNT(*) AS "_count$_all" FROM (SELECT "public"."Transaction"."amount", "public"."Transaction"."id" FROM "public"."Transaction" WHERE ("public"."Transaction"."userId" = $1 AND "public"."Transaction"."type" = CAST($2::text AS "public"."TransactionType")) OFFSET $3) AS "sub"
prisma:query SELECT SUM("public"."Transaction"."amount") AS "_sum$amount", COUNT(*) AS "_count$_all", "public"."Transaction"."categoryId", "public"."Transaction"."type"::text FROM "public"."Transaction" WHERE "public"."Transaction"."userId" = $1 GROUP BY "public"."Transaction"."categoryId", "public"."Transaction"."type" ORDER BY SUM("public"."Transaction"."amount") DESC OFFSET $2
prisma:query INSERT INTO "public"."Category" ("id","name","nameFa","icon","color","type","isDefault","userId","createdAt","updatedAt") VALUES ($1,$2,$3,$4,$5,CAST($6::text AS "public"."TransactionType"),$7,$8,$9,$10) RETURNING "public"."Category"."id", "public"."Category"."name", "public"."Category"."nameFa", "public"."Category"."icon", "public"."Category"."color", "public"."Category"."type"::text, "public"."Category"."isDefault", "public"."Category"."userId", "public"."Category"."createdAt", "public"."Category"."updatedAt"
 GET /api/auth/session 200 in 908ms (next.js: 181ms, proxy.ts: 571ms, application-code: 155ms)
prisma:query SELECT "public"."Category"."id", "public"."Category"."name", "public"."Category"."nameFa", "public"."Category"."icon", "public"."Category"."color", "public"."Category"."type"::text, "public"."Category"."isDefault", "public"."Category"."userId", "public"."Category"."createdAt", "public"."Category"."updatedAt" FROM "public"."Category" WHERE ("public"."Category"."name" = $1 AND "public"."Category"."userId" = $2) LIMIT $3 OFFSET $4
prisma:query INSERT INTO "public"."Category" ("id","name","nameFa","icon","color","type","isDefault","userId","createdAt","updatedAt") VALUES ($1,$2,$3,$4,$5,CAST($6::text AS "public"."TransactionType"),$7,$8,$9,$10) RETURNING "public"."Category"."id", "public"."Category"."name", "public"."Category"."nameFa", "public"."Category"."icon", "public"."Category"."color", "public"."Category"."type"::text, "public"."Category"."isDefault", "public"."Category"."userId", "public"."Category"."createdAt", "public"."Category"."updatedAt"
prisma:query SELECT "public"."Category"."id", "public"."Category"."name", "public"."Category"."nameFa", "public"."Category"."icon", "public"."Category"."color", "public"."Category"."type"::text, "public"."Category"."isDefault", "public"."Category"."userId", "public"."Category"."createdAt", "public"."Category"."updatedAt" FROM "public"."Category" WHERE ("public"."Category"."name" = $1 AND "public"."Category"."userId" = $2) LIMIT $3 OFFSET $4
prisma:query INSERT INTO "public"."Category" ("id","name","nameFa","icon","color","type","isDefault","userId","createdAt","updatedAt") VALUES ($1,$2,$3,$4,$5,CAST($6::text AS "public"."TransactionType"),$7,$8,$9,$10) RETURNING "public"."Category"."id", "public"."Category"."name", "public"."Category"."nameFa", "public"."Category"."icon", "public"."Category"."color", "public"."Category"."type"::text, "public"."Category"."isDefault", "public"."Category"."userId", "public"."Category"."createdAt", "public"."Category"."updatedAt"
 GET /api/dashboard 200 in 1137ms (next.js: 76ms, proxy.ts: 570ms, application-code: 491ms)
prisma:query SELECT "public"."Category"."id", "public"."Category"."name", "public"."Category"."nameFa", "public"."Category"."icon", "public"."Category"."color", "public"."Category"."type"::text, "public"."Category"."isDefault", "public"."Category"."userId", "public"."Category"."createdAt", "public"."Category"."updatedAt" FROM "public"."Category" WHERE ("public"."Category"."name" = $1 AND "public"."Category"."userId" = $2) LIMIT $3 OFFSET $4
prisma:query INSERT INTO "public"."Category" ("id","name","nameFa","icon","color","type","isDefault","userId","createdAt","updatedAt") VALUES ($1,$2,$3,$4,$5,CAST($6::text AS "public"."TransactionType"),$7,$8,$9,$10) RETURNING "public"."Category"."id", "public"."Category"."name", "public"."Category"."nameFa", "public"."Category"."icon", "public"."Category"."color", "public"."Category"."type"::text, "public"."Category"."isDefault", "public"."Category"."userId", "public"."Category"."createdAt", "public"."Category"."updatedAt"
prisma:query SELECT "public"."Category"."id", "public"."Category"."name", "public"."Category"."nameFa", "public"."Category"."icon", "public"."Category"."color", "public"."Category"."type"::text, "public"."Category"."isDefault", "public"."Category"."userId", "public"."Category"."createdAt", "public"."Category"."updatedAt" FROM "public"."Category" WHERE ("public"."Category"."name" = $1 AND "public"."Category"."userId" = $2) LIMIT $3 OFFSET $4
prisma:query SELECT "public"."Transaction"."id", "public"."Transaction"."amount", "public"."Transaction"."type"::text, "public"."Transaction"."description", "public"."Transaction"."date", "public"."Transaction"."receiptUrl", "public"."Transaction"."userId", "public"."Transaction"."categoryId", "public"."Transaction"."createdAt", "public"."Transaction"."updatedAt" FROM "public"."Transaction" WHERE "public"."Transaction"."userId" = $1 ORDER BY "public"."Transaction"."date" DESC LIMIT $2 OFFSET $3
prisma:query INSERT INTO "public"."Category" ("id","name","nameFa","icon","color","type","isDefault","userId","createdAt","updatedAt") VALUES ($1,$2,$3,$4,$5,CAST($6::text AS "public"."TransactionType"),$7,$8,$9,$10) RETURNING "public"."Category"."id", "public"."Category"."name", "public"."Category"."nameFa", "public"."Category"."icon", "public"."Category"."color", "public"."Category"."type"::text, "public"."Category"."isDefault", "public"."Category"."userId", "public"."Category"."createdAt", "public"."Category"."updatedAt"
prisma:query SELECT SUM("amount") AS "_sum$amount", COUNT(*) AS "_count$_all" FROM (SELECT "public"."Transaction"."amount", "public"."Transaction"."id" FROM "public"."Transaction" WHERE ("public"."Transaction"."userId" = $1 AND "public"."Transaction"."type" = CAST($2::text AS "public"."TransactionType")) OFFSET $3) AS "sub"
prisma:query SELECT SUM("amount") AS "_sum$amount", COUNT(*) AS "_count$_all" FROM (SELECT "public"."Transaction"."amount", "public"."Transaction"."id" FROM "public"."Transaction" WHERE ("public"."Transaction"."userId" = $1 AND "public"."Transaction"."type" = CAST($2::text AS "public"."TransactionType")) OFFSET $3) AS "sub"
prisma:query SELECT SUM("public"."Transaction"."amount") AS "_sum$amount", COUNT(*) AS "_count$_all", "public"."Transaction"."categoryId", "public"."Transaction"."type"::text FROM "public"."Transaction" WHERE "public"."Transaction"."userId" = $1 GROUP BY "public"."Transaction"."categoryId", "public"."Transaction"."type" ORDER BY SUM("public"."Transaction"."amount") DESC OFFSET $2
prisma:query SELECT "public"."Category"."id", "public"."Category"."name", "public"."Category"."nameFa", "public"."Category"."icon", "public"."Category"."color", "public"."Category"."type"::text, "public"."Category"."isDefault", "public"."Category"."userId", "public"."Category"."createdAt", "public"."Category"."updatedAt" FROM "public"."Category" WHERE ("public"."Category"."name" = $1 AND "public"."Category"."userId" = $2) LIMIT $3 OFFSET $4
prisma:query SELECT "public"."Category"."id", "public"."Category"."name", "public"."Category"."nameFa", "public"."Category"."icon", "public"."Category"."color" FROM "public"."Category" WHERE "public"."Category"."id" IN ($1,$2,$3,$4,$5,$6,$7,$8,$9,$10) OFFSET $11
 GET /dashboard/categories 200 in 402ms (next.js: 165ms, proxy.ts: 115ms, application-code: 123ms)
prisma:query INSERT INTO "public"."Category" ("id","name","nameFa","icon","color","type","isDefault","userId","createdAt","updatedAt") VALUES ($1,$2,$3,$4,$5,CAST($6::text AS "public"."TransactionType"),$7,$8,$9,$10) RETURNING "public"."Category"."id", "public"."Category"."name", "public"."Category"."nameFa", "public"."Category"."icon", "public"."Category"."color", "public"."Category"."type"::text, "public"."Category"."isDefault", "public"."Category"."userId", "public"."Category"."createdAt", "public"."Category"."updatedAt"
 GET /api/auth/session 200 in 595ms (next.js: 186ms, proxy.ts: 234ms, application-code: 175ms)
prisma:query SELECT "public"."Category"."id", "public"."Category"."name", "public"."Category"."nameFa", "public"."Category"."icon", "public"."Category"."color", "public"."Category"."type"::text FROM "public"."Category" WHERE ("public"."Category"."userId" = $1 OR "public"."Category"."userId" IS NULL) OFFSET $2
prisma:query SELECT "public"."Category"."id", "public"."Category"."name", "public"."Category"."nameFa", "public"."Category"."icon", "public"."Category"."color", "public"."Category"."type"::text, "public"."Category"."isDefault", "public"."Category"."userId", "public"."Category"."createdAt", "public"."Category"."updatedAt" FROM "public"."Category" WHERE ("public"."Category"."name" = $1 AND "public"."Category"."userId" = $2) LIMIT $3 OFFSET $4
prisma:query INSERT INTO "public"."Category" ("id","name","nameFa","icon","color","type","isDefault","userId","createdAt","updatedAt") VALUES ($1,$2,$3,$4,$5,CAST($6::text AS "public"."TransactionType"),$7,$8,$9,$10) RETURNING "public"."Category"."id", "public"."Category"."name", "public"."Category"."nameFa", "public"."Category"."icon", "public"."Category"."color", "public"."Category"."type"::text, "public"."Category"."isDefault", "public"."Category"."userId", "public"."Category"."createdAt", "public"."Category"."updatedAt"
prisma:query SELECT "public"."Category"."id", "public"."Category"."name", "public"."Category"."nameFa", "public"."Category"."icon", "public"."Category"."color", "public"."Category"."type"::text, "public"."Category"."isDefault", "public"."Category"."userId", "public"."Category"."createdAt", "public"."Category"."updatedAt" FROM "public"."Category" WHERE ("public"."Category"."name" = $1 AND "public"."Category"."userId" = $2) LIMIT $3 OFFSET $4
prisma:query INSERT INTO "public"."Category" ("id","name","nameFa","icon","color","type","isDefault","userId","createdAt","updatedAt") VALUES ($1,$2,$3,$4,$5,CAST($6::text AS "public"."TransactionType"),$7,$8,$9,$10) RETURNING "public"."Category"."id", "public"."Category"."name", "public"."Category"."nameFa", "public"."Category"."icon", "public"."Category"."color", "public"."Category"."type"::text, "public"."Category"."isDefault", "public"."Category"."userId", "public"."Category"."createdAt", "public"."Category"."updatedAt"
prisma:query SELECT "public"."Category"."id", "public"."Category"."name", "public"."Category"."nameFa", "public"."Category"."icon", "public"."Category"."color", "public"."Category"."type"::text, "public"."Category"."isDefault", "public"."Category"."userId", "public"."Category"."createdAt", "public"."Category"."updatedAt" FROM "public"."Category" WHERE ("public"."Category"."name" = $1 AND "public"."Category"."userId" = $2) LIMIT $3 OFFSET $4
prisma:query INSERT INTO "public"."Category" ("id","name","nameFa","icon","color","type","isDefault","userId","createdAt","updatedAt") VALUES ($1,$2,$3,$4,$5,CAST($6::text AS "public"."TransactionType"),$7,$8,$9,$10) RETURNING "public"."Category"."id", "public"."Category"."name", "public"."Category"."nameFa", "public"."Category"."icon", "public"."Category"."color", "public"."Category"."type"::text, "public"."Category"."isDefault", "public"."Category"."userId", "public"."Category"."createdAt", "public"."Category"."updatedAt"
 POST /api/auth/register 201 in 1441ms (next.js: 35ms, proxy.ts: 16ms, application-code: 1390ms)
[11:19:52 UTC] [32mINFO[39m: [36mUser registered[39m
    [35mservice[39m: "finance-app"
    [35muserId[39m: "cmspzz21w007qnuvs7ixi1f8t"
    [35memail[39m: "test1786533589271@example.com"
prisma:query SELECT "public"."Transaction"."id", "public"."Transaction"."amount", "public"."Transaction"."type"::text, "public"."Transaction"."description", "public"."Transaction"."date", "public"."Transaction"."receiptUrl", "public"."Transaction"."userId", "public"."Transaction"."categoryId", "public"."Transaction"."createdAt", "public"."Transaction"."updatedAt" FROM "public"."Transaction" WHERE "public"."Transaction"."userId" = $1 ORDER BY "public"."Transaction"."date" DESC LIMIT $2 OFFSET $3
prisma:query SELECT "public"."Category"."id", "public"."Category"."name", "public"."Category"."nameFa", "public"."Category"."icon", "public"."Category"."color" FROM "public"."Category" WHERE "public"."Category"."id" IN ($1,$2,$3,$4,$5,$6,$7,$8,$9,$10) OFFSET $11
prisma:query SELECT "public"."Category"."id", "public"."Category"."name", "public"."Category"."nameFa", "public"."Category"."icon", "public"."Category"."color", "public"."Category"."type"::text FROM "public"."Category" WHERE ("public"."Category"."userId" = $1 OR "public"."Category"."userId" IS NULL) OFFSET $2
 GET /api/dashboard 200 in 795ms (next.js: 35ms, proxy.ts: 226ms, application-code: 534ms)
 GET /dashboard/transactions/new 200 in 897ms (next.js: 27ms, proxy.ts: 237ms, application-code: 633ms)
 GET /login?registered=true 200 in 179ms (next.js: 29ms, proxy.ts: 18ms, application-code: 132ms)
 GET /api/auth/session 200 in 303ms (next.js: 58ms, proxy.ts: 91ms, application-code: 154ms)
prisma:query SELECT "public"."Category"."id", "public"."Category"."name", "public"."Category"."nameFa", "public"."Category"."icon", "public"."Category"."color", "public"."Category"."type"::text, "public"."Category"."isDefault", "public"."Category"."userId", "public"."Category"."createdAt", "public"."Category"."updatedAt" FROM "public"."Category" WHERE ("public"."Category"."userId" = $1 OR "public"."Category"."userId" IS NULL) ORDER BY "public"."Category"."type" ASC, "public"."Category"."nameFa" ASC OFFSET $2
 GET /api/categories 200 in 354ms (next.js: 27ms, proxy.ts: 160ms, application-code: 167ms)
 GET /dashboard/transactions 200 in 500ms (next.js: 83ms, proxy.ts: 78ms, application-code: 339ms)
 GET /api/categories 200 in 222ms (next.js: 17ms, proxy.ts: 68ms, application-code: 137ms)
prisma:query SELECT "public"."Category"."id", "public"."Category"."name", "public"."Category"."nameFa", "public"."Category"."icon", "public"."Category"."color", "public"."Category"."type"::text, "public"."Category"."isDefault", "public"."Category"."userId", "public"."Category"."createdAt", "public"."Category"."updatedAt" FROM "public"."Category" WHERE ("public"."Category"."userId" = $1 OR "public"."Category"."userId" IS NULL) ORDER BY "public"."Category"."type" ASC, "public"."Category"."nameFa" ASC OFFSET $2
 GET /login 200 in 220ms (next.js: 15ms, proxy.ts: 15ms, application-code: 190ms)
 GET /dashboard/chat 200 in 390ms (next.js: 7ms, proxy.ts: 20ms, application-code: 364ms)
prisma:query SELECT "public"."Category"."id", "public"."Category"."name", "public"."Category"."nameFa", "public"."Category"."icon", "public"."Category"."color", "public"."Category"."type"::text, "public"."Category"."isDefault", "public"."Category"."userId", "public"."Category"."createdAt", "public"."Category"."updatedAt" FROM "public"."Category" WHERE ("public"."Category"."userId" = $1 OR "public"."Category"."userId" IS NULL) ORDER BY "public"."Category"."type" ASC, "public"."Category"."nameFa" ASC OFFSET $2
 GET /api/categories 200 in 358ms (next.js: 24ms, proxy.ts: 155ms, application-code: 179ms)
 GET /api/auth/session 200 in 354ms (next.js: 136ms, proxy.ts: 140ms, application-code: 77ms)
 GET /api/transactions?sortBy=date&sortOrder=desc&page=1&limit=20 400 in 314ms (next.js: 23ms, proxy.ts: 147ms, application-code: 144ms)
prisma:query SELECT "public"."Category"."id", "public"."Category"."name", "public"."Category"."nameFa", "public"."Category"."icon", "public"."Category"."color", "public"."Category"."type"::text, "public"."Category"."isDefault", "public"."Category"."userId", "public"."Category"."createdAt", "public"."Category"."updatedAt" FROM "public"."Category" WHERE ("public"."Category"."userId" = $1 OR "public"."Category"."userId" IS NULL) ORDER BY "public"."Category"."type" ASC, "public"."Category"."nameFa" ASC OFFSET $2
 GET /api/categories 200 in 332ms (next.js: 17ms, proxy.ts: 153ms, application-code: 162ms)
 GET /api/auth/session 200 in 332ms (next.js: 110ms, proxy.ts: 146ms, application-code: 77ms)
 GET /api/auth/session 200 in 134ms (next.js: 27ms, proxy.ts: 66ms, application-code: 41ms)
 GET /api/auth/session 200 in 110ms (next.js: 31ms, proxy.ts: 46ms, application-code: 34ms)
 GET /api/auth/session 200 in 36ms (next.js: 17ms, proxy.ts: 7ms, application-code: 11ms)
 GET /api/auth/session 200 in 49ms (next.js: 18ms, proxy.ts: 16ms, application-code: 15ms)
 GET /api/auth/session 200 in 72ms (next.js: 9ms, proxy.ts: 38ms, application-code: 25ms)
 GET /api/auth/session 200 in 109ms (next.js: 37ms, proxy.ts: 23ms, application-code: 49ms)
prisma:query SELECT "public"."Category"."id", "public"."Category"."name", "public"."Category"."nameFa", "public"."Category"."icon", "public"."Category"."type"::text FROM "public"."Category" WHERE (("public"."Category"."userId" = $1 OR "public"."Category"."userId" IS NULL) AND "public"."Category"."type" = CAST($2::text AS "public"."TransactionType")) OFFSET $3
prisma:query SELECT COUNT(*) AS "_count$_all" FROM (SELECT "public"."Category"."id" FROM "public"."Category" WHERE "public"."Category"."userId" = $1 OFFSET $2) AS "sub"
prisma:query SELECT "public"."Category"."id", "public"."Category"."name", "public"."Category"."nameFa", "public"."Category"."icon", "public"."Category"."type"::text FROM "public"."Category" WHERE (("public"."Category"."userId" = $1 OR "public"."Category"."userId" IS NULL) AND "public"."Category"."type" = CAST($2::text AS "public"."TransactionType")) OFFSET $3
 GET /login 200 in 195ms (next.js: 37ms, proxy.ts: 14ms, application-code: 145ms)
prisma:query SELECT "public"."Transaction"."id", "public"."Transaction"."amount", "public"."Transaction"."type"::text, "public"."Transaction"."description", "public"."Transaction"."date", "public"."Transaction"."receiptUrl", "public"."Transaction"."userId", "public"."Transaction"."categoryId", "public"."Transaction"."createdAt", "public"."Transaction"."updatedAt" FROM "public"."Transaction" WHERE "public"."Transaction"."userId" = $1 ORDER BY "public"."Transaction"."date" DESC LIMIT $2 OFFSET $3
prisma:query SELECT SUM("amount") AS "_sum$amount", COUNT(*) AS "_count$_all" FROM (SELECT "public"."Transaction"."amount", "public"."Transaction"."id" FROM "public"."Transaction" WHERE ("public"."Transaction"."userId" = $1 AND "public"."Transaction"."type" = CAST($2::text AS "public"."TransactionType")) OFFSET $3) AS "sub"
prisma:query SELECT "public"."Category"."id", "public"."Category"."name", "public"."Category"."nameFa", "public"."Category"."icon", "public"."Category"."type"::text FROM "public"."Category" WHERE "public"."Category"."userId" = $1 OFFSET $2
prisma:query SELECT SUM("amount") AS "_sum$amount", COUNT(*) AS "_count$_all" FROM (SELECT "public"."Transaction"."amount", "public"."Transaction"."id" FROM "public"."Transaction" WHERE ("public"."Transaction"."userId" = $1 AND "public"."Transaction"."type" = CAST($2::text AS "public"."TransactionType")) OFFSET $3) AS "sub"
prisma:query SELECT "public"."Category"."id", "public"."Category"."nameFa", "public"."Category"."icon", "public"."Category"."type"::text FROM "public"."Category" WHERE "public"."Category"."id" IN ($1,$2,$3,$4,$5,$6,$7,$8,$9,$10,$11,$12,$13) OFFSET $14
 POST /api/chat 200 in 106ms (next.js: 4ms, proxy.ts: 51ms, application-code: 51ms)
 GET /api/auth/session 200 in 78ms (next.js: 64ms, proxy.ts: 4ms, application-code: 9ms)
 GET /api/auth/session 200 in 19ms (next.js: 9ms, proxy.ts: 4ms, application-code: 6ms)
 POST /api/transactions/categorize 200 in 1270ms (next.js: 3ms, proxy.ts: 48ms, application-code: 1219ms)
[11:19:56 UTC] [33mWARN[39m: [36mZhipu categorization failed, using fallback[39m
    [35mservice[39m: "finance-app"
    [35muserId[39m: "cmspyvf2w0000u4vsyj6pjwgw"
    [35mdescription[39m: "تست تراکنش"
    error: {
      "status": 401,
      "headers": {},
      "requestID": null,
      "error": {
        "code": "401",
        "message": "令牌已过期或验证不正确"
      },
      "code": "401"
    }
[11:19:57 UTC] [33mWARN[39m: [36mAssistant request failed[39m
    [35mservice[39m: "finance-app"
    [35muserId[39m: "cmspyvf2w0000u4vsyj6pjwgw"
    error: {
      "status": 401,
      "headers": {},
      "requestID": null,
      "error": {
        "code": "401",
        "message": "令牌已过期或验证不正确"
      },
      "code": "401"
    }
[11:19:57 UTC] [32mINFO[39m: [36mAssistant answered[39m
    [35mservice[39m: "finance-app"
    [35muserId[39m: "cmspyvf2w0000u4vsyj6pjwgw"
    [35mfallback[39m: true
 POST /api/transactions 200 in 5.1s (next.js: 12ms, proxy.ts: 68ms, application-code: 5.0s)
[11:20:01 UTC] [33mWARN[39m: [36mZhipu categorization failed, using fallback[39m
    [35mservice[39m: "finance-app"
    [35muserId[39m: "cmspyvf2w0000u4vsyj6pjwgw"
    [35mdescription[39m: "تست تراکنش"
    error: {
      "status": 401,
      "headers": {},
      "requestID": null,
      "error": {
        "code": "401",
        "message": "令牌已过期或验证不正确"
      },
      "code": "401"
    }
prisma:query INSERT INTO "public"."Transaction" ("id","amount","type","description","date","userId","categoryId","createdAt","updatedAt") VALUES ($1,$2,CAST($3::text AS "public"."TransactionType"),$4,$5,$6,$7,$8,$9) RETURNING "public"."Transaction"."id"
prisma:query SELECT "public"."Transaction"."id", "public"."Transaction"."amount", "public"."Transaction"."type"::text, "public"."Transaction"."description", "public"."Transaction"."date", "public"."Transaction"."receiptUrl", "public"."Transaction"."userId", "public"."Transaction"."categoryId", "public"."Transaction"."createdAt", "public"."Transaction"."updatedAt" FROM "public"."Transaction" WHERE "public"."Transaction"."id" = $1 LIMIT $2 OFFSET $3
prisma:query SELECT "public"."Category"."id", "public"."Category"."name", "public"."Category"."nameFa", "public"."Category"."icon", "public"."Category"."color" FROM "public"."Category" WHERE "public"."Category"."id" = $1 OFFSET $2
prisma:query COMMIT
[11:20:01 UTC] [32mINFO[39m: [36mTransaction created[39m
    [35mservice[39m: "finance-app"
    [35muserId[39m: "cmspyvf2w0000u4vsyj6pjwgw"
    [35mtransactionId[39m: "cmspzz9dx0082nuvsysx2urvf"
    [35mcategorization[39m: "fallback"
 GET / 307 in 71ms (next.js: 3ms, proxy.ts: 5ms, application-code: 64ms)
 GET /login 200 in 54ms (next.js: 4ms, proxy.ts: 5ms, application-code: 45ms)
 GET / 307 in 70ms (next.js: 2ms, proxy.ts: 4ms, application-code: 64ms)
 GET /login 200 in 58ms (next.js: 3ms, proxy.ts: 4ms, application-code: 51ms)
 GET /dashboard/transactions/new 200 in 148ms (next.js: 4ms, proxy.ts: 16ms, application-code: 127ms)
 GET /api/auth/session 200 in 113ms (next.js: 63ms, proxy.ts: 23ms, application-code: 26ms)
prisma:query SELECT "public"."Category"."id", "public"."Category"."name", "public"."Category"."nameFa", "public"."Category"."icon", "public"."Category"."color", "public"."Category"."type"::text, "public"."Category"."isDefault", "public"."Category"."userId", "public"."Category"."createdAt", "public"."Category"."updatedAt" FROM "public"."Category" WHERE ("public"."Category"."userId" = $1 OR "public"."Category"."userId" IS NULL) ORDER BY "public"."Category"."type" ASC, "public"."Category"."nameFa" ASC OFFSET $2
 GET /api/categories 200 in 134ms (next.js: 4ms, proxy.ts: 19ms, application-code: 111ms)
 GET /api/auth/session 200 in 50ms (next.js: 6ms, proxy.ts: 20ms, application-code: 24ms)
prisma:query SELECT "public"."Category"."id", "public"."Category"."name", "public"."Category"."nameFa", "public"."Category"."icon", "public"."Category"."type"::text FROM "public"."Category" WHERE (("public"."Category"."userId" = $1 OR "public"."Category"."userId" IS NULL) AND "public"."Category"."type" = CAST($2::text AS "public"."TransactionType")) OFFSET $3
prisma:query SELECT COUNT(*) AS "_count$_all" FROM (SELECT "public"."Category"."id" FROM "public"."Category" WHERE "public"."Category"."userId" = $1 OFFSET $2) AS "sub"
prisma:query SELECT "public"."Category"."id", "public"."Category"."name", "public"."Category"."nameFa", "public"."Category"."icon", "public"."Category"."type"::text FROM "public"."Category" WHERE (("public"."Category"."userId" = $1 OR "public"."Category"."userId" IS NULL) AND "public"."Category"."type" = CAST($2::text AS "public"."TransactionType")) OFFSET $3
[11:20:20 UTC] [33mWARN[39m: [36mZhipu categorization failed, using fallback[39m
    [35mservice[39m: "finance-app"
    [35muserId[39m: "cmspyvf2w0000u4vsyj6pjwgw"
    [35mdescription[39m: "تست تراکنش"
    error: {
      "status": 401,
      "headers": {},
      "requestID": null,
      "error": {
        "code": "401",
        "message": "令牌已过期或验证不正确"
      },
      "code": "401"
    }
prisma:query INSERT INTO "public"."Transaction" ("id","amount","type","description","date","userId","categoryId","createdAt","updatedAt") VALUES ($1,$2,CAST($3::text AS "public"."TransactionType"),$4,$5,$6,$7,$8,$9) RETURNING "public"."Transaction"."id"
 POST /api/transactions/categorize 200 in 2.8s (next.js: 3ms, proxy.ts: 17ms, application-code: 2.8s)
[11:20:20 UTC] [33mWARN[39m: [36mZhipu categorization failed, using fallback[39m
    [35mservice[39m: "finance-app"
    [35muserId[39m: "cmspyvf2w0000u4vsyj6pjwgw"
    [35mdescription[39m: "تست تراکنش"
    error: {
      "status": 401,
      "headers": {},
      "requestID": null,
      "error": {
        "code": "401",
        "message": "令牌已过期或验证不正确"
      },
      "code": "401"
    }
prisma:query SELECT "public"."Transaction"."id", "public"."Transaction"."amount", "public"."Transaction"."type"::text, "public"."Transaction"."description", "public"."Transaction"."date", "public"."Transaction"."receiptUrl", "public"."Transaction"."userId", "public"."Transaction"."categoryId", "public"."Transaction"."createdAt", "public"."Transaction"."updatedAt" FROM "public"."Transaction" WHERE "public"."Transaction"."id" = $1 LIMIT $2 OFFSET $3
prisma:query SELECT "public"."Category"."id", "public"."Category"."name", "public"."Category"."nameFa", "public"."Category"."icon", "public"."Category"."color" FROM "public"."Category" WHERE "public"."Category"."id" = $1 OFFSET $2
prisma:query COMMIT
 POST /api/transactions 201 in 2.9s (next.js: 4ms, proxy.ts: 30ms, application-code: 2.8s)
[11:20:20 UTC] [32mINFO[39m: [36mTransaction created[39m
    [35mservice[39m: "finance-app"
    [35muserId[39m: "cmspyvf2w0000u4vsyj6pjwgw"
    [35mtransactionId[39m: "cmspzznz70083nuvs8s020zk8"
    [35mcategorization[39m: "fallback"
 GET /dashboard/transactions 200 in 70ms (next.js: 18ms, proxy.ts: 20ms, application-code: 32ms)
 GET /dashboard/transactions 200 in 149ms (next.js: 34ms, proxy.ts: 16ms, application-code: 99ms)
prisma:query SELECT "public"."Category"."id", "public"."Category"."name", "public"."Category"."nameFa", "public"."Category"."icon", "public"."Category"."color", "public"."Category"."type"::text, "public"."Category"."isDefault", "public"."Category"."userId", "public"."Category"."createdAt", "public"."Category"."updatedAt" FROM "public"."Category" WHERE ("public"."Category"."userId" = $1 OR "public"."Category"."userId" IS NULL) ORDER BY "public"."Category"."type" ASC, "public"."Category"."nameFa" ASC OFFSET $2
 GET /api/categories 200 in 55ms (next.js: 5ms, proxy.ts: 21ms, application-code: 29ms)
 GET /api/transactions?sortBy=date&sortOrder=desc&page=1&limit=20 400 in 55ms (next.js: 5ms, proxy.ts: 26ms, application-code: 24ms)
 GET /api/transactions?sortBy=date&sortOrder=desc&page=1&limit=20 400 in 55ms (next.js: 11ms, proxy.ts: 24ms, application-code: 20ms)
prisma:query SELECT "public"."Category"."id", "public"."Category"."name", "public"."Category"."nameFa", "public"."Category"."icon", "public"."Category"."color", "public"."Category"."type"::text, "public"."Category"."isDefault", "public"."Category"."userId", "public"."Category"."createdAt", "public"."Category"."updatedAt" FROM "public"."Category" WHERE ("public"."Category"."userId" = $1 OR "public"."Category"."userId" IS NULL) ORDER BY "public"."Category"."type" ASC, "public"."Category"."nameFa" ASC OFFSET $2
 GET /api/categories 200 in 61ms (next.js: 6ms, proxy.ts: 24ms, application-code: 30ms)
 GET / 307 in 66ms (next.js: 3ms, proxy.ts: 3ms, application-code: 59ms)
 GET /login 200 in 53ms (next.js: 3ms, proxy.ts: 4ms, application-code: 46ms)
 GET / 307 in 82ms (next.js: 3ms, proxy.ts: 5ms, application-code: 74ms)
 GET /login 200 in 98ms (next.js: 26ms, proxy.ts: 26ms, application-code: 46ms)
 GET /login?callbackUrl=%2Fdashboard 200 in 346ms (next.js: 14ms, proxy.ts: 15ms, application-code: 317ms)
 GET /register 200 in 324ms (next.js: 22ms, proxy.ts: 13ms, application-code: 289ms)
 GET /login 200 in 352ms (next.js: 59ms, proxy.ts: 17ms, application-code: 276ms)
 GET /register 200 in 340ms (next.js: 21ms, proxy.ts: 13ms, application-code: 306ms)
 GET /api/auth/session 200 in 108ms (next.js: 79ms, proxy.ts: 14ms, application-code: 15ms)
 GET /api/auth/session 200 in 108ms (next.js: 90ms, proxy.ts: 10ms, application-code: 8ms)
 GET /api/auth/session 200 in 117ms (next.js: 97ms, proxy.ts: 12ms, application-code: 8ms)
 GET /api/auth/session 200 in 54ms (next.js: 26ms, proxy.ts: 15ms, application-code: 14ms)
 GET /api/auth/session 200 in 54ms (next.js: 35ms, proxy.ts: 11ms, application-code: 7ms)
 GET /api/auth/session 200 in 50ms (next.js: 36ms, proxy.ts: 9ms, application-code: 5ms)
 GET /api/auth/session 200 in 21ms (next.js: 8ms, proxy.ts: 5ms, application-code: 8ms)
 GET /api/auth/session 200 in 28ms (next.js: 14ms, proxy.ts: 6ms, application-code: 7ms)
prisma:query SELECT "public"."User"."id", "public"."User"."name", "public"."User"."email", "public"."User"."emailVerified", "public"."User"."passwordHash", "public"."User"."image", "public"."User"."createdAt", "public"."User"."updatedAt" FROM "public"."User" WHERE ("public"."User"."email" = $1 AND 1=1) LIMIT $2 OFFSET $3
prisma:query INSERT INTO "public"."User" ("id","name","email","passwordHash","createdAt","updatedAt") VALUES ($1,$2,$3,$4,$5,$6) RETURNING "public"."User"."id", "public"."User"."email", "public"."User"."name", "public"."User"."createdAt"
prisma:query SELECT "public"."Category"."id", "public"."Category"."name", "public"."Category"."nameFa", "public"."Category"."icon", "public"."Category"."color", "public"."Category"."type"::text, "public"."Category"."isDefault", "public"."Category"."userId", "public"."Category"."createdAt", "public"."Category"."updatedAt" FROM "public"."Category" WHERE ("public"."Category"."name" = $1 AND "public"."Category"."userId" = $2) LIMIT $3 OFFSET $4
 GET /dashboard 200 in 872ms (next.js: 7ms, proxy.ts: 68ms, application-code: 796ms)
prisma:query INSERT INTO "public"."Category" ("id","name","nameFa","icon","color","type","isDefault","userId","createdAt","updatedAt") VALUES ($1,$2,$3,$4,$5,CAST($6::text AS "public"."TransactionType"),$7,$8,$9,$10) RETURNING "public"."Category"."id", "public"."Category"."name", "public"."Category"."nameFa", "public"."Category"."icon", "public"."Category"."color", "public"."Category"."type"::text, "public"."Category"."isDefault", "public"."Category"."userId", "public"."Category"."createdAt", "public"."Category"."updatedAt"
prisma:query SELECT "public"."Category"."id", "public"."Category"."name", "public"."Category"."nameFa", "public"."Category"."icon", "public"."Category"."color", "public"."Category"."type"::text, "public"."Category"."isDefault", "public"."Category"."userId", "public"."Category"."createdAt", "public"."Category"."updatedAt" FROM "public"."Category" WHERE ("public"."Category"."name" = $1 AND "public"."Category"."userId" = $2) LIMIT $3 OFFSET $4
prisma:query INSERT INTO "public"."Category" ("id","name","nameFa","icon","color","type","isDefault","userId","createdAt","updatedAt") VALUES ($1,$2,$3,$4,$5,CAST($6::text AS "public"."TransactionType"),$7,$8,$9,$10) RETURNING "public"."Category"."id", "public"."Category"."name", "public"."Category"."nameFa", "public"."Category"."icon", "public"."Category"."color", "public"."Category"."type"::text, "public"."Category"."isDefault", "public"."Category"."userId", "public"."Category"."createdAt", "public"."Category"."updatedAt"
prisma:query SELECT "public"."Category"."id", "public"."Category"."name", "public"."Category"."nameFa", "public"."Category"."icon", "public"."Category"."color", "public"."Category"."type"::text, "public"."Category"."isDefault", "public"."Category"."userId", "public"."Category"."createdAt", "public"."Category"."updatedAt" FROM "public"."Category" WHERE ("public"."Category"."name" = $1 AND "public"."Category"."userId" = $2) LIMIT $3 OFFSET $4
prisma:query INSERT INTO "public"."Category" ("id","name","nameFa","icon","color","type","isDefault","userId","createdAt","updatedAt") VALUES ($1,$2,$3,$4,$5,CAST($6::text AS "public"."TransactionType"),$7,$8,$9,$10) RETURNING "public"."Category"."id", "public"."Category"."name", "public"."Category"."nameFa", "public"."Category"."icon", "public"."Category"."color", "public"."Category"."type"::text, "public"."Category"."isDefault", "public"."Category"."userId", "public"."Category"."createdAt", "public"."Category"."updatedAt"
prisma:query SELECT "public"."Category"."id", "public"."Category"."name", "public"."Category"."nameFa", "public"."Category"."icon", "public"."Category"."color", "public"."Category"."type"::text, "public"."Category"."isDefault", "public"."Category"."userId", "public"."Category"."createdAt", "public"."Category"."updatedAt" FROM "public"."Category" WHERE ("public"."Category"."name" = $1 AND "public"."Category"."userId" = $2) LIMIT $3 OFFSET $4
prisma:query INSERT INTO "public"."Category" ("id","name","nameFa","icon","color","type","isDefault","userId","createdAt","updatedAt") VALUES ($1,$2,$3,$4,$5,CAST($6::text AS "public"."TransactionType"),$7,$8,$9,$10) RETURNING "public"."Category"."id", "public"."Category"."name", "public"."Category"."nameFa", "public"."Category"."icon", "public"."Category"."color", "public"."Category"."type"::text, "public"."Category"."isDefault", "public"."Category"."userId", "public"."Category"."createdAt", "public"."Category"."updatedAt"
prisma:query SELECT "public"."Category"."id", "public"."Category"."name", "public"."Category"."nameFa", "public"."Category"."icon", "public"."Category"."color", "public"."Category"."type"::text, "public"."Category"."isDefault", "public"."Category"."userId", "public"."Category"."createdAt", "public"."Category"."updatedAt" FROM "public"."Category" WHERE ("public"."Category"."name" = $1 AND "public"."Category"."userId" = $2) LIMIT $3 OFFSET $4
prisma:query INSERT INTO "public"."Category" ("id","name","nameFa","icon","color","type","isDefault","userId","createdAt","updatedAt") VALUES ($1,$2,$3,$4,$5,CAST($6::text AS "public"."TransactionType"),$7,$8,$9,$10) RETURNING "public"."Category"."id", "public"."Category"."name", "public"."Category"."nameFa", "public"."Category"."icon", "public"."Category"."color", "public"."Category"."type"::text, "public"."Category"."isDefault", "public"."Category"."userId", "public"."Category"."createdAt", "public"."Category"."updatedAt"
prisma:query SELECT "public"."Category"."id", "public"."Category"."name", "public"."Category"."nameFa", "public"."Category"."icon", "public"."Category"."color", "public"."Category"."type"::text, "public"."Category"."isDefault", "public"."Category"."userId", "public"."Category"."createdAt", "public"."Category"."updatedAt" FROM "public"."Category" WHERE ("public"."Category"."name" = $1 AND "public"."Category"."userId" = $2) LIMIT $3 OFFSET $4
prisma:query INSERT INTO "public"."Category" ("id","name","nameFa","icon","color","type","isDefault","userId","createdAt","updatedAt") VALUES ($1,$2,$3,$4,$5,CAST($6::text AS "public"."TransactionType"),$7,$8,$9,$10) RETURNING "public"."Category"."id", "public"."Category"."name", "public"."Category"."nameFa", "public"."Category"."icon", "public"."Category"."color", "public"."Category"."type"::text, "public"."Category"."isDefault", "public"."Category"."userId", "public"."Category"."createdAt", "public"."Category"."updatedAt"
prisma:query SELECT "public"."Category"."id", "public"."Category"."name", "public"."Category"."nameFa", "public"."Category"."icon", "public"."Category"."color", "public"."Category"."type"::text, "public"."Category"."isDefault", "public"."Category"."userId", "public"."Category"."createdAt", "public"."Category"."updatedAt" FROM "public"."Category" WHERE ("public"."Category"."name" = $1 AND "public"."Category"."userId" = $2) LIMIT $3 OFFSET $4
prisma:query INSERT INTO "public"."Category" ("id","name","nameFa","icon","color","type","isDefault","userId","createdAt","updatedAt") VALUES ($1,$2,$3,$4,$5,CAST($6::text AS "public"."TransactionType"),$7,$8,$9,$10) RETURNING "public"."Category"."id", "public"."Category"."name", "public"."Category"."nameFa", "public"."Category"."icon", "public"."Category"."color", "public"."Category"."type"::text, "public"."Category"."isDefault", "public"."Category"."userId", "public"."Category"."createdAt", "public"."Category"."updatedAt"
prisma:query SELECT "public"."Category"."id", "public"."Category"."name", "public"."Category"."nameFa", "public"."Category"."icon", "public"."Category"."color", "public"."Category"."type"::text, "public"."Category"."isDefault", "public"."Category"."userId", "public"."Category"."createdAt", "public"."Category"."updatedAt" FROM "public"."Category" WHERE ("public"."Category"."name" = $1 AND "public"."Category"."userId" = $2) LIMIT $3 OFFSET $4
prisma:query INSERT INTO "public"."Category" ("id","name","nameFa","icon","color","type","isDefault","userId","createdAt","updatedAt") VALUES ($1,$2,$3,$4,$5,CAST($6::text AS "public"."TransactionType"),$7,$8,$9,$10) RETURNING "public"."Category"."id", "public"."Category"."name", "public"."Category"."nameFa", "public"."Category"."icon", "public"."Category"."color", "public"."Category"."type"::text, "public"."Category"."isDefault", "public"."Category"."userId", "public"."Category"."createdAt", "public"."Category"."updatedAt"
prisma:query SELECT "public"."Category"."id", "public"."Category"."name", "public"."Category"."nameFa", "public"."Category"."icon", "public"."Category"."color", "public"."Category"."type"::text, "public"."Category"."isDefault", "public"."Category"."userId", "public"."Category"."createdAt", "public"."Category"."updatedAt" FROM "public"."Category" WHERE ("public"."Category"."name" = $1 AND "public"."Category"."userId" = $2) LIMIT $3 OFFSET $4
prisma:query INSERT INTO "public"."Category" ("id","name","nameFa","icon","color","type","isDefault","userId","createdAt","updatedAt") VALUES ($1,$2,$3,$4,$5,CAST($6::text AS "public"."TransactionType"),$7,$8,$9,$10) RETURNING "public"."Category"."id", "public"."Category"."name", "public"."Category"."nameFa", "public"."Category"."icon", "public"."Category"."color", "public"."Category"."type"::text, "public"."Category"."isDefault", "public"."Category"."userId", "public"."Category"."createdAt", "public"."Category"."updatedAt"
prisma:query SELECT "public"."Category"."id", "public"."Category"."name", "public"."Category"."nameFa", "public"."Category"."icon", "public"."Category"."color", "public"."Category"."type"::text, "public"."Category"."isDefault", "public"."Category"."userId", "public"."Category"."createdAt", "public"."Category"."updatedAt" FROM "public"."Category" WHERE ("public"."Category"."name" = $1 AND "public"."Category"."userId" = $2) LIMIT $3 OFFSET $4
prisma:query INSERT INTO "public"."Category" ("id","name","nameFa","icon","color","type","isDefault","userId","createdAt","updatedAt") VALUES ($1,$2,$3,$4,$5,CAST($6::text AS "public"."TransactionType"),$7,$8,$9,$10) RETURNING "public"."Category"."id", "public"."Category"."name", "public"."Category"."nameFa", "public"."Category"."icon", "public"."Category"."color", "public"."Category"."type"::text, "public"."Category"."isDefault", "public"."Category"."userId", "public"."Category"."createdAt", "public"."Category"."updatedAt"
prisma:query SELECT "public"."Category"."id", "public"."Category"."name", "public"."Category"."nameFa", "public"."Category"."icon", "public"."Category"."color", "public"."Category"."type"::text, "public"."Category"."isDefault", "public"."Category"."userId", "public"."Category"."createdAt", "public"."Category"."updatedAt" FROM "public"."Category" WHERE ("public"."Category"."name" = $1 AND "public"."Category"."userId" = $2) LIMIT $3 OFFSET $4
prisma:query INSERT INTO "public"."Category" ("id","name","nameFa","icon","color","type","isDefault","userId","createdAt","updatedAt") VALUES ($1,$2,$3,$4,$5,CAST($6::text AS "public"."TransactionType"),$7,$8,$9,$10) RETURNING "public"."Category"."id", "public"."Category"."name", "public"."Category"."nameFa", "public"."Category"."icon", "public"."Category"."color", "public"."Category"."type"::text, "public"."Category"."isDefault", "public"."Category"."userId", "public"."Category"."createdAt", "public"."Category"."updatedAt"
 POST /api/auth/register 201 in 1066ms (next.js: 8ms, proxy.ts: 16ms, application-code: 1042ms)
 GET /dashboard 200 in 716ms (next.js: 55ms, proxy.ts: 294ms, application-code: 367ms)
 GET /dashboard 200 in 614ms (next.js: 10ms, proxy.ts: 194ms, application-code: 410ms)
[11:20:34 UTC] [32mINFO[39m: [36mUser registered[39m
    [35mservice[39m: "finance-app"
    [35muserId[39m: "cmspzzy7v0084nuvs9p9keqbz"
    [35memail[39m: "test1786533630164@example.com"
 GET /login?registered=true 200 in 187ms (next.js: 36ms, proxy.ts: 26ms, application-code: 126ms)
 GET /dashboard/transactions/new 200 in 229ms (next.js: 6ms, proxy.ts: 17ms, application-code: 205ms)
prisma:query SELECT SUM("amount") AS "_sum$amount", COUNT(*) AS "_count$_all" FROM (SELECT "public"."Transaction"."amount", "public"."Transaction"."id" FROM "public"."Transaction" WHERE ("public"."Transaction"."userId" = $1 AND "public"."Transaction"."type" = CAST($2::text AS "public"."TransactionType")) OFFSET $3) AS "sub"
 GET /api/auth/session 200 in 374ms (next.js: 131ms, proxy.ts: 69ms, application-code: 174ms)
prisma:query SELECT SUM("public"."Transaction"."amount") AS "_sum$amount", COUNT(*) AS "_count$_all", "public"."Transaction"."categoryId", "public"."Transaction"."type"::text FROM "public"."Transaction" WHERE "public"."Transaction"."userId" = $1 GROUP BY "public"."Transaction"."categoryId", "public"."Transaction"."type" ORDER BY SUM("public"."Transaction"."amount") DESC OFFSET $2
prisma:query SELECT SUM("amount") AS "_sum$amount", COUNT(*) AS "_count$_all" FROM (SELECT "public"."Transaction"."amount", "public"."Transaction"."id" FROM "public"."Transaction" WHERE ("public"."Transaction"."userId" = $1 AND "public"."Transaction"."type" = CAST($2::text AS "public"."TransactionType")) OFFSET $3) AS "sub"
prisma:query SELECT "public"."Transaction"."id", "public"."Transaction"."amount", "public"."Transaction"."type"::text, "public"."Transaction"."description", "public"."Transaction"."date", "public"."Transaction"."receiptUrl", "public"."Transaction"."userId", "public"."Transaction"."categoryId", "public"."Transaction"."createdAt", "public"."Transaction"."updatedAt" FROM "public"."Transaction" WHERE "public"."Transaction"."userId" = $1 ORDER BY "public"."Transaction"."date" DESC LIMIT $2 OFFSET $3
prisma:query SELECT "public"."Category"."id", "public"."Category"."name", "public"."Category"."nameFa", "public"."Category"."icon", "public"."Category"."color" FROM "public"."Category" WHERE "public"."Category"."id" IN ($1,$2,$3,$4,$5,$6,$7,$8,$9,$10) OFFSET $11
prisma:query SELECT "public"."Category"."id", "public"."Category"."name", "public"."Category"."nameFa", "public"."Category"."icon", "public"."Category"."color", "public"."Category"."type"::text FROM "public"."Category" WHERE ("public"."Category"."userId" = $1 OR "public"."Category"."userId" IS NULL) OFFSET $2
 GET /api/dashboard 200 in 516ms (next.js: 16ms, proxy.ts: 41ms, application-code: 459ms)
prisma:query SELECT SUM("amount") AS "_sum$amount", COUNT(*) AS "_count$_all" FROM (SELECT "public"."Transaction"."amount", "public"."Transaction"."id" FROM "public"."Transaction" WHERE ("public"."Transaction"."userId" = $1 AND "public"."Transaction"."type" = CAST($2::text AS "public"."TransactionType")) OFFSET $3) AS "sub"
prisma:query SELECT SUM("public"."Transaction"."amount") AS "_sum$amount", COUNT(*) AS "_count$_all", "public"."Transaction"."categoryId", "public"."Transaction"."type"::text FROM "public"."Transaction" WHERE "public"."Transaction"."userId" = $1 GROUP BY "public"."Transaction"."categoryId", "public"."Transaction"."type" ORDER BY SUM("public"."Transaction"."amount") DESC OFFSET $2
prisma:query SELECT "public"."Transaction"."id", "public"."Transaction"."amount", "public"."Transaction"."type"::text, "public"."Transaction"."description", "public"."Transaction"."date", "public"."Transaction"."receiptUrl", "public"."Transaction"."userId", "public"."Transaction"."categoryId", "public"."Transaction"."createdAt", "public"."Transaction"."updatedAt" FROM "public"."Transaction" WHERE "public"."Transaction"."userId" = $1 ORDER BY "public"."Transaction"."date" DESC LIMIT $2 OFFSET $3
prisma:query SELECT SUM("amount") AS "_sum$amount", COUNT(*) AS "_count$_all" FROM (SELECT "public"."Transaction"."amount", "public"."Transaction"."id" FROM "public"."Transaction" WHERE ("public"."Transaction"."userId" = $1 AND "public"."Transaction"."type" = CAST($2::text AS "public"."TransactionType")) OFFSET $3) AS "sub"
 GET /api/auth/session 200 in 506ms (next.js: 114ms, proxy.ts: 169ms, application-code: 222ms)
prisma:query SELECT "public"."Category"."id", "public"."Category"."name", "public"."Category"."nameFa", "public"."Category"."icon", "public"."Category"."color" FROM "public"."Category" WHERE "public"."Category"."id" IN ($1,$2,$3,$4,$5,$6,$7,$8,$9,$10) OFFSET $11
 GET /api/auth/session 200 in 503ms (next.js: 150ms, proxy.ts: 181ms, application-code: 173ms)
prisma:query SELECT "public"."Category"."id", "public"."Category"."name", "public"."Category"."nameFa", "public"."Category"."icon", "public"."Category"."color", "public"."Category"."type"::text FROM "public"."Category" WHERE ("public"."Category"."userId" = $1 OR "public"."Category"."userId" IS NULL) OFFSET $2
 GET /api/dashboard 200 in 545ms (next.js: 44ms, proxy.ts: 169ms, application-code: 333ms)
 GET /dashboard/transactions 200 in 373ms (next.js: 43ms, proxy.ts: 223ms, application-code: 107ms)
prisma:query SELECT SUM("amount") AS "_sum$amount", COUNT(*) AS "_count$_all" FROM (SELECT "public"."Transaction"."amount", "public"."Transaction"."id" FROM "public"."Transaction" WHERE ("public"."Transaction"."userId" = $1 AND "public"."Transaction"."type" = CAST($2::text AS "public"."TransactionType")) OFFSET $3) AS "sub"
prisma:query SELECT SUM("amount") AS "_sum$amount", COUNT(*) AS "_count$_all" FROM (SELECT "public"."Transaction"."amount", "public"."Transaction"."id" FROM "public"."Transaction" WHERE ("public"."Transaction"."userId" = $1 AND "public"."Transaction"."type" = CAST($2::text AS "public"."TransactionType")) OFFSET $3) AS "sub"
prisma:query SELECT SUM("public"."Transaction"."amount") AS "_sum$amount", COUNT(*) AS "_count$_all", "public"."Transaction"."categoryId", "public"."Transaction"."type"::text FROM "public"."Transaction" WHERE "public"."Transaction"."userId" = $1 GROUP BY "public"."Transaction"."categoryId", "public"."Transaction"."type" ORDER BY SUM("public"."Transaction"."amount") DESC OFFSET $2
prisma:query SELECT "public"."Transaction"."id", "public"."Transaction"."amount", "public"."Transaction"."type"::text, "public"."Transaction"."description", "public"."Transaction"."date", "public"."Transaction"."receiptUrl", "public"."Transaction"."userId", "public"."Transaction"."categoryId", "public"."Transaction"."createdAt", "public"."Transaction"."updatedAt" FROM "public"."Transaction" WHERE "public"."Transaction"."userId" = $1 ORDER BY "public"."Transaction"."date" DESC LIMIT $2 OFFSET $3
prisma:query SELECT "public"."Category"."id", "public"."Category"."name", "public"."Category"."nameFa", "public"."Category"."icon", "public"."Category"."color" FROM "public"."Category" WHERE "public"."Category"."id" IN ($1,$2,$3,$4,$5,$6,$7,$8,$9,$10) OFFSET $11
prisma:query SELECT "public"."Category"."id", "public"."Category"."name", "public"."Category"."nameFa", "public"."Category"."icon", "public"."Category"."color", "public"."Category"."type"::text FROM "public"."Category" WHERE ("public"."Category"."userId" = $1 OR "public"."Category"."userId" IS NULL) OFFSET $2
 GET /api/dashboard 200 in 591ms (next.js: 54ms, proxy.ts: 167ms, application-code: 370ms)
 GET /api/auth/session 200 in 200ms (next.js: 30ms, proxy.ts: 34ms, application-code: 136ms)
 GET /dashboard/categories 200 in 552ms (next.js: 202ms, proxy.ts: 239ms, application-code: 110ms)
prisma:query SELECT "public"."Category"."id", "public"."Category"."name", "public"."Category"."nameFa", "public"."Category"."icon", "public"."Category"."color", "public"."Category"."type"::text, "public"."Category"."isDefault", "public"."Category"."userId", "public"."Category"."createdAt", "public"."Category"."updatedAt" FROM "public"."Category" WHERE ("public"."Category"."userId" = $1 OR "public"."Category"."userId" IS NULL) ORDER BY "public"."Category"."type" ASC, "public"."Category"."nameFa" ASC OFFSET $2
 GET /api/categories 200 in 302ms (next.js: 23ms, proxy.ts: 75ms, application-code: 203ms)
 GET /api/transactions?sortBy=date&sortOrder=desc&page=1&limit=20 400 in 298ms (next.js: 27ms, proxy.ts: 84ms, application-code: 187ms)
 GET /api/auth/session 200 in 318ms (next.js: 41ms, proxy.ts: 85ms, application-code: 192ms)
prisma:query SELECT "public"."Category"."id", "public"."Category"."name", "public"."Category"."nameFa", "public"."Category"."icon", "public"."Category"."color", "public"."Category"."type"::text, "public"."Category"."isDefault", "public"."Category"."userId", "public"."Category"."createdAt", "public"."Category"."updatedAt" FROM "public"."Category" WHERE ("public"."Category"."userId" = $1 OR "public"."Category"."userId" IS NULL) ORDER BY "public"."Category"."type" ASC, "public"."Category"."nameFa" ASC OFFSET $2
 GET /api/categories 200 in 255ms (next.js: 22ms, proxy.ts: 169ms, application-code: 64ms)
 GET /dashboard/transactions 200 in 502ms (next.js: 69ms, proxy.ts: 79ms, application-code: 354ms)
 GET /api/categories 200 in 244ms (next.js: 55ms, proxy.ts: 99ms, application-code: 90ms)
prisma:query SELECT "public"."Category"."id", "public"."Category"."name", "public"."Category"."nameFa", "public"."Category"."icon", "public"."Category"."color", "public"."Category"."type"::text, "public"."Category"."isDefault", "public"."Category"."userId", "public"."Category"."createdAt", "public"."Category"."updatedAt" FROM "public"."Category" WHERE ("public"."Category"."userId" = $1 OR "public"."Category"."userId" IS NULL) ORDER BY "public"."Category"."type" ASC, "public"."Category"."nameFa" ASC OFFSET $2
prisma:query SELECT "public"."Category"."id", "public"."Category"."name", "public"."Category"."nameFa", "public"."Category"."icon", "public"."Category"."color", "public"."Category"."type"::text, "public"."Category"."isDefault", "public"."Category"."userId", "public"."Category"."createdAt", "public"."Category"."updatedAt" FROM "public"."Category" WHERE ("public"."Category"."userId" = $1 OR "public"."Category"."userId" IS NULL) ORDER BY "public"."Category"."type" ASC, "public"."Category"."nameFa" ASC OFFSET $2
 GET /api/categories 200 in 432ms (next.js: 20ms, proxy.ts: 175ms, application-code: 237ms)
 GET /api/auth/session 200 in 456ms (next.js: 133ms, proxy.ts: 168ms, application-code: 154ms)
prisma:query SELECT "public"."Category"."id", "public"."Category"."name", "public"."Category"."nameFa", "public"."Category"."icon", "public"."Category"."type"::text FROM "public"."Category" WHERE (("public"."Category"."userId" = $1 OR "public"."Category"."userId" IS NULL) AND "public"."Category"."type" = CAST($2::text AS "public"."TransactionType")) OFFSET $3
prisma:query SELECT COUNT(*) AS "_count$_all" FROM (SELECT "public"."Category"."id" FROM "public"."Category" WHERE "public"."Category"."userId" = $1 OFFSET $2) AS "sub"
prisma:query SELECT "public"."Category"."id", "public"."Category"."name", "public"."Category"."nameFa", "public"."Category"."icon", "public"."Category"."type"::text FROM "public"."Category" WHERE (("public"."Category"."userId" = $1 OR "public"."Category"."userId" IS NULL) AND "public"."Category"."type" = CAST($2::text AS "public"."TransactionType")) OFFSET $3
 GET /login 200 in 397ms (next.js: 60ms, proxy.ts: 19ms, application-code: 318ms)
 GET /api/auth/session 200 in 265ms (next.js: 40ms, proxy.ts: 128ms, application-code: 97ms)
 GET /dashboard/chat 200 in 786ms (next.js: 135ms, proxy.ts: 227ms, application-code: 424ms)
prisma:query SELECT "public"."Category"."id", "public"."Category"."name", "public"."Category"."nameFa", "public"."Category"."icon", "public"."Category"."color", "public"."Category"."type"::text, "public"."Category"."isDefault", "public"."Category"."userId", "public"."Category"."createdAt", "public"."Category"."updatedAt" FROM "public"."Category" WHERE ("public"."Category"."userId" = $1 OR "public"."Category"."userId" IS NULL) ORDER BY "public"."Category"."type" ASC, "public"."Category"."nameFa" ASC OFFSET $2
 GET /api/categories 200 in 136ms (next.js: 16ms, proxy.ts: 55ms, application-code: 64ms)
 GET /api/transactions?sortBy=date&sortOrder=desc&page=1&limit=20 400 in 138ms (next.js: 11ms, proxy.ts: 61ms, application-code: 66ms)
 GET /api/auth/session 200 in 147ms (next.js: 27ms, proxy.ts: 61ms, application-code: 59ms)
 GET /api/auth/session 200 in 74ms (next.js: 8ms, proxy.ts: 39ms, application-code: 27ms)
 GET /api/auth/session 200 in 99ms (next.js: 78ms, proxy.ts: 10ms, application-code: 12ms)
 GET /api/auth/session 200 in 37ms (next.js: 12ms, proxy.ts: 11ms, application-code: 14ms)
 GET /api/auth/session 200 in 123ms (next.js: 76ms, proxy.ts: 21ms, application-code: 26ms)
 GET /login 200 in 181ms (next.js: 75ms, proxy.ts: 11ms, application-code: 95ms)
 GET /api/auth/session 200 in 102ms (next.js: 18ms, proxy.ts: 47ms, application-code: 37ms)
[11:20:38 UTC] [33mWARN[39m: [36mZhipu categorization failed, using fallback[39m
    [35mservice[39m: "finance-app"
    [35muserId[39m: "cmspyvf2w0000u4vsyj6pjwgw"
    [35mdescription[39m: "تست تراکنش"
    error: {
      "status": 401,
      "headers": {},
      "requestID": null,
      "error": {
        "code": "401",
        "message": "令牌已过期或验证不正确"
      },
      "code": "401"
    }
prisma:query INSERT INTO "public"."Transaction" ("id","amount","type","description","date","userId","categoryId","createdAt","updatedAt") VALUES ($1,$2,CAST($3::text AS "public"."TransactionType"),$4,$5,$6,$7,$8,$9) RETURNING "public"."Transaction"."id"
prisma:query SELECT "public"."Transaction"."id", "public"."Transaction"."amount", "public"."Transaction"."type"::text, "public"."Transaction"."description", "public"."Transaction"."date", "public"."Transaction"."receiptUrl", "public"."Transaction"."userId", "public"."Transaction"."categoryId", "public"."Transaction"."createdAt", "public"."Transaction"."updatedAt" FROM "public"."Transaction" WHERE "public"."Transaction"."id" = $1 LIMIT $2 OFFSET $3
prisma:query SELECT "public"."Category"."id", "public"."Category"."name", "public"."Category"."nameFa", "public"."Category"."icon", "public"."Category"."color" FROM "public"."Category" WHERE "public"."Category"."id" = $1 OFFSET $2
prisma:query COMMIT
 POST /api/transactions 201 in 1957ms (next.js: 18ms, proxy.ts: 142ms, application-code: 1798ms)
[11:20:39 UTC] [32mINFO[39m: [36mTransaction created[39m
    [35mservice[39m: "finance-app"
    [35muserId[39m: "cmspyvf2w0000u4vsyj6pjwgw"
    [35mtransactionId[39m: "cmsq0027f008gnuvs8tmttuyx"
    [35mcategorization[39m: "fallback"
 POST /api/transactions/categorize 200 in 2.0s (next.js: 16ms, proxy.ts: 147ms, application-code: 1863ms)
[11:20:39 UTC] [33mWARN[39m: [36mZhipu categorization failed, using fallback[39m
    [35mservice[39m: "finance-app"
    [35muserId[39m: "cmspyvf2w0000u4vsyj6pjwgw"
    [35mdescription[39m: "تست تراکنش"
    error: {
      "status": 401,
      "headers": {},
      "requestID": null,
      "error": {
        "code": "401",
        "message": "令牌已过期或验证不正确"
      },
      "code": "401"
    }
 GET /dashboard/transactions 200 in 120ms (next.js: 25ms, proxy.ts: 34ms, application-code: 61ms)
 GET /dashboard/transactions 200 in 289ms (next.js: 37ms, proxy.ts: 43ms, application-code: 209ms)
 GET /api/auth/session 200 in 37ms (next.js: 10ms, proxy.ts: 11ms, application-code: 17ms)
 GET /api/auth/session 200 in 32ms (next.js: 9ms, proxy.ts: 12ms, application-code: 11ms)
prisma:query SELECT "public"."Category"."id", "public"."Category"."name", "public"."Category"."nameFa", "public"."Category"."icon", "public"."Category"."color", "public"."Category"."type"::text, "public"."Category"."isDefault", "public"."Category"."userId", "public"."Category"."createdAt", "public"."Category"."updatedAt" FROM "public"."Category" WHERE ("public"."Category"."userId" = $1 OR "public"."Category"."userId" IS NULL) ORDER BY "public"."Category"."type" ASC, "public"."Category"."nameFa" ASC OFFSET $2
 GET /api/categories 200 in 84ms (next.js: 7ms, proxy.ts: 38ms, application-code: 39ms)
 GET /api/transactions?sortBy=date&sortOrder=desc&page=1&limit=20 400 in 86ms (next.js: 16ms, proxy.ts: 38ms, application-code: 32ms)
prisma:query SELECT "public"."Category"."id", "public"."Category"."name", "public"."Category"."nameFa", "public"."Category"."icon", "public"."Category"."color", "public"."Category"."type"::text, "public"."Category"."isDefault", "public"."Category"."userId", "public"."Category"."createdAt", "public"."Category"."updatedAt" FROM "public"."Category" WHERE ("public"."Category"."userId" = $1 OR "public"."Category"."userId" IS NULL) ORDER BY "public"."Category"."type" ASC, "public"."Category"."nameFa" ASC OFFSET $2
 GET /api/categories 200 in 98ms (next.js: 11ms, proxy.ts: 35ms, application-code: 52ms)
 GET /api/transactions?sortBy=date&sortOrder=desc&page=1&limit=20 400 in 103ms (next.js: 19ms, proxy.ts: 37ms, application-code: 47ms)
 GET /login?callbackUrl=%2Fdashboard 200 in 104ms (next.js: 8ms, proxy.ts: 6ms, application-code: 90ms)
 GET /login 200 in 82ms (next.js: 4ms, proxy.ts: 6ms, application-code: 72ms)
 GET /api/auth/session 200 in 134ms (next.js: 101ms, proxy.ts: 23ms, application-code: 9ms)
 GET /register 200 in 366ms (next.js: 4ms, proxy.ts: 36ms, application-code: 325ms)
 GET /api/auth/session 200 in 95ms (next.js: 52ms, proxy.ts: 19ms, application-code: 24ms)
 GET /api/auth/session 200 in 99ms (next.js: 57ms, proxy.ts: 19ms, application-code: 22ms)
 GET /register 200 in 321ms (next.js: 93ms, proxy.ts: 9ms, application-code: 220ms)
 GET /api/auth/session 200 in 92ms (next.js: 59ms, proxy.ts: 19ms, application-code: 14ms)
 GET /api/auth/session 200 in 63ms (next.js: 39ms, proxy.ts: 10ms, application-code: 13ms)
 GET /dashboard 200 in 482ms (next.js: 7ms, proxy.ts: 21ms, application-code: 453ms)
 GET /api/auth/session 200 in 236ms (next.js: 189ms, proxy.ts: 16ms, application-code: 31ms)
 GET /api/auth/session 200 in 207ms (next.js: 166ms, proxy.ts: 29ms, application-code: 12ms)
 GET /api/auth/session 200 in 121ms (next.js: 81ms, proxy.ts: 22ms, application-code: 18ms)
 GET /dashboard 200 in 661ms (next.js: 19ms, proxy.ts: 117ms, application-code: 525ms)
prisma:query SELECT "public"."User"."id", "public"."User"."name", "public"."User"."email", "public"."User"."emailVerified", "public"."User"."passwordHash", "public"."User"."image", "public"."User"."createdAt", "public"."User"."updatedAt" FROM "public"."User" WHERE ("public"."User"."email" = $1 AND 1=1) LIMIT $2 OFFSET $3
prisma:query INSERT INTO "public"."User" ("id","name","email","passwordHash","createdAt","updatedAt") VALUES ($1,$2,$3,$4,$5,$6) RETURNING "public"."User"."id", "public"."User"."email", "public"."User"."name", "public"."User"."createdAt"
prisma:query SELECT "public"."Category"."id", "public"."Category"."name", "public"."Category"."nameFa", "public"."Category"."icon", "public"."Category"."color", "public"."Category"."type"::text, "public"."Category"."isDefault", "public"."Category"."userId", "public"."Category"."createdAt", "public"."Category"."updatedAt" FROM "public"."Category" WHERE ("public"."Category"."name" = $1 AND "public"."Category"."userId" = $2) LIMIT $3 OFFSET $4
prisma:query INSERT INTO "public"."Category" ("id","name","nameFa","icon","color","type","isDefault","userId","createdAt","updatedAt") VALUES ($1,$2,$3,$4,$5,CAST($6::text AS "public"."TransactionType"),$7,$8,$9,$10) RETURNING "public"."Category"."id", "public"."Category"."name", "public"."Category"."nameFa", "public"."Category"."icon", "public"."Category"."color", "public"."Category"."type"::text, "public"."Category"."isDefault", "public"."Category"."userId", "public"."Category"."createdAt", "public"."Category"."updatedAt"
prisma:query SELECT "public"."Category"."id", "public"."Category"."name", "public"."Category"."nameFa", "public"."Category"."icon", "public"."Category"."color", "public"."Category"."type"::text, "public"."Category"."isDefault", "public"."Category"."userId", "public"."Category"."createdAt", "public"."Category"."updatedAt" FROM "public"."Category" WHERE ("public"."Category"."name" = $1 AND "public"."Category"."userId" = $2) LIMIT $3 OFFSET $4
prisma:query INSERT INTO "public"."Category" ("id","name","nameFa","icon","color","type","isDefault","userId","createdAt","updatedAt") VALUES ($1,$2,$3,$4,$5,CAST($6::text AS "public"."TransactionType"),$7,$8,$9,$10) RETURNING "public"."Category"."id", "public"."Category"."name", "public"."Category"."nameFa", "public"."Category"."icon", "public"."Category"."color", "public"."Category"."type"::text, "public"."Category"."isDefault", "public"."Category"."userId", "public"."Category"."createdAt", "public"."Category"."updatedAt"
prisma:query SELECT "public"."Category"."id", "public"."Category"."name", "public"."Category"."nameFa", "public"."Category"."icon", "public"."Category"."color", "public"."Category"."type"::text, "public"."Category"."isDefault", "public"."Category"."userId", "public"."Category"."createdAt", "public"."Category"."updatedAt" FROM "public"."Category" WHERE ("public"."Category"."name" = $1 AND "public"."Category"."userId" = $2) LIMIT $3 OFFSET $4
 GET /dashboard 200 in 1059ms (next.js: 17ms, proxy.ts: 42ms, application-code: 999ms)
prisma:query INSERT INTO "public"."Category" ("id","name","nameFa","icon","color","type","isDefault","userId","createdAt","updatedAt") VALUES ($1,$2,$3,$4,$5,CAST($6::text AS "public"."TransactionType"),$7,$8,$9,$10) RETURNING "public"."Category"."id", "public"."Category"."name", "public"."Category"."nameFa", "public"."Category"."icon", "public"."Category"."color", "public"."Category"."type"::text, "public"."Category"."isDefault", "public"."Category"."userId", "public"."Category"."createdAt", "public"."Category"."updatedAt"
 GET /dashboard/transactions 200 in 333ms (next.js: 99ms, proxy.ts: 111ms, application-code: 123ms)
prisma:query SELECT SUM("amount") AS "_sum$amount", COUNT(*) AS "_count$_all" FROM (SELECT "public"."Transaction"."amount", "public"."Transaction"."id" FROM "public"."Transaction" WHERE ("public"."Transaction"."userId" = $1 AND "public"."Transaction"."type" = CAST($2::text AS "public"."TransactionType")) OFFSET $3) AS "sub"
prisma:query SELECT SUM("amount") AS "_sum$amount", COUNT(*) AS "_count$_all" FROM (SELECT "public"."Transaction"."amount", "public"."Transaction"."id" FROM "public"."Transaction" WHERE ("public"."Transaction"."userId" = $1 AND "public"."Transaction"."type" = CAST($2::text AS "public"."TransactionType")) OFFSET $3) AS "sub"
prisma:query SELECT "public"."Transaction"."id", "public"."Transaction"."amount", "public"."Transaction"."type"::text, "public"."Transaction"."description", "public"."Transaction"."date", "public"."Transaction"."receiptUrl", "public"."Transaction"."userId", "public"."Transaction"."categoryId", "public"."Transaction"."createdAt", "public"."Transaction"."updatedAt" FROM "public"."Transaction" WHERE "public"."Transaction"."userId" = $1 ORDER BY "public"."Transaction"."date" DESC LIMIT $2 OFFSET $3
prisma:query SELECT SUM("public"."Transaction"."amount") AS "_sum$amount", COUNT(*) AS "_count$_all", "public"."Transaction"."categoryId", "public"."Transaction"."type"::text FROM "public"."Transaction" WHERE "public"."Transaction"."userId" = $1 GROUP BY "public"."Transaction"."categoryId", "public"."Transaction"."type" ORDER BY SUM("public"."Transaction"."amount") DESC OFFSET $2
prisma:query SELECT "public"."Category"."id", "public"."Category"."name", "public"."Category"."nameFa", "public"."Category"."icon", "public"."Category"."color", "public"."Category"."type"::text, "public"."Category"."isDefault", "public"."Category"."userId", "public"."Category"."createdAt", "public"."Category"."updatedAt" FROM "public"."Category" WHERE ("public"."Category"."name" = $1 AND "public"."Category"."userId" = $2) LIMIT $3 OFFSET $4
prisma:query SELECT SUM("amount") AS "_sum$amount", COUNT(*) AS "_count$_all" FROM (SELECT "public"."Transaction"."amount", "public"."Transaction"."id" FROM "public"."Transaction" WHERE ("public"."Transaction"."userId" = $1 AND "public"."Transaction"."type" = CAST($2::text AS "public"."TransactionType")) OFFSET $3) AS "sub"
prisma:query SELECT SUM("amount") AS "_sum$amount", COUNT(*) AS "_count$_all" FROM (SELECT "public"."Transaction"."amount", "public"."Transaction"."id" FROM "public"."Transaction" WHERE ("public"."Transaction"."userId" = $1 AND "public"."Transaction"."type" = CAST($2::text AS "public"."TransactionType")) OFFSET $3) AS "sub"
prisma:query SELECT SUM("public"."Transaction"."amount") AS "_sum$amount", COUNT(*) AS "_count$_all", "public"."Transaction"."categoryId", "public"."Transaction"."type"::text FROM "public"."Transaction" WHERE "public"."Transaction"."userId" = $1 GROUP BY "public"."Transaction"."categoryId", "public"."Transaction"."type" ORDER BY SUM("public"."Transaction"."amount") DESC OFFSET $2
prisma:query INSERT INTO "public"."Category" ("id","name","nameFa","icon","color","type","isDefault","userId","createdAt","updatedAt") VALUES ($1,$2,$3,$4,$5,CAST($6::text AS "public"."TransactionType"),$7,$8,$9,$10) RETURNING "public"."Category"."id", "public"."Category"."name", "public"."Category"."nameFa", "public"."Category"."icon", "public"."Category"."color", "public"."Category"."type"::text, "public"."Category"."isDefault", "public"."Category"."userId", "public"."Category"."createdAt", "public"."Category"."updatedAt"
prisma:query SELECT "public"."Category"."id", "public"."Category"."name", "public"."Category"."nameFa", "public"."Category"."icon", "public"."Category"."color" FROM "public"."Category" WHERE "public"."Category"."id" IN ($1,$2,$3,$4,$5,$6,$7,$8,$9,$10) OFFSET $11
 GET /api/auth/session 200 in 784ms (next.js: 136ms, proxy.ts: 473ms, application-code: 175ms)
 GET /api/auth/session 200 in 783ms (next.js: 139ms, proxy.ts: 472ms, application-code: 171ms)
prisma:query SELECT "public"."Category"."id", "public"."Category"."name", "public"."Category"."nameFa", "public"."Category"."icon", "public"."Category"."color", "public"."Category"."type"::text, "public"."Category"."isDefault", "public"."Category"."userId", "public"."Category"."createdAt", "public"."Category"."updatedAt" FROM "public"."Category" WHERE ("public"."Category"."name" = $1 AND "public"."Category"."userId" = $2) LIMIT $3 OFFSET $4
prisma:query SELECT "public"."Category"."id", "public"."Category"."name", "public"."Category"."nameFa", "public"."Category"."icon", "public"."Category"."color", "public"."Category"."type"::text FROM "public"."Category" WHERE ("public"."Category"."userId" = $1 OR "public"."Category"."userId" IS NULL) OFFSET $2
 GET /api/dashboard 200 in 800ms (next.js: 28ms, proxy.ts: 471ms, application-code: 300ms)
prisma:query INSERT INTO "public"."Category" ("id","name","nameFa","icon","color","type","isDefault","userId","createdAt","updatedAt") VALUES ($1,$2,$3,$4,$5,CAST($6::text AS "public"."TransactionType"),$7,$8,$9,$10) RETURNING "public"."Category"."id", "public"."Category"."name", "public"."Category"."nameFa", "public"."Category"."icon", "public"."Category"."color", "public"."Category"."type"::text, "public"."Category"."isDefault", "public"."Category"."userId", "public"."Category"."createdAt", "public"."Category"."updatedAt"
prisma:query SELECT "public"."Category"."id", "public"."Category"."name", "public"."Category"."nameFa", "public"."Category"."icon", "public"."Category"."color", "public"."Category"."type"::text, "public"."Category"."isDefault", "public"."Category"."userId", "public"."Category"."createdAt", "public"."Category"."updatedAt" FROM "public"."Category" WHERE ("public"."Category"."name" = $1 AND "public"."Category"."userId" = $2) LIMIT $3 OFFSET $4
prisma:query INSERT INTO "public"."Category" ("id","name","nameFa","icon","color","type","isDefault","userId","createdAt","updatedAt") VALUES ($1,$2,$3,$4,$5,CAST($6::text AS "public"."TransactionType"),$7,$8,$9,$10) RETURNING "public"."Category"."id", "public"."Category"."name", "public"."Category"."nameFa", "public"."Category"."icon", "public"."Category"."color", "public"."Category"."type"::text, "public"."Category"."isDefault", "public"."Category"."userId", "public"."Category"."createdAt", "public"."Category"."updatedAt"
prisma:query SELECT "public"."Category"."id", "public"."Category"."name", "public"."Category"."nameFa", "public"."Category"."icon", "public"."Category"."color", "public"."Category"."type"::text, "public"."Category"."isDefault", "public"."Category"."userId", "public"."Category"."createdAt", "public"."Category"."updatedAt" FROM "public"."Category" WHERE ("public"."Category"."name" = $1 AND "public"."Category"."userId" = $2) LIMIT $3 OFFSET $4
prisma:query INSERT INTO "public"."Category" ("id","name","nameFa","icon","color","type","isDefault","userId","createdAt","updatedAt") VALUES ($1,$2,$3,$4,$5,CAST($6::text AS "public"."TransactionType"),$7,$8,$9,$10) RETURNING "public"."Category"."id", "public"."Category"."name", "public"."Category"."nameFa", "public"."Category"."icon", "public"."Category"."color", "public"."Category"."type"::text, "public"."Category"."isDefault", "public"."Category"."userId", "public"."Category"."createdAt", "public"."Category"."updatedAt"
prisma:query SELECT "public"."Category"."id", "public"."Category"."name", "public"."Category"."nameFa", "public"."Category"."icon", "public"."Category"."color", "public"."Category"."type"::text, "public"."Category"."isDefault", "public"."Category"."userId", "public"."Category"."createdAt", "public"."Category"."updatedAt" FROM "public"."Category" WHERE ("public"."Category"."name" = $1 AND "public"."Category"."userId" = $2) LIMIT $3 OFFSET $4
prisma:query INSERT INTO "public"."Category" ("id","name","nameFa","icon","color","type","isDefault","userId","createdAt","updatedAt") VALUES ($1,$2,$3,$4,$5,CAST($6::text AS "public"."TransactionType"),$7,$8,$9,$10) RETURNING "public"."Category"."id", "public"."Category"."name", "public"."Category"."nameFa", "public"."Category"."icon", "public"."Category"."color", "public"."Category"."type"::text, "public"."Category"."isDefault", "public"."Category"."userId", "public"."Category"."createdAt", "public"."Category"."updatedAt"
prisma:query SELECT "public"."Category"."id", "public"."Category"."name", "public"."Category"."nameFa", "public"."Category"."icon", "public"."Category"."color", "public"."Category"."type"::text, "public"."Category"."isDefault", "public"."Category"."userId", "public"."Category"."createdAt", "public"."Category"."updatedAt" FROM "public"."Category" WHERE ("public"."Category"."name" = $1 AND "public"."Category"."userId" = $2) LIMIT $3 OFFSET $4
prisma:query SELECT "public"."Transaction"."id", "public"."Transaction"."amount", "public"."Transaction"."type"::text, "public"."Transaction"."description", "public"."Transaction"."date", "public"."Transaction"."receiptUrl", "public"."Transaction"."userId", "public"."Transaction"."categoryId", "public"."Transaction"."createdAt", "public"."Transaction"."updatedAt" FROM "public"."Transaction" WHERE "public"."Transaction"."userId" = $1 ORDER BY "public"."Transaction"."date" DESC LIMIT $2 OFFSET $3
prisma:query INSERT INTO "public"."Category" ("id","name","nameFa","icon","color","type","isDefault","userId","createdAt","updatedAt") VALUES ($1,$2,$3,$4,$5,CAST($6::text AS "public"."TransactionType"),$7,$8,$9,$10) RETURNING "public"."Category"."id", "public"."Category"."name", "public"."Category"."nameFa", "public"."Category"."icon", "public"."Category"."color", "public"."Category"."type"::text, "public"."Category"."isDefault", "public"."Category"."userId", "public"."Category"."createdAt", "public"."Category"."updatedAt"
prisma:query SELECT "public"."Category"."id", "public"."Category"."name", "public"."Category"."nameFa", "public"."Category"."icon", "public"."Category"."color", "public"."Category"."type"::text, "public"."Category"."isDefault", "public"."Category"."userId", "public"."Category"."createdAt", "public"."Category"."updatedAt" FROM "public"."Category" WHERE ("public"."Category"."name" = $1 AND "public"."Category"."userId" = $2) LIMIT $3 OFFSET $4
prisma:query SELECT "public"."Category"."id", "public"."Category"."name", "public"."Category"."nameFa", "public"."Category"."icon", "public"."Category"."color" FROM "public"."Category" WHERE "public"."Category"."id" IN ($1,$2,$3,$4,$5,$6,$7,$8,$9,$10) OFFSET $11
prisma:query INSERT INTO "public"."Category" ("id","name","nameFa","icon","color","type","isDefault","userId","createdAt","updatedAt") VALUES ($1,$2,$3,$4,$5,CAST($6::text AS "public"."TransactionType"),$7,$8,$9,$10) RETURNING "public"."Category"."id", "public"."Category"."name", "public"."Category"."nameFa", "public"."Category"."icon", "public"."Category"."color", "public"."Category"."type"::text, "public"."Category"."isDefault", "public"."Category"."userId", "public"."Category"."createdAt", "public"."Category"."updatedAt"
prisma:query SELECT "public"."Category"."id", "public"."Category"."name", "public"."Category"."nameFa", "public"."Category"."icon", "public"."Category"."color", "public"."Category"."type"::text FROM "public"."Category" WHERE ("public"."Category"."userId" = $1 OR "public"."Category"."userId" IS NULL) OFFSET $2
 GET /api/dashboard 200 in 966ms (next.js: 35ms, proxy.ts: 472ms, application-code: 459ms)
prisma:query SELECT "public"."Category"."id", "public"."Category"."name", "public"."Category"."nameFa", "public"."Category"."icon", "public"."Category"."color", "public"."Category"."type"::text, "public"."Category"."isDefault", "public"."Category"."userId", "public"."Category"."createdAt", "public"."Category"."updatedAt" FROM "public"."Category" WHERE ("public"."Category"."name" = $1 AND "public"."Category"."userId" = $2) LIMIT $3 OFFSET $4
prisma:query INSERT INTO "public"."Category" ("id","name","nameFa","icon","color","type","isDefault","userId","createdAt","updatedAt") VALUES ($1,$2,$3,$4,$5,CAST($6::text AS "public"."TransactionType"),$7,$8,$9,$10) RETURNING "public"."Category"."id", "public"."Category"."name", "public"."Category"."nameFa", "public"."Category"."icon", "public"."Category"."color", "public"."Category"."type"::text, "public"."Category"."isDefault", "public"."Category"."userId", "public"."Category"."createdAt", "public"."Category"."updatedAt"
 POST /api/auth/register 201 in 1144ms (next.js: 10ms, proxy.ts: 17ms, application-code: 1117ms)
[11:20:45 UTC] [32mINFO[39m: [36mUser registered[39m
    [35mservice[39m: "finance-app"
    [35muserId[39m: "cmsq0076g008hnuvs1tn4dk40"
    [35memail[39m: "test1786533642289@example.com"
 GET /api/auth/session 200 in 320ms (next.js: 126ms, proxy.ts: 84ms, application-code: 110ms)
 GET /login?registered=true 200 in 202ms (next.js: 58ms, proxy.ts: 24ms, application-code: 121ms)
 GET /api/categories 200 in 355ms (next.js: 18ms, proxy.ts: 216ms, application-code: 122ms)
 GET /api/transactions?sortBy=date&sortOrder=desc&page=1&limit=20 200 in 352ms (next.js: 27ms, proxy.ts: 215ms, application-code: 111ms)
 GET /api/auth/session 200 in 363ms (next.js: 66ms, proxy.ts: 216ms, application-code: 81ms)
prisma:query SELECT "public"."Category"."id", "public"."Category"."name", "public"."Category"."nameFa", "public"."Category"."icon", "public"."Category"."color", "public"."Category"."type"::text, "public"."Category"."isDefault", "public"."Category"."userId", "public"."Category"."createdAt", "public"."Category"."updatedAt" FROM "public"."Category" WHERE ("public"."Category"."userId" = $1 OR "public"."Category"."userId" IS NULL) ORDER BY "public"."Category"."type" ASC, "public"."Category"."nameFa" ASC OFFSET $2
 GET /dashboard/transactions/new 200 in 524ms (next.js: 44ms, proxy.ts: 31ms, application-code: 450ms)
 GET /dashboard/transactions 200 in 648ms (next.js: 6ms, proxy.ts: 79ms, application-code: 564ms)
 GET /dashboard/categories 200 in 364ms (next.js: 121ms, proxy.ts: 126ms, application-code: 118ms)
prisma:query SELECT SUM("amount") AS "_sum$amount", COUNT(*) AS "_count$_all" FROM (SELECT "public"."Transaction"."amount", "public"."Transaction"."id" FROM "public"."Transaction" WHERE ("public"."Transaction"."userId" = $1 AND "public"."Transaction"."type" = CAST($2::text AS "public"."TransactionType")) OFFSET $3) AS "sub"
prisma:query SELECT "public"."Transaction"."id", "public"."Transaction"."amount", "public"."Transaction"."type"::text, "public"."Transaction"."description", "public"."Transaction"."date", "public"."Transaction"."receiptUrl", "public"."Transaction"."userId", "public"."Transaction"."categoryId", "public"."Transaction"."createdAt", "public"."Transaction"."updatedAt" FROM "public"."Transaction" WHERE "public"."Transaction"."userId" = $1 ORDER BY "public"."Transaction"."date" DESC LIMIT $2 OFFSET $3
prisma:query SELECT SUM("public"."Transaction"."amount") AS "_sum$amount", COUNT(*) AS "_count$_all", "public"."Transaction"."categoryId", "public"."Transaction"."type"::text FROM "public"."Transaction" WHERE "public"."Transaction"."userId" = $1 GROUP BY "public"."Transaction"."categoryId", "public"."Transaction"."type" ORDER BY SUM("public"."Transaction"."amount") DESC OFFSET $2
prisma:query SELECT SUM("amount") AS "_sum$amount", COUNT(*) AS "_count$_all" FROM (SELECT "public"."Transaction"."amount", "public"."Transaction"."id" FROM "public"."Transaction" WHERE ("public"."Transaction"."userId" = $1 AND "public"."Transaction"."type" = CAST($2::text AS "public"."TransactionType")) OFFSET $3) AS "sub"
 GET /api/auth/session 200 in 490ms (next.js: 178ms, proxy.ts: 123ms, application-code: 189ms)
prisma:query SELECT "public"."Category"."id", "public"."Category"."name", "public"."Category"."nameFa", "public"."Category"."icon", "public"."Category"."color" FROM "public"."Category" WHERE "public"."Category"."id" IN ($1,$2,$3,$4,$5,$6,$7,$8,$9,$10) OFFSET $11
prisma:query SELECT "public"."Category"."id", "public"."Category"."name", "public"."Category"."nameFa", "public"."Category"."icon", "public"."Category"."color", "public"."Category"."type"::text FROM "public"."Category" WHERE ("public"."Category"."userId" = $1 OR "public"."Category"."userId" IS NULL) OFFSET $2
 GET /api/dashboard 200 in 515ms (next.js: 40ms, proxy.ts: 125ms, application-code: 349ms)
prisma:query SELECT "public"."Category"."id", "public"."Category"."name", "public"."Category"."nameFa", "public"."Category"."icon", "public"."Category"."color", "public"."Category"."type"::text, "public"."Category"."isDefault", "public"."Category"."userId", "public"."Category"."createdAt", "public"."Category"."updatedAt" FROM "public"."Category" WHERE ("public"."Category"."userId" = $1 OR "public"."Category"."userId" IS NULL) ORDER BY "public"."Category"."type" ASC, "public"."Category"."nameFa" ASC OFFSET $2
 GET /api/categories 200 in 279ms (next.js: 24ms, proxy.ts: 171ms, application-code: 85ms)
 GET /api/auth/session 200 in 304ms (next.js: 56ms, proxy.ts: 177ms, application-code: 71ms)
 GET /dashboard/chat 200 in 621ms (next.js: 29ms, proxy.ts: 191ms, application-code: 401ms)
 GET /api/categories 200 in 186ms (next.js: 33ms, proxy.ts: 60ms, application-code: 94ms)
prisma:query SELECT "public"."Category"."id", "public"."Category"."name", "public"."Category"."nameFa", "public"."Category"."icon", "public"."Category"."color", "public"."Category"."type"::text, "public"."Category"."isDefault", "public"."Category"."userId", "public"."Category"."createdAt", "public"."Category"."updatedAt" FROM "public"."Category" WHERE ("public"."Category"."userId" = $1 OR "public"."Category"."userId" IS NULL) ORDER BY "public"."Category"."type" ASC, "public"."Category"."nameFa" ASC OFFSET $2
 GET /login 200 in 181ms (next.js: 5ms, proxy.ts: 11ms, application-code: 165ms)
prisma:query SELECT "public"."Category"."id", "public"."Category"."name", "public"."Category"."nameFa", "public"."Category"."icon", "public"."Category"."color", "public"."Category"."type"::text, "public"."Category"."isDefault", "public"."Category"."userId", "public"."Category"."createdAt", "public"."Category"."updatedAt" FROM "public"."Category" WHERE ("public"."Category"."userId" = $1 OR "public"."Category"."userId" IS NULL) ORDER BY "public"."Category"."type" ASC, "public"."Category"."nameFa" ASC OFFSET $2
 GET /api/categories 200 in 196ms (next.js: 9ms, proxy.ts: 61ms, application-code: 125ms)
 GET /api/auth/session 200 in 263ms (next.js: 36ms, proxy.ts: 71ms, application-code: 157ms)
prisma:query SELECT "public"."Category"."id", "public"."Category"."name", "public"."Category"."nameFa", "public"."Category"."icon", "public"."Category"."type"::text FROM "public"."Category" WHERE (("public"."Category"."userId" = $1 OR "public"."Category"."userId" IS NULL) AND "public"."Category"."type" = CAST($2::text AS "public"."TransactionType")) OFFSET $3
 GET /api/auth/session 200 in 391ms (next.js: 105ms, proxy.ts: 179ms, application-code: 107ms)
prisma:query SELECT COUNT(*) AS "_count$_all" FROM (SELECT "public"."Category"."id" FROM "public"."Category" WHERE "public"."Category"."userId" = $1 OFFSET $2) AS "sub"
prisma:query SELECT "public"."Category"."id", "public"."Category"."name", "public"."Category"."nameFa", "public"."Category"."icon", "public"."Category"."type"::text FROM "public"."Category" WHERE (("public"."Category"."userId" = $1 OR "public"."Category"."userId" IS NULL) AND "public"."Category"."type" = CAST($2::text AS "public"."TransactionType")) OFFSET $3
 GET /api/auth/session 200 in 170ms (next.js: 77ms, proxy.ts: 59ms, application-code: 34ms)
 GET /login 200 in 229ms (next.js: 92ms, proxy.ts: 29ms, application-code: 107ms)
 GET /api/auth/session 200 in 101ms (next.js: 27ms, proxy.ts: 29ms, application-code: 45ms)
prisma:query SELECT SUM("amount") AS "_sum$amount", COUNT(*) AS "_count$_all" FROM (SELECT "public"."Transaction"."amount", "public"."Transaction"."id" FROM "public"."Transaction" WHERE ("public"."Transaction"."userId" = $1 AND "public"."Transaction"."type" = CAST($2::text AS "public"."TransactionType")) OFFSET $3) AS "sub"
prisma:query SELECT SUM("amount") AS "_sum$amount", COUNT(*) AS "_count$_all" FROM (SELECT "public"."Transaction"."amount", "public"."Transaction"."id" FROM "public"."Transaction" WHERE ("public"."Transaction"."userId" = $1 AND "public"."Transaction"."type" = CAST($2::text AS "public"."TransactionType")) OFFSET $3) AS "sub"
prisma:query SELECT "public"."Category"."id", "public"."Category"."name", "public"."Category"."nameFa", "public"."Category"."icon", "public"."Category"."type"::text FROM "public"."Category" WHERE "public"."Category"."userId" = $1 OFFSET $2
prisma:query SELECT "public"."Transaction"."id", "public"."Transaction"."amount", "public"."Transaction"."type"::text, "public"."Transaction"."description", "public"."Transaction"."date", "public"."Transaction"."receiptUrl", "public"."Transaction"."userId", "public"."Transaction"."categoryId", "public"."Transaction"."createdAt", "public"."Transaction"."updatedAt" FROM "public"."Transaction" WHERE "public"."Transaction"."userId" = $1 ORDER BY "public"."Transaction"."date" DESC LIMIT $2 OFFSET $3
 POST /api/chat 200 in 195ms (next.js: 36ms, proxy.ts: 61ms, application-code: 99ms)
prisma:query SELECT "public"."Category"."id", "public"."Category"."nameFa", "public"."Category"."icon", "public"."Category"."type"::text FROM "public"."Category" WHERE "public"."Category"."id" IN ($1,$2,$3,$4,$5,$6,$7,$8,$9,$10,$11,$12,$13,$14,$15) OFFSET $16
 GET /api/auth/session 200 in 20ms (next.js: 7ms, proxy.ts: 6ms, application-code: 6ms)
 GET /api/auth/session 200 in 20ms (next.js: 8ms, proxy.ts: 4ms, application-code: 8ms)
 GET /api/auth/session 200 in 23ms (next.js: 11ms, proxy.ts: 6ms, application-code: 6ms)
[11:20:50 UTC] [33mWARN[39m: [36mZhipu categorization failed, using fallback[39m
    [35mservice[39m: "finance-app"
    [35muserId[39m: "cmspyvf2w0000u4vsyj6pjwgw"
    [35mdescription[39m: "تست تراکنش"
    error: {
      "status": 401,
      "headers": {},
      "requestID": null,
      "error": {
        "code": "401",
        "message": "令牌已过期或验证不正确"
      },
      "code": "401"
    }
prisma:query INSERT INTO "public"."Transaction" ("id","amount","type","description","date","userId","categoryId","createdAt","updatedAt") VALUES ($1,$2,CAST($3::text AS "public"."TransactionType"),$4,$5,$6,$7,$8,$9) RETURNING "public"."Transaction"."id"
prisma:query SELECT "public"."Transaction"."id", "public"."Transaction"."amount", "public"."Transaction"."type"::text, "public"."Transaction"."description", "public"."Transaction"."date", "public"."Transaction"."receiptUrl", "public"."Transaction"."userId", "public"."Transaction"."categoryId", "public"."Transaction"."createdAt", "public"."Transaction"."updatedAt" FROM "public"."Transaction" WHERE "public"."Transaction"."id" = $1 LIMIT $2 OFFSET $3
prisma:query SELECT "public"."Category"."id", "public"."Category"."name", "public"."Category"."nameFa", "public"."Category"."icon", "public"."Category"."color" FROM "public"."Category" WHERE "public"."Category"."id" = $1 OFFSET $2
prisma:query COMMIT
 POST /api/transactions 201 in 1503ms (next.js: 22ms, proxy.ts: 160ms, application-code: 1321ms)
[11:20:50 UTC] [32mINFO[39m: [36mTransaction created[39m
    [35mservice[39m: "finance-app"
    [35muserId[39m: "cmspyvf2w0000u4vsyj6pjwgw"
    [35mtransactionId[39m: "cmsq00awu008tnuvs6n95rnaf"
    [35mcategorization[39m: "fallback"
 POST /api/transactions/categorize 200 in 1707ms (next.js: 74ms, proxy.ts: 175ms, application-code: 1458ms)
[11:20:50 UTC] [33mWARN[39m: [36mZhipu categorization failed, using fallback[39m
    [35mservice[39m: "finance-app"
    [35muserId[39m: "cmspyvf2w0000u4vsyj6pjwgw"
    [35mdescription[39m: "تست تراکنش"
    error: {
      "status": 401,
      "headers": {},
      "requestID": null,
      "error": {
        "code": "401",
        "message": "令牌已过期或验证不正确"
      },
      "code": "401"
    }
 GET /dashboard/transactions 200 in 87ms (next.js: 32ms, proxy.ts: 19ms, application-code: 36ms)
 GET /dashboard/transactions 200 in 103ms (next.js: 5ms, proxy.ts: 17ms, application-code: 81ms)
prisma:query SELECT "public"."Category"."id", "public"."Category"."name", "public"."Category"."nameFa", "public"."Category"."icon", "public"."Category"."color", "public"."Category"."type"::text, "public"."Category"."isDefault", "public"."Category"."userId", "public"."Category"."createdAt", "public"."Category"."updatedAt" FROM "public"."Category" WHERE ("public"."Category"."userId" = $1 OR "public"."Category"."userId" IS NULL) ORDER BY "public"."Category"."type" ASC, "public"."Category"."nameFa" ASC OFFSET $2
 GET /api/categories 200 in 71ms (next.js: 9ms, proxy.ts: 29ms, application-code: 33ms)
 GET /api/transactions?sortBy=date&sortOrder=desc&page=1&limit=20 400 in 74ms (next.js: 14ms, proxy.ts: 31ms, application-code: 29ms)
prisma:query SELECT "public"."Category"."id", "public"."Category"."name", "public"."Category"."nameFa", "public"."Category"."icon", "public"."Category"."color", "public"."Category"."type"::text, "public"."Category"."isDefault", "public"."Category"."userId", "public"."Category"."createdAt", "public"."Category"."updatedAt" FROM "public"."Category" WHERE ("public"."Category"."userId" = $1 OR "public"."Category"."userId" IS NULL) ORDER BY "public"."Category"."type" ASC, "public"."Category"."nameFa" ASC OFFSET $2
 GET /api/categories 200 in 67ms (next.js: 9ms, proxy.ts: 29ms, application-code: 29ms)
 GET /api/transactions?sortBy=date&sortOrder=desc&page=1&limit=20 400 in 64ms (next.js: 11ms, proxy.ts: 28ms, application-code: 25ms)
[11:20:50 UTC] [33mWARN[39m: [36mAssistant request failed[39m
    [35mservice[39m: "finance-app"
    [35muserId[39m: "cmspyvf2w0000u4vsyj6pjwgw"
    error: {
      "status": 401,
      "headers": {},
      "requestID": null,
      "error": {
        "code": "401",
        "message": "令牌已过期或验证不正确"
      },
      "code": "401"
    }
[11:20:50 UTC] [32mINFO[39m: [36mAssistant answered[39m
    [35mservice[39m: "finance-app"
    [35muserId[39m: "cmspyvf2w0000u4vsyj6pjwgw"
    [35mfallback[39m: true
 GET /login 200 in 59ms (next.js: 4ms, proxy.ts: 5ms, application-code: 51ms)
 GET /dashboard/chat 200 in 61ms (next.js: 3ms, proxy.ts: 11ms, application-code: 47ms)
prisma:query SELECT "public"."Category"."id", "public"."Category"."name", "public"."Category"."nameFa", "public"."Category"."icon", "public"."Category"."type"::text FROM "public"."Category" WHERE "public"."Category"."userId" = $1 OFFSET $2
prisma:query SELECT SUM("amount") AS "_sum$amount", COUNT(*) AS "_count$_all" FROM (SELECT "public"."Transaction"."amount", "public"."Transaction"."id" FROM "public"."Transaction" WHERE ("public"."Transaction"."userId" = $1 AND "public"."Transaction"."type" = CAST($2::text AS "public"."TransactionType")) OFFSET $3) AS "sub"
prisma:query SELECT "public"."Transaction"."id", "public"."Transaction"."amount", "public"."Transaction"."type"::text, "public"."Transaction"."description", "public"."Transaction"."date", "public"."Transaction"."receiptUrl", "public"."Transaction"."userId", "public"."Transaction"."categoryId", "public"."Transaction"."createdAt", "public"."Transaction"."updatedAt" FROM "public"."Transaction" WHERE "public"."Transaction"."userId" = $1 ORDER BY "public"."Transaction"."date" DESC LIMIT $2 OFFSET $3
prisma:query SELECT SUM("amount") AS "_sum$amount", COUNT(*) AS "_count$_all" FROM (SELECT "public"."Transaction"."amount", "public"."Transaction"."id" FROM "public"."Transaction" WHERE ("public"."Transaction"."userId" = $1 AND "public"."Transaction"."type" = CAST($2::text AS "public"."TransactionType")) OFFSET $3) AS "sub"
prisma:query SELECT "public"."Category"."id", "public"."Category"."nameFa", "public"."Category"."icon", "public"."Category"."type"::text FROM "public"."Category" WHERE "public"."Category"."id" IN ($1) OFFSET $2
 POST /api/chat 200 in 2.2s (next.js: 5ms, proxy.ts: 25ms, application-code: 2.2s)
[11:22:33 UTC] [33mWARN[39m: [36mAssistant request failed[39m
    [35mservice[39m: "finance-app"
    [35muserId[39m: "cmspzmnlr005knuvsiozmiqlv"
    error: {
      "status": 401,
      "headers": {},
      "requestID": null,
      "error": {
        "code": "401",
        "message": "令牌已过期或验证不正确"
      },
      "code": "401"
    }
[11:22:33 UTC] [32mINFO[39m: [36mAssistant answered[39m
    [35mservice[39m: "finance-app"
    [35muserId[39m: "cmspzmnlr005knuvsiozmiqlv"
    [35mfallback[39m: true
prisma:query SELECT "public"."Transaction"."id", "public"."Transaction"."amount", "public"."Transaction"."type"::text, "public"."Transaction"."description", "public"."Transaction"."date", "public"."Transaction"."receiptUrl", "public"."Transaction"."userId", "public"."Transaction"."categoryId", "public"."Transaction"."createdAt", "public"."Transaction"."updatedAt" FROM "public"."Transaction" WHERE "public"."Transaction"."userId" = $1 ORDER BY "public"."Transaction"."date" DESC LIMIT $2 OFFSET $3
prisma:query SELECT SUM("amount") AS "_sum$amount", COUNT(*) AS "_count$_all" FROM (SELECT "public"."Transaction"."amount", "public"."Transaction"."id" FROM "public"."Transaction" WHERE ("public"."Transaction"."userId" = $1 AND "public"."Transaction"."type" = CAST($2::text AS "public"."TransactionType")) OFFSET $3) AS "sub"
prisma:query SELECT "public"."Category"."id", "public"."Category"."name", "public"."Category"."nameFa", "public"."Category"."icon", "public"."Category"."type"::text FROM "public"."Category" WHERE "public"."Category"."userId" = $1 OFFSET $2
prisma:query SELECT SUM("amount") AS "_sum$amount", COUNT(*) AS "_count$_all" FROM (SELECT "public"."Transaction"."amount", "public"."Transaction"."id" FROM "public"."Transaction" WHERE ("public"."Transaction"."userId" = $1 AND "public"."Transaction"."type" = CAST($2::text AS "public"."TransactionType")) OFFSET $3) AS "sub"
prisma:query SELECT "public"."Category"."id", "public"."Category"."nameFa", "public"."Category"."icon", "public"."Category"."type"::text FROM "public"."Category" WHERE "public"."Category"."id" IN ($1) OFFSET $2
 POST /api/chat 200 in 1609ms (next.js: 4ms, proxy.ts: 29ms, application-code: 1576ms)
[11:22:43 UTC] [33mWARN[39m: [36mAssistant request failed[39m
    [35mservice[39m: "finance-app"
    [35muserId[39m: "cmspzmnlr005knuvsiozmiqlv"
    error: {
      "status": 401,
      "headers": {},
      "requestID": null,
      "error": {
        "code": "401",
        "message": "令牌已过期或验证不正确"
      },
      "code": "401"
    }
[11:22:43 UTC] [32mINFO[39m: [36mAssistant answered[39m
    [35mservice[39m: "finance-app"
    [35muserId[39m: "cmspzmnlr005knuvsiozmiqlv"
    [35mfallback[39m: true
 GET /dashboard 200 in 64ms (next.js: 9ms, proxy.ts: 17ms, application-code: 39ms)
prisma:query SELECT "public"."Transaction"."id", "public"."Transaction"."amount", "public"."Transaction"."type"::text, "public"."Transaction"."description", "public"."Transaction"."date", "public"."Transaction"."receiptUrl", "public"."Transaction"."userId", "public"."Transaction"."categoryId", "public"."Transaction"."createdAt", "public"."Transaction"."updatedAt" FROM "public"."Transaction" WHERE "public"."Transaction"."userId" = $1 ORDER BY "public"."Transaction"."date" DESC LIMIT $2 OFFSET $3
prisma:query SELECT SUM("amount") AS "_sum$amount", COUNT(*) AS "_count$_all" FROM (SELECT "public"."Transaction"."amount", "public"."Transaction"."id" FROM "public"."Transaction" WHERE ("public"."Transaction"."userId" = $1 AND "public"."Transaction"."type" = CAST($2::text AS "public"."TransactionType")) OFFSET $3) AS "sub"
prisma:query SELECT SUM("amount") AS "_sum$amount", COUNT(*) AS "_count$_all" FROM (SELECT "public"."Transaction"."amount", "public"."Transaction"."id" FROM "public"."Transaction" WHERE ("public"."Transaction"."userId" = $1 AND "public"."Transaction"."type" = CAST($2::text AS "public"."TransactionType")) OFFSET $3) AS "sub"
prisma:query SELECT SUM("public"."Transaction"."amount") AS "_sum$amount", COUNT(*) AS "_count$_all", "public"."Transaction"."categoryId", "public"."Transaction"."type"::text FROM "public"."Transaction" WHERE "public"."Transaction"."userId" = $1 GROUP BY "public"."Transaction"."categoryId", "public"."Transaction"."type" ORDER BY SUM("public"."Transaction"."amount") DESC OFFSET $2
prisma:query SELECT "public"."Category"."id", "public"."Category"."name", "public"."Category"."nameFa", "public"."Category"."icon", "public"."Category"."color" FROM "public"."Category" WHERE "public"."Category"."id" IN ($1) OFFSET $2
prisma:query SELECT "public"."Category"."id", "public"."Category"."name", "public"."Category"."nameFa", "public"."Category"."icon", "public"."Category"."color", "public"."Category"."type"::text FROM "public"."Category" WHERE ("public"."Category"."userId" = $1 OR "public"."Category"."userId" IS NULL) OFFSET $2
 GET /api/dashboard 200 in 77ms (next.js: 3ms, proxy.ts: 16ms, application-code: 58ms)
prisma:query SELECT "public"."Transaction"."id", "public"."Transaction"."amount", "public"."Transaction"."type"::text, "public"."Transaction"."description", "public"."Transaction"."date", "public"."Transaction"."receiptUrl", "public"."Transaction"."userId", "public"."Transaction"."categoryId", "public"."Transaction"."createdAt", "public"."Transaction"."updatedAt" FROM "public"."Transaction" WHERE "public"."Transaction"."userId" = $1 ORDER BY "public"."Transaction"."date" DESC LIMIT $2 OFFSET $3
prisma:query SELECT SUM("amount") AS "_sum$amount", COUNT(*) AS "_count$_all" FROM (SELECT "public"."Transaction"."amount", "public"."Transaction"."id" FROM "public"."Transaction" WHERE ("public"."Transaction"."userId" = $1 AND "public"."Transaction"."type" = CAST($2::text AS "public"."TransactionType")) OFFSET $3) AS "sub"
prisma:query SELECT SUM("public"."Transaction"."amount") AS "_sum$amount", COUNT(*) AS "_count$_all", "public"."Transaction"."categoryId", "public"."Transaction"."type"::text FROM "public"."Transaction" WHERE "public"."Transaction"."userId" = $1 GROUP BY "public"."Transaction"."categoryId", "public"."Transaction"."type" ORDER BY SUM("public"."Transaction"."amount") DESC OFFSET $2
prisma:query SELECT SUM("amount") AS "_sum$amount", COUNT(*) AS "_count$_all" FROM (SELECT "public"."Transaction"."amount", "public"."Transaction"."id" FROM "public"."Transaction" WHERE ("public"."Transaction"."userId" = $1 AND "public"."Transaction"."type" = CAST($2::text AS "public"."TransactionType")) OFFSET $3) AS "sub"
prisma:query SELECT "public"."Category"."id", "public"."Category"."name", "public"."Category"."nameFa", "public"."Category"."icon", "public"."Category"."color" FROM "public"."Category" WHERE "public"."Category"."id" IN ($1) OFFSET $2
prisma:query SELECT "public"."Category"."id", "public"."Category"."name", "public"."Category"."nameFa", "public"."Category"."icon", "public"."Category"."color", "public"."Category"."type"::text FROM "public"."Category" WHERE ("public"."Category"."userId" = $1 OR "public"."Category"."userId" IS NULL) OFFSET $2
 GET /api/dashboard 200 in 63ms (next.js: 5ms, proxy.ts: 14ms, application-code: 44ms)
 GET /dashboard/transactions/new 200 in 53ms (next.js: 4ms, proxy.ts: 15ms, application-code: 35ms)
prisma:query SELECT "public"."Category"."id", "public"."Category"."name", "public"."Category"."nameFa", "public"."Category"."icon", "public"."Category"."color", "public"."Category"."type"::text, "public"."Category"."isDefault", "public"."Category"."userId", "public"."Category"."createdAt", "public"."Category"."updatedAt" FROM "public"."Category" WHERE ("public"."Category"."userId" = $1 OR "public"."Category"."userId" IS NULL) ORDER BY "public"."Category"."type" ASC, "public"."Category"."nameFa" ASC OFFSET $2
 GET /api/categories 200 in 38ms (next.js: 4ms, proxy.ts: 14ms, application-code: 20ms)
prisma:query SELECT "public"."Category"."id", "public"."Category"."name", "public"."Category"."nameFa", "public"."Category"."icon", "public"."Category"."color", "public"."Category"."type"::text, "public"."Category"."isDefault", "public"."Category"."userId", "public"."Category"."createdAt", "public"."Category"."updatedAt" FROM "public"."Category" WHERE ("public"."Category"."userId" = $1 OR "public"."Category"."userId" IS NULL) ORDER BY "public"."Category"."type" ASC, "public"."Category"."nameFa" ASC OFFSET $2
 GET /api/categories 200 in 40ms (next.js: 4ms, proxy.ts: 14ms, application-code: 23ms)
 GET /dashboard/transactions 200 in 44ms (next.js: 5ms, proxy.ts: 11ms, application-code: 28ms)
 GET /api/transactions?sortBy=date&sortOrder=desc&page=1&limit=20 400 in 85ms (next.js: 12ms, proxy.ts: 38ms, application-code: 34ms)
prisma:query SELECT "public"."Category"."id", "public"."Category"."name", "public"."Category"."nameFa", "public"."Category"."icon", "public"."Category"."color", "public"."Category"."type"::text, "public"."Category"."isDefault", "public"."Category"."userId", "public"."Category"."createdAt", "public"."Category"."updatedAt" FROM "public"."Category" WHERE ("public"."Category"."userId" = $1 OR "public"."Category"."userId" IS NULL) ORDER BY "public"."Category"."type" ASC, "public"."Category"."nameFa" ASC OFFSET $2
 GET /api/categories 200 in 98ms (next.js: 8ms, proxy.ts: 39ms, application-code: 50ms)
 GET /api/transactions?sortBy=date&sortOrder=desc&page=1&limit=20 400 in 94ms (next.js: 16ms, proxy.ts: 41ms, application-code: 38ms)
prisma:query SELECT "public"."Category"."id", "public"."Category"."name", "public"."Category"."nameFa", "public"."Category"."icon", "public"."Category"."color", "public"."Category"."type"::text, "public"."Category"."isDefault", "public"."Category"."userId", "public"."Category"."createdAt", "public"."Category"."updatedAt" FROM "public"."Category" WHERE ("public"."Category"."userId" = $1 OR "public"."Category"."userId" IS NULL) ORDER BY "public"."Category"."type" ASC, "public"."Category"."nameFa" ASC OFFSET $2
 GET /api/categories 200 in 46ms (next.js: 5ms, proxy.ts: 17ms, application-code: 24ms)
 GET /dashboard/categories 200 in 44ms (next.js: 3ms, proxy.ts: 11ms, application-code: 31ms)
prisma:query SELECT "public"."Category"."id", "public"."Category"."name", "public"."Category"."nameFa", "public"."Category"."icon", "public"."Category"."color", "public"."Category"."type"::text, "public"."Category"."isDefault", "public"."Category"."userId", "public"."Category"."createdAt", "public"."Category"."updatedAt" FROM "public"."Category" WHERE ("public"."Category"."userId" = $1 OR "public"."Category"."userId" IS NULL) ORDER BY "public"."Category"."type" ASC, "public"."Category"."nameFa" ASC OFFSET $2
 GET /api/categories 200 in 38ms (next.js: 3ms, proxy.ts: 16ms, application-code: 19ms)
prisma:query SELECT "public"."Category"."id", "public"."Category"."name", "public"."Category"."nameFa", "public"."Category"."icon", "public"."Category"."color", "public"."Category"."type"::text, "public"."Category"."isDefault", "public"."Category"."userId", "public"."Category"."createdAt", "public"."Category"."updatedAt" FROM "public"."Category" WHERE ("public"."Category"."userId" = $1 OR "public"."Category"."userId" IS NULL) ORDER BY "public"."Category"."type" ASC, "public"."Category"."nameFa" ASC OFFSET $2
 GET /api/categories 200 in 40ms (next.js: 5ms, proxy.ts: 12ms, application-code: 22ms)
 GET /dashboard 200 in 60ms (next.js: 5ms, proxy.ts: 16ms, application-code: 39ms)
prisma:query SELECT SUM("amount") AS "_sum$amount", COUNT(*) AS "_count$_all" FROM (SELECT "public"."Transaction"."amount", "public"."Transaction"."id" FROM "public"."Transaction" WHERE ("public"."Transaction"."userId" = $1 AND "public"."Transaction"."type" = CAST($2::text AS "public"."TransactionType")) OFFSET $3) AS "sub"
prisma:query SELECT "public"."Transaction"."id", "public"."Transaction"."amount", "public"."Transaction"."type"::text, "public"."Transaction"."description", "public"."Transaction"."date", "public"."Transaction"."receiptUrl", "public"."Transaction"."userId", "public"."Transaction"."categoryId", "public"."Transaction"."createdAt", "public"."Transaction"."updatedAt" FROM "public"."Transaction" WHERE "public"."Transaction"."userId" = $1 ORDER BY "public"."Transaction"."date" DESC LIMIT $2 OFFSET $3
prisma:query SELECT SUM("amount") AS "_sum$amount", COUNT(*) AS "_count$_all" FROM (SELECT "public"."Transaction"."amount", "public"."Transaction"."id" FROM "public"."Transaction" WHERE ("public"."Transaction"."userId" = $1 AND "public"."Transaction"."type" = CAST($2::text AS "public"."TransactionType")) OFFSET $3) AS "sub"
prisma:query SELECT SUM("public"."Transaction"."amount") AS "_sum$amount", COUNT(*) AS "_count$_all", "public"."Transaction"."categoryId", "public"."Transaction"."type"::text FROM "public"."Transaction" WHERE "public"."Transaction"."userId" = $1 GROUP BY "public"."Transaction"."categoryId", "public"."Transaction"."type" ORDER BY SUM("public"."Transaction"."amount") DESC OFFSET $2
prisma:query SELECT "public"."Category"."id", "public"."Category"."name", "public"."Category"."nameFa", "public"."Category"."icon", "public"."Category"."color" FROM "public"."Category" WHERE "public"."Category"."id" IN ($1) OFFSET $2
prisma:query SELECT "public"."Category"."id", "public"."Category"."name", "public"."Category"."nameFa", "public"."Category"."icon", "public"."Category"."color", "public"."Category"."type"::text FROM "public"."Category" WHERE ("public"."Category"."userId" = $1 OR "public"."Category"."userId" IS NULL) OFFSET $2
 GET /api/dashboard 200 in 69ms (next.js: 4ms, proxy.ts: 13ms, application-code: 52ms)
prisma:query SELECT "public"."Transaction"."id", "public"."Transaction"."amount", "public"."Transaction"."type"::text, "public"."Transaction"."description", "public"."Transaction"."date", "public"."Transaction"."receiptUrl", "public"."Transaction"."userId", "public"."Transaction"."categoryId", "public"."Transaction"."createdAt", "public"."Transaction"."updatedAt" FROM "public"."Transaction" WHERE "public"."Transaction"."userId" = $1 ORDER BY "public"."Transaction"."date" DESC LIMIT $2 OFFSET $3
prisma:query SELECT SUM("amount") AS "_sum$amount", COUNT(*) AS "_count$_all" FROM (SELECT "public"."Transaction"."amount", "public"."Transaction"."id" FROM "public"."Transaction" WHERE ("public"."Transaction"."userId" = $1 AND "public"."Transaction"."type" = CAST($2::text AS "public"."TransactionType")) OFFSET $3) AS "sub"
prisma:query SELECT "public"."Category"."id", "public"."Category"."name", "public"."Category"."nameFa", "public"."Category"."icon", "public"."Category"."color" FROM "public"."Category" WHERE "public"."Category"."id" IN ($1) OFFSET $2
prisma:query SELECT SUM("public"."Transaction"."amount") AS "_sum$amount", COUNT(*) AS "_count$_all", "public"."Transaction"."categoryId", "public"."Transaction"."type"::text FROM "public"."Transaction" WHERE "public"."Transaction"."userId" = $1 GROUP BY "public"."Transaction"."categoryId", "public"."Transaction"."type" ORDER BY SUM("public"."Transaction"."amount") DESC OFFSET $2
prisma:query SELECT SUM("amount") AS "_sum$amount", COUNT(*) AS "_count$_all" FROM (SELECT "public"."Transaction"."amount", "public"."Transaction"."id" FROM "public"."Transaction" WHERE ("public"."Transaction"."userId" = $1 AND "public"."Transaction"."type" = CAST($2::text AS "public"."TransactionType")) OFFSET $3) AS "sub"
prisma:query SELECT "public"."Category"."id", "public"."Category"."name", "public"."Category"."nameFa", "public"."Category"."icon", "public"."Category"."color", "public"."Category"."type"::text FROM "public"."Category" WHERE ("public"."Category"."userId" = $1 OR "public"."Category"."userId" IS NULL) OFFSET $2
 GET /api/dashboard 200 in 51ms (next.js: 4ms, proxy.ts: 16ms, application-code: 31ms)
 GET /dashboard/chat 200 in 53ms (next.js: 6ms, proxy.ts: 14ms, application-code: 33ms)
 GET /login?callbackUrl=%2Fdashboard 200 in 65ms (next.js: 4ms, proxy.ts: 4ms, application-code: 57ms)
 GET /api/auth/session 200 in 73ms (next.js: 56ms, proxy.ts: 4ms, application-code: 13ms)
 GET /api/auth/session 200 in 17ms (next.js: 6ms, proxy.ts: 6ms, application-code: 5ms)
prisma:query SELECT "public"."Transaction"."id", "public"."Transaction"."amount", "public"."Transaction"."type"::text, "public"."Transaction"."description", "public"."Transaction"."date", "public"."Transaction"."receiptUrl", "public"."Transaction"."userId", "public"."Transaction"."categoryId", "public"."Transaction"."createdAt", "public"."Transaction"."updatedAt" FROM "public"."Transaction" WHERE "public"."Transaction"."userId" = $1 ORDER BY "public"."Transaction"."date" DESC LIMIT $2 OFFSET $3
prisma:query SELECT SUM("amount") AS "_sum$amount", COUNT(*) AS "_count$_all" FROM (SELECT "public"."Transaction"."amount", "public"."Transaction"."id" FROM "public"."Transaction" WHERE ("public"."Transaction"."userId" = $1 AND "public"."Transaction"."type" = CAST($2::text AS "public"."TransactionType")) OFFSET $3) AS "sub"
prisma:query SELECT "public"."Category"."id", "public"."Category"."name", "public"."Category"."nameFa", "public"."Category"."icon", "public"."Category"."type"::text FROM "public"."Category" WHERE "public"."Category"."userId" = $1 OFFSET $2
prisma:query SELECT "public"."Category"."id", "public"."Category"."nameFa", "public"."Category"."icon", "public"."Category"."type"::text FROM "public"."Category" WHERE "public"."Category"."id" IN ($1) OFFSET $2
prisma:query SELECT SUM("amount") AS "_sum$amount", COUNT(*) AS "_count$_all" FROM (SELECT "public"."Transaction"."amount", "public"."Transaction"."id" FROM "public"."Transaction" WHERE ("public"."Transaction"."userId" = $1 AND "public"."Transaction"."type" = CAST($2::text AS "public"."TransactionType")) OFFSET $3) AS "sub"
 POST /api/chat 200 in 2.4s (next.js: 5ms, proxy.ts: 16ms, application-code: 2.4s)
[11:23:58 UTC] [33mWARN[39m: [36mAssistant request failed[39m
    [35mservice[39m: "finance-app"
    [35muserId[39m: "cmspzmnlr005knuvsiozmiqlv"
    error: {
      "status": 401,
      "headers": {},
      "requestID": null,
      "error": {
        "code": "401",
        "message": "令牌已过期或验证不正确"
      },
      "code": "401"
    }
[11:23:58 UTC] [32mINFO[39m: [36mAssistant answered[39m
    [35mservice[39m: "finance-app"
    [35muserId[39m: "cmspzmnlr005knuvsiozmiqlv"
    [35mfallback[39m: true
  Reload env: .env
 GET /dashboard/chat 200 in 445ms (next.js: 136ms, proxy.ts: 118ms, application-code: 191ms)
  Reload env: .env
[31m[auth][error][0m JWTSessionError: Read more at https://errors.authjs.dev#jwtsessionerror
[31m[auth][cause][0m: Error: no matching decryption secret
    at clockTolerance (/home/ashimashi/ai-financial-analyst/.next/dev/server/edge/chunks/node_modules_@auth_core_0sgsz4j._.js:915:15)
    at async decryptRecipient (/home/ashimashi/ai-financial-analyst/.next/dev/server/edge/chunks/node_modules_jose_dist_webapi_003.4fh._.js:2803:15)
    at async jwtDecrypt (/home/ashimashi/ai-financial-analyst/.next/dev/server/edge/chunks/node_modules_jose_dist_webapi_003.4fh._.js:2877:23)
    at async Object.decode (/home/ashimashi/ai-financial-analyst/.next/dev/server/edge/chunks/node_modules_@auth_core_0sgsz4j._.js:905:25)
    at async Module.session (/home/ashimashi/ai-financial-analyst/.next/dev/server/edge/chunks/node_modules_@auth_core_0sgsz4j._.js:4558:29)
    at async AuthInternal (/home/ashimashi/ai-financial-analyst/.next/dev/server/edge/chunks/node_modules_@auth_core_0sgsz4j._.js:5165:24)
    at async Auth (/home/ashimashi/ai-financial-analyst/.next/dev/server/edge/chunks/node_modules_@auth_core_0sgsz4j._.js:5404:34)
    at async handleAuth (/home/ashimashi/ai-financial-analyst/.next/dev/server/edge/chunks/node_modules_0k5fsra._.js:4034:29)
    at async /home/ashimashi/ai-financial-analyst/.next/dev/server/edge/chunks/node_modules_next_dist_0.a-g8_._.js:20166:20
    at async /home/ashimashi/ai-financial-analyst/.next/dev/server/edge/chunks/node_modules_next_dist_0.a-g8_._.js:7808:28
[31m[auth][details][0m: {}
 GET /login?callbackUrl=%2Fdashboard%2Fchat 200 in 208ms (next.js: 138ms, proxy.ts: 7ms, application-code: 63ms)
[?25h
